Date,month,year,Local Site Name,County,mean_latitude,mean_longitude,Ozone,PM 2.5
2024-01-01,1,2024,Bryson City,Swain,35.434767,-83.442133,,43.0
2024-01-01,1,2024,Castle Hayne,New Hanover,34.364167,-77.838611,,44.5
2024-01-01,1,2024,Clemmons Middle,Forsyth,36.026612,-80.341962,,47.5
2024-01-01,1,2024,Durham Armory,Durham,36.0329550008979,-78.904037,,61.0
2024-01-01,1,2024,Frying Pan Mountain,Haywood,35.379167,-82.7925,,14.0
2024-01-01,1,2024,Garinger High School,Mecklenburg,35.2401000008895,-80.785683,28.0,42.0
2024-01-01,1,2024,Hattie Avenue,Forsyth,36.11094,-80.224501,,48.0
2024-01-01,1,2024,Leggett,Edgecombe,35.988278,-77.5843,,38.0
2024-01-01,1,2024,Linville Falls,Avery,35.972347,-81.933072,,14.0
2024-01-01,1,2024,Mendenhall School,Guilford,36.1090060008986,-79.802314,,53.0
2024-01-01,1,2024,Millbrook School,Wake,35.856111,-78.574167,25.0,61.5
2024-01-01,1,2024,Old High School,Swain,35.498711,-83.310242,,23.0
2024-01-01,1,2024,Pitt Agri. Center,Pitt,35.6412760008938,-77.360126,,46.0
2024-01-01,1,2024,Rockwell,Rowan,35.551868,-80.395039,27.0,36.0
2024-01-01,1,2024,West Johnston Co.,Johnston,35.59095,-78.4622,,46.0
2024-01-02,1,2024,Bryson City,Swain,35.434767,-83.442133,,21.0
2024-01-02,1,2024,Castle Hayne,New Hanover,34.364167,-77.838611,,20.5
2024-01-02,1,2024,Clemmons Middle,Forsyth,36.026612,-80.341962,,37.0
2024-01-02,1,2024,Durham Armory,Durham,36.0329550008979,-78.904037,,49.0
2024-01-02,1,2024,Garinger High School,Mecklenburg,35.2401000008895,-80.785683,23.0,32.0
2024-01-02,1,2024,Hattie Avenue,Forsyth,36.11094,-80.224501,,33.0
2024-01-02,1,2024,Leggett,Edgecombe,35.988278,-77.5843,,18.0
2024-01-02,1,2024,Mendenhall School,Guilford,36.1090060008986,-79.802314,,33.0
2024-01-02,1,2024,Millbrook School,Wake,35.856111,-78.574167,23.0,32.0
2024-01-02,1,2024,Pitt Agri. Center,Pitt,35.6412760008938,-77.360126,,12.0
2024-01-02,1,2024,Rockwell,Rowan,35.551868,-80.395039,26.0,24.0
2024-01-02,1,2024,West Johnston Co.,Johnston,35.59095,-78.4622,,19.0
2024-01-03,1,2024,Bryson City,Swain,35.434767,-83.442133,,34.0
2024-01-03,1,2024,Castle Hayne,New Hanover,34.364167,-77.838611,,42.0
2024-01-03,1,2024,Clemmons Middle,Forsyth,36.026612,-80.341962,,58.0
2024-01-03,1,2024,Durham Armory,Durham,36.0329550008979,-78.904037,,59.0
2024-01-03,1,2024,Garinger High School,Mecklenburg,35.2401000008895,-80.785683,21.0,52.0
2024-01-03,1,2024,Hattie Avenue,Forsyth,36.11094,-80.224501,,56.0
2024-01-03,1,2024,Leggett,Edgecombe,35.988278,-77.5843,,41.0
2024-01-03,1,2024,Mendenhall School,Guilford,36.1090060008986,-79.802314,,55.0
2024-01-03,1,2024,Millbrook School,Wake,35.856111,-78.574167,21.0,54.0
2024-01-03,1,2024,Pitt Agri. Center,Pitt,35.6412760008938,-77.360126,,52.0
2024-01-03,1,2024,Rockwell,Rowan,35.551868,-80.395039,24.0,55.0
2024-01-03,1,2024,West Johnston Co.,Johnston,35.59095,-78.4622,,54.0
2024-01-04,1,2024,Bryson City,Swain,35.434767,-83.442133,,31.0
2024-01-04,1,2024,Castle Hayne,New Hanover,34.364167,-77.838611,,50.5
2024-01-04,1,2024,Clemmons Middle,Forsyth,36.026612,-80.341962,,32.0
2024-01-04,1,2024,Durham Armory,Durham,36.0329550008979,-78.904037,,55.0
2024-01-04,1,2024,Frying Pan Mountain,Haywood,35.379167,-82.7925,,16.0
2024-01-04,1,2024,Garinger High School,Mecklenburg,35.2401000008895,-80.785683,29.0,33.0
2024-01-04,1,2024,Hattie Avenue,Forsyth,36.11094,-80.224501,,28.0
2024-01-04,1,2024,Leggett,Edgecombe,35.988278,-77.5843,,38.0
2024-01-04,1,2024,Linville Falls,Avery,35.972347,-81.933072,,13.0
2024-01-04,1,2024,Mendenhall School,Guilford,36.1090060008986,-79.802314,,31.0
2024-01-04,1,2024,Millbrook School,Wake,35.856111,-78.574167,28.0,36.5
2024-01-04,1,2024,Old High School,Swain,35.498711,-83.310242,,27.0
2024-01-04,1,2024,Pitt Agri. Center,Pitt,35.6412760008938,-77.360126,,39.0
2024-01-04,1,2024,Rockwell,Rowan,35.551868,-80.395039,28.0,33.0
2024-01-04,1,2024,West Johnston Co.,Johnston,35.59095,-78.4622,,40.0
2024-01-05,1,2024,Bryson City,Swain,35.434767,-83.442133,,45.0
2024-01-05,1,2024,Castle Hayne,New Hanover,34.364167,-77.838611,,34.5
2024-01-05,1,2024,Clemmons Middle,Forsyth,36.026612,-80.341962,,54.0
2024-01-05,1,2024,Durham Armory,Durham,36.0329550008979,-78.904037,,58.0
2024-01-05,1,2024,Garinger High School,Mecklenburg,35.2401000008895,-80.785683,25.0,35.0
2024-01-05,1,2024,Hattie Avenue,Forsyth,36.11094,-80.224501,,46.0
2024-01-05,1,2024,Leggett,Edgecombe,35.988278,-77.5843,,21.0
2024-01-05,1,2024,Mendenhall School,Guilford,36.1090060008986,-79.802314,,51.0
2024-01-05,1,2024,Millbrook School,Wake,35.856111,-78.574167,30.0,34.0
2024-01-05,1,2024,Pitt Agri. Center,Pitt,35.6412760008938,-77.360126,,25.0
2024-01-05,1,2024,Rockwell,Rowan,35.551868,-80.395039,25.0,43.0
2024-01-05,1,2024,West Johnston Co.,Johnston,35.59095,-78.4622,,24.0
2024-01-06,1,2024,Bryson City,Swain,35.434767,-83.442133,,16.0
2024-01-06,1,2024,Castle Hayne,New Hanover,34.364167,-77.838611,,29.0
2024-01-06,1,2024,Clemmons Middle,Forsyth,36.026612,-80.341962,,48.0
2024-01-06,1,2024,Durham Armory,Durham,36.0329550008979,-78.904037,,54.0
2024-01-06,1,2024,Garinger High School,Mecklenburg,35.2401000008895,-80.785683,21.0,23.0
2024-01-06,1,2024,Hattie Avenue,Forsyth,36.11094,-80.224501,,51.0
2024-01-06,1,2024,Leggett,Edgecombe,35.988278,-77.5843,,25.0
2024-01-06,1,2024,Mendenhall School,Guilford,36.1090060008986,-79.802314,,48.0
2024-01-06,1,2024,Millbrook School,Wake,35.856111,-78.574167,24.0,34.0
2024-01-06,1,2024,Pitt Agri. Center,Pitt,35.6412760008938,-77.360126,,18.0
2024-01-06,1,2024,Rockwell,Rowan,35.551868,-80.395039,22.0,39.0
2024-01-06,1,2024,West Johnston Co.,Johnston,35.59095,-78.4622,,20.0
2024-01-07,1,2024,Bryson City,Swain,35.434767,-83.442133,,8.0
2024-01-07,1,2024,Castle Hayne,New Hanover,34.364167,-77.838611,,22.0
2024-01-07,1,2024,Clemmons Middle,Forsyth,36.026612,-80.341962,,23.5
2024-01-07,1,2024,Durham Armory,Durham,36.0329550008979,-78.904037,,42.0
2024-01-07,1,2024,Frying Pan Mountain,Haywood,35.379167,-82.7925,,6.0
2024-01-07,1,2024,Garinger High School,Mecklenburg,35.2401000008895,-80.785683,31.0,15.0
2024-01-07,1,2024,Hattie Avenue,Forsyth,36.11094,-80.224501,,23.0
2024-01-07,1,2024,Leggett,Edgecombe,35.988278,-77.5843,,11.0
2024-01-07,1,2024,Linville Falls,Avery,35.972347,-81.933072,,5.0
2024-01-07,1,2024,Mendenhall School,Guilford,36.1090060008986,-79.802314,,24.0
2024-01-07,1,2024,Millbrook School,Wake,35.856111,-78.574167,30.0,18.5
2024-01-07,1,2024,Old High School,Swain,35.498711,-83.310242,,13.0
2024-01-07,1,2024,Pitt Agri. Center,Pitt,35.6412760008938,-77.360126,,8.0
2024-01-07,1,2024,Rockwell,Rowan,35.551868,-80.395039,32.0,11.0
2024-01-07,1,2024,West Johnston Co.,Johnston,35.59095,-78.4622,,13.0
2024-01-08,1,2024,Bryson City,Swain,35.434767,-83.442133,,17.0
2024-01-08,1,2024,Castle Hayne,New Hanover,34.364167,-77.838611,,23.0
2024-01-08,1,2024,Clemmons Middle,Forsyth,36.026612,-80.341962,,27.0
2024-01-08,1,2024,Durham Armory,Durham,36.0329550008979,-78.904037,,49.0
2024-01-08,1,2024,Garinger High School,Mecklenburg,35.2401000008895,-80.785683,29.0,24.0
2024-01-08,1,2024,Hattie Avenue,Forsyth,36.11094,-80.224501,,26.0
2024-01-08,1,2024,Leggett,Edgecombe,35.988278,-77.5843,,19.0
2024-01-08,1,2024,Mendenhall School,Guilford,36.1090060008986,-79.802314,,27.0
2024-01-08,1,2024,Millbrook School,Wake,35.856111,-78.574167,30.0,23.0
2024-01-08,1,2024,Old High School,Swain,35.498711,-83.310242,,12.0
2024-01-08,1,2024,Pitt Agri. Center,Pitt,35.6412760008938,-77.360126,,11.0
2024-01-08,1,2024,Rockwell,Rowan,35.551868,-80.395039,30.0,27.0
2024-01-08,1,2024,West Johnston Co.,Johnston,35.59095,-78.4622,,23.0
2024-01-09,1,2024,Bryson City,Swain,35.434767,-83.442133,,8.0
2024-01-09,1,2024,Castle Hayne,New Hanover,34.364167,-77.838611,,38.5
2024-01-09,1,2024,Clemmons Middle,Forsyth,36.026612,-80.341962,,25.0
2024-01-09,1,2024,Durham Armory,Durham,36.0329550008979,-78.904037,,36.0
2024-01-09,1,2024,Garinger High School,Mecklenburg,35.2401000008895,-80.785683,34.0,13.0
2024-01-09,1,2024,Hattie Avenue,Forsyth,36.11094,-80.224501,,22.0
2024-01-09,1,2024,Leggett,Edgecombe,35.988278,-77.5843,,38.0
2024-01-09,1,2024,Mendenhall School,Guilford,36.1090060008986,-79.802314,,27.0
2024-01-09,1,2024,Millbrook School,Wake,35.856111,-78.574167,,25.0
2024-01-09,1,2024,Pitt Agri. Center,Pitt,35.6412760008938,-77.360126,,27.0
2024-01-09,1,2024,Rockwell,Rowan,35.551868,-80.395039,34.0,16.0
2024-01-09,1,2024,West Johnston Co.,Johnston,35.59095,-78.4622,,24.0
2024-01-10,1,2024,Bryson City,Swain,35.434767,-83.442133,,20.0
2024-01-10,1,2024,Castle Hayne,New Hanover,34.364167,-77.838611,,28.5
2024-01-10,1,2024,Clemmons Middle,Forsyth,36.026612,-80.341962,,21.0
2024-01-10,1,2024,Durham Armory,Durham,36.0329550008979,-78.904037,,44.0
2024-01-10,1,2024,Garinger High School,Mecklenburg,35.2401000008895,-80.785683,23.0,11.0
2024-01-10,1,2024,Hattie Avenue,Forsyth,36.11094,-80.224501,,19.0
2024-01-10,1,2024,Leggett,Edgecombe,35.988278,-77.5843,,3.0
2024-01-10,1,2024,Linville Falls,Avery,35.972347,-81.933072,,6.0
2024-01-10,1,2024,Mendenhall School,Guilford,36.1090060008986,-79.802314,,24.0
2024-01-10,1,2024,Millbrook School,Wake,35.856111,-78.574167,21.0,22.0
2024-01-10,1,2024,Pitt Agri. Center,Pitt,35.6412760008938,-77.360126,,2.0
2024-01-10,1,2024,Rockwell,Rowan,35.551868,-80.395039,,8.0
2024-01-10,1,2024,West Johnston Co.,Johnston,35.59095,-78.4622,,16.0
2024-01-11,1,2024,Bryson City,Swain,35.434767,-83.442133,,32.0
2024-01-11,1,2024,Castle Hayne,New Hanover,34.364167,-77.838611,,29.5
2024-01-11,1,2024,Clemmons Middle,Forsyth,36.026612,-80.341962,,37.0
2024-01-11,1,2024,Durham Armory,Durham,36.0329550008979,-78.904037,,58.0
2024-01-11,1,2024,Garinger High School,Mecklenburg,35.2401000008895,-80.785683,28.0,45.0
2024-01-11,1,2024,Hattie Avenue,Forsyth,36.11094,-80.224501,,49.0
2024-01-11,1,2024,Leggett,Edgecombe,35.988278,-77.5843,,33.0
2024-01-11,1,2024,Mendenhall School,Guilford,36.1090060008986,-79.802314,,46.0
2024-01-11,1,2024,Millbrook School,Wake,35.856111,-78.574167,23.0,54.0
2024-01-11,1,2024,Old High School,Swain,35.498711,-83.310242,,12.0
2024-01-11,1,2024,Pitt Agri. Center,Pitt,35.6412760008938,-77.360126,,30.0
2024-01-11,1,2024,Rockwell,Rowan,35.551868,-80.395039,,58.0
2024-01-11,1,2024,West Johnston Co.,Johnston,35.59095,-78.4622,,37.0
2024-01-12,1,2024,Bryson City,Swain,35.434767,-83.442133,,33.0
2024-01-12,1,2024,Castle Hayne,New Hanover,34.364167,-77.838611,,42.0
2024-01-12,1,2024,Clemmons Middle,Forsyth,36.026612,-80.341962,,53.0
2024-01-12,1,2024,Durham Armory,Durham,36.0329550008979,-78.904037,,58.0
2024-01-12,1,2024,Garinger High School,Mecklenburg,35.2401000008895,-80.785683,29.0,52.0
2024-01-12,1,2024,Hattie Avenue,Forsyth,36.11094,-80.224501,,49.0
2024-01-12,1,2024,Leggett,Edgecombe,35.988278,-77.5843,,45.0
2024-01-12,1,2024,Mendenhall School,Guilford,36.1090060008986,-79.802314,,55.0
2024-01-12,1,2024,Millbrook School,Wake,35.856111,-78.574167,34.0,57.0
2024-01-12,1,2024,Pitt Agri. Center,Pitt,35.6412760008938,-77.360126,,40.0
2024-01-12,1,2024,Rockwell,Rowan,35.551868,-80.395039,31.0,55.0
2024-01-12,1,2024,West Johnston Co.,Johnston,35.59095,-78.4622,,44.0
2024-01-13,1,2024,Bryson City,Swain,35.434767,-83.442133,,13.0
2024-01-13,1,2024,Castle Hayne,New Hanover,34.364167,-77.838611,,29.0
2024-01-13,1,2024,Clemmons Middle,Forsyth,36.026612,-80.341962,,23.0
2024-01-13,1,2024,Durham Armory,Durham,36.0329550008979,-78.904037,,44.0
2024-01-13,1,2024,Frying Pan Mountain,Haywood,35.379167,-82.7925,,6.0
2024-01-13,1,2024,Garinger High School,Mecklenburg,35.2401000008895,-80.785683,31.0,28.0
2024-01-13,1,2024,Hattie Avenue,Forsyth,36.11094,-80.224501,,24.0
2024-01-13,1,2024,Leggett,Edgecombe,35.988278,-77.5843,,0.0
2024-01-13,1,2024,Linville Falls,Avery,35.972347,-81.933072,,11.0
2024-01-13,1,2024,Mendenhall School,Guilford,36.1090060008986,-79.802314,,22.0
2024-01-13,1,2024,Millbrook School,Wake,35.856111,-78.574167,32.0,21.0
2024-01-13,1,2024,Pitt Agri. Center,Pitt,35.6412760008938,-77.360126,,11.0
2024-01-13,1,2024,Rockwell,Rowan,35.551868,-80.395039,32.0,18.0
2024-01-13,1,2024,West Johnston Co.,Johnston,35.59095,-78.4622,,19.0
2024-01-14,1,2024,Bryson City,Swain,35.434767,-83.442133,,36.0
2024-01-14,1,2024,Castle Hayne,New Hanover,34.364167,-77.838611,,25.0
2024-01-14,1,2024,Clemmons Middle,Forsyth,36.026612,-80.341962,,26.0
2024-01-14,1,2024,Durham Armory,Durham,36.0329550008979,-78.904037,,53.0
2024-01-14,1,2024,Garinger High School,Mecklenburg,35.2401000008895,-80.785683,38.0,23.0
2024-01-14,1,2024,Hattie Avenue,Forsyth,36.11094,-80.224501,,25.0
2024-01-14,1,2024,Leggett,Edgecombe,35.988278,-77.5843,,27.0
2024-01-14,1,2024,Mendenhall School,Guilford,36.1090060008986,-79.802314,,32.0
2024-01-14,1,2024,Millbrook School,Wake,35.856111,-78.574167,33.0,28.0
2024-01-14,1,2024,Old High School,Swain,35.498711,-83.310242,,26.0
2024-01-14,1,2024,Pitt Agri. Center,Pitt,35.6412760008938,-77.360126,,18.0
2024-01-14,1,2024,Rockwell,Rowan,35.551868,-80.395039,36.0,28.0
2024-01-14,1,2024,West Johnston Co.,Johnston,35.59095,-78.4622,,27.0
2024-01-15,1,2024,Bryson City,Swain,35.434767,-83.442133,,43.0
2024-01-15,1,2024,Castle Hayne,New Hanover,34.364167,-77.838611,,22.0
2024-01-15,1,2024,Clemmons Middle,Forsyth,36.026612,-80.341962,,34.0
2024-01-15,1,2024,Durham Armory,Durham,36.0329550008979,-78.904037,,52.0
2024-01-15,1,2024,Garinger High School,Mecklenburg,35.2401000008895,-80.785683,25.0,44.0
2024-01-15,1,2024,Hattie Avenue,Forsyth,36.11094,-80.224501,,33.0
2024-01-15,1,2024,Leggett,Edgecombe,35.988278,-77.5843,,22.0
2024-01-15,1,2024,Mendenhall School,Guilford,36.1090060008986,-79.802314,,39.0
2024-01-15,1,2024,Millbrook School,Wake,35.856111,-78.574167,23.0,28.0
2024-01-15,1,2024,Pitt Agri. Center,Pitt,35.6412760008938,-77.360126,,24.0
2024-01-15,1,2024,Rockwell,Rowan,35.551868,-80.395039,19.0,43.0
2024-01-15,1,2024,West Johnston Co.,Johnston,35.59095,-78.4622,,30.0
2024-01-16,1,2024,Bryson City,Swain,35.434767,-83.442133,,14.0
2024-01-16,1,2024,Castle Hayne,New Hanover,34.364167,-77.838611,,34.5
2024-01-16,1,2024,Clemmons Middle,Forsyth,36.026612,-80.341962,,33.0
2024-01-16,1,2024,Durham Armory,Durham,36.0329550008979,-78.904037,,54.0
2024-01-16,1,2024,Frying Pan Mountain,Haywood,35.379167,-82.7925,,10.0
2024-01-16,1,2024,Garinger High School,Mecklenburg,35.2401000008895,-80.785683,31.0,47.0
2024-01-16,1,2024,Hattie Avenue,Forsyth,36.11094,-80.224501,,29.5
2024-01-16,1,2024,Leggett,Edgecombe,35.988278,-77.5843,,31.0
2024-01-16,1,2024,Linville Falls,Avery,35.972347,-81.933072,,17.0
2024-01-16,1,2024,Mendenhall School,Guilford,36.1090060008986,-79.802314,,39.0
2024-01-16,1,2024,Millbrook School,Wake,35.856111,-78.574167,29.0,38.0
2024-01-16,1,2024,Pitt Agri. Center,Pitt,35.6412760008938,-77.360126,,29.0
2024-01-16,1,2024,Rockwell,Rowan,35.551868,-80.395039,30.0,34.0
2024-01-16,1,2024,West Johnston Co.,Johnston,35.59095,-78.4622,,32.0
2024-01-17,1,2024,Bryson City,Swain,35.434767,-83.442133,,12.0
2024-01-17,1,2024,Castle Hayne,New Hanover,34.364167,-77.838611,,36.0
2024-01-17,1,2024,Clemmons Middle,Forsyth,36.026612,-80.341962,,40.0
2024-01-17,1,2024,Durham Armory,Durham,36.0329550008979,-78.904037,,55.0
2024-01-17,1,2024,Garinger High School,Mecklenburg,35.2401000008895,-80.785683,30.0,31.0
2024-01-17,1,2024,Hattie Avenue,Forsyth,36.11094,-80.224501,,26.0
2024-01-17,1,2024,Leggett,Edgecombe,35.988278,-77.5843,,19.0
2024-01-17,1,2024,Millbrook School,Wake,35.856111,-78.574167,31.0,29.0
2024-01-17,1,2024,Old High School,Swain,35.498711,-83.310242,,13.0
2024-01-17,1,2024,Pitt Agri. Center,Pitt,35.6412760008938,-77.360126,,20.0
2024-01-17,1,2024,Rockwell,Rowan,35.551868,-80.395039,31.0,24.0
2024-01-17,1,2024,West Johnston Co.,Johnston,35.59095,-78.4622,,22.0
2024-01-18,1,2024,Bryson City,Swain,35.434767,-83.442133,,32.0
2024-01-18,1,2024,Castle Hayne,New Hanover,34.364167,-77.838611,,40.5
2024-01-18,1,2024,Clemmons Middle,Forsyth,36.026612,-80.341962,,54.0
2024-01-18,1,2024,Durham Armory,Durham,36.0329550008979,-78.904037,,56.0
2024-01-18,1,2024,Garinger High School,Mecklenburg,35.2401000008895,-80.785683,33.0,39.0
2024-01-18,1,2024,Hattie Avenue,Forsyth,36.11094,-80.224501,,41.0
2024-01-18,1,2024,Leggett,Edgecombe,35.988278,-77.5843,,39.0
2024-01-18,1,2024,Millbrook School,Wake,35.856111,-78.574167,32.0,47.0
2024-01-18,1,2024,Pitt Agri. Center,Pitt,35.6412760008938,-77.360126,,38.0
2024-01-18,1,2024,Rockwell,Rowan,35.551868,-80.395039,32.0,42.0
2024-01-18,1,2024,West Johnston Co.,Johnston,35.59095,-78.4622,,44.0
2024-01-19,1,2024,Bryson City,Swain,35.434767,-83.442133,,22.0
2024-01-19,1,2024,Castle Hayne,New Hanover,34.364167,-77.838611,,37.0
2024-01-19,1,2024,Clemmons Middle,Forsyth,36.026612,-80.341962,,31.5
2024-01-19,1,2024,Durham Armory,Durham,36.0329550008979,-78.904037,,60.0
2024-01-19,1,2024,Frying Pan Mountain,Haywood,35.379167,-82.7925,,15.0
2024-01-19,1,2024,Garinger High School,Mecklenburg,35.2401000008895,-80.785683,33.0,34.5
2024-01-19,1,2024,Hattie Avenue,Forsyth,36.11094,-80.224501,,33.5
2024-01-19,1,2024,Leggett,Edgecombe,35.988278,-77.5843,,27.0
2024-01-19,1,2024,Linville Falls,Avery,35.972347,-81.933072,,23.0
2024-01-19,1,2024,Millbrook School,Wake,35.856111,-78.574167,33.0,41.5
2024-01-19,1,2024,Pitt Agri. Center,Pitt,35.6412760008938,-77.360126,,34.0
2024-01-19,1,2024,Rockwell,Rowan,35.551868,-80.395039,33.0,31.0
2024-01-19,1,2024,West Johnston Co.,Johnston,35.59095,-78.4622,,43.0
2024-01-20,1,2024,Bryson City,Swain,35.434767,-83.442133,,12.0
2024-01-20,1,2024,Castle Hayne,New Hanover,34.364167,-77.838611,,43.5
2024-01-20,1,2024,Clemmons Middle,Forsyth,36.026612,-80.341962,,31.0
2024-01-20,1,2024,Durham Armory,Durham,36.0329550008979,-78.904037,,55.0
2024-01-20,1,2024,Garinger High School,Mecklenburg,35.2401000008895,-80.785683,32.0,27.0
2024-01-20,1,2024,Hattie Avenue,Forsyth,36.11094,-80.224501,,29.0
2024-01-20,1,2024,Leggett,Edgecombe,35.988278,-77.5843,,19.0
2024-01-20,1,2024,Millbrook School,Wake,35.856111,-78.574167,31.0,26.5
2024-01-20,1,2024,Pitt Agri. Center,Pitt,35.6412760008938,-77.360126,,25.0
2024-01-20,1,2024,Rockwell,Rowan,35.551868,-80.395039,31.0,23.0
2024-01-20,1,2024,West Johnston Co.,Johnston,35.59095,-78.4622,,23.0
2024-01-21,1,2024,Bryson City,Swain,35.434767,-83.442133,,30.0
2024-01-21,1,2024,Castle Hayne,New Hanover,34.364167,-77.838611,,27.5
2024-01-21,1,2024,Clemmons Middle,Forsyth,36.026612,-80.341962,,34.0
2024-01-21,1,2024,Durham Armory,Durham,36.0329550008979,-78.904037,,55.0
2024-01-21,1,2024,Garinger High School,Mecklenburg,35.2401000008895,-80.785683,31.0,35.0
2024-01-21,1,2024,Hattie Avenue,Forsyth,36.11094,-80.224501,,28.0
2024-01-21,1,2024,Millbrook School,Wake,35.856111,-78.574167,33.0,33.0
2024-01-21,1,2024,Pitt Agri. Center,Pitt,35.6412760008938,-77.360126,,18.0
2024-01-21,1,2024,Rockwell,Rowan,35.551868,-80.395039,32.0,25.0
2024-01-21,1,2024,West Johnston Co.,Johnston,35.59095,-78.4622,,29.0
2024-01-22,1,2024,Bryson City,Swain,35.434767,-83.442133,,34.0
2024-01-22,1,2024,Castle Hayne,New Hanover,34.364167,-77.838611,,33.5
2024-01-22,1,2024,Clemmons Middle,Forsyth,36.026612,-80.341962,,59.0
2024-01-22,1,2024,Durham Armory,Durham,36.0329550008979,-78.904037,,68.0
2024-01-22,1,2024,Frying Pan Mountain,Haywood,35.379167,-82.7925,,4.0
2024-01-22,1,2024,Garinger High School,Mecklenburg,35.2401000008895,-80.785683,33.0,62.5
2024-01-22,1,2024,Hattie Avenue,Forsyth,36.11094,-80.224501,,59.0
2024-01-22,1,2024,Linville Falls,Avery,35.972347,-81.933072,,16.0
2024-01-22,1,2024,Millbrook School,Wake,35.856111,-78.574167,32.0,62.0
2024-01-22,1,2024,Old High School,Swain,35.498711,-83.310242,,11.0
2024-01-22,1,2024,Pitt Agri. Center,Pitt,35.6412760008938,-77.360126,,46.0
2024-01-22,1,2024,Rockwell,Rowan,35.551868,-80.395039,34.0,64.0
2024-01-22,1,2024,West Johnston Co.,Johnston,35.59095,-78.4622,,46.0
2024-01-23,1,2024,Bryson City,Swain,35.434767,-83.442133,,48.0
2024-01-23,1,2024,Castle Hayne,New Hanover,34.364167,-77.838611,,23.5
2024-01-23,1,2024,Clemmons Middle,Forsyth,36.026612,-80.341962,,80.0
2024-01-23,1,2024,Durham Armory,Durham,36.0329550008979,-78.904037,,75.0
2024-01-23,1,2024,Garinger High School,Mecklenburg,35.2401000008895,-80.785683,,61.0
2024-01-23,1,2024,Hattie Avenue,Forsyth,36.11094,-80.224501,,63.0
2024-01-23,1,2024,Mendenhall School,Guilford,36.1090060008986,-79.802314,,60.0
2024-01-23,1,2024,Millbrook School,Wake,35.856111,-78.574167,10.0,63.0
2024-01-23,1,2024,Pitt Agri. Center,Pitt,35.6412760008938,-77.360126,,51.0
2024-01-23,1,2024,Rockwell,Rowan,35.551868,-80.395039,15.0,66.0
2024-01-23,1,2024,West Johnston Co.,Johnston,35.59095,-78.4622,,55.0
2024-01-24,1,2024,Bryson City,Swain,35.434767,-83.442133,,32.0
2024-01-24,1,2024,Castle Hayne,New Hanover,34.364167,-77.838611,,18.0
2024-01-24,1,2024,Clemmons Middle,Forsyth,36.026612,-80.341962,,61.0
2024-01-24,1,2024,Durham Armory,Durham,36.0329550008979,-78.904037,,62.0
2024-01-24,1,2024,Garinger High School,Mecklenburg,35.2401000008895,-80.785683,26.0,54.0
2024-01-24,1,2024,Hattie Avenue,Forsyth,36.11094,-80.224501,,55.0
2024-01-24,1,2024,Mendenhall School,Guilford,36.1090060008986,-79.802314,,55.0
2024-01-24,1,2024,Millbrook School,Wake,35.856111,-78.574167,32.0,57.0
2024-01-24,1,2024,Pitt Agri. Center,Pitt,35.6412760008938,-77.360126,,28.0
2024-01-24,1,2024,Rockwell,Rowan,35.551868,-80.395039,26.0,59.0
2024-01-24,1,2024,West Johnston Co.,Johnston,35.59095,-78.4622,,38.0
2024-01-25,1,2024,Bryson City,Swain,35.434767,-83.442133,,10.0
2024-01-25,1,2024,Castle Hayne,New Hanover,34.364167,-77.838611,,15.5
2024-01-25,1,2024,Clemmons Middle,Forsyth,36.026612,-80.341962,,14.0
2024-01-25,1,2024,Durham Armory,Durham,36.0329550008979,-78.904037,,17.0
2024-01-25,1,2024,Frying Pan Mountain,Haywood,35.379167,-82.7925,,2.0
2024-01-25,1,2024,Garinger High School,Mecklenburg,35.2401000008895,-80.785683,22.0,10.5
2024-01-25,1,2024,Hattie Avenue,Forsyth,36.11094,-80.224501,,15.5
2024-01-25,1,2024,Leggett,Edgecombe,35.988278,-77.5843,,17.0
2024-01-25,1,2024,Linville Falls,Avery,35.972347,-81.933072,,5.0
2024-01-25,1,2024,Mendenhall School,Guilford,36.1090060008986,-79.802314,,17.0
2024-01-25,1,2024,Millbrook School,Wake,35.856111,-78.574167,23.0,19.5
2024-01-25,1,2024,Old High School,Swain,35.498711,-83.310242,,9.0
2024-01-25,1,2024,Pitt Agri. Center,Pitt,35.6412760008938,-77.360126,,18.0
2024-01-25,1,2024,Rockwell,Rowan,35.551868,-80.395039,22.0,11.0
2024-01-25,1,2024,West Johnston Co.,Johnston,35.59095,-78.4622,,6.0
2024-01-26,1,2024,Bryson City,Swain,35.434767,-83.442133,,12.0
2024-01-26,1,2024,Castle Hayne,New Hanover,34.364167,-77.838611,,23.0
2024-01-26,1,2024,Clemmons Middle,Forsyth,36.026612,-80.341962,,48.0
2024-01-26,1,2024,Durham Armory,Durham,36.0329550008979,-78.904037,,28.0
2024-01-26,1,2024,Garinger High School,Mecklenburg,35.2401000008895,-80.785683,27.0,24.0
2024-01-26,1,2024,Hattie Avenue,Forsyth,36.11094,-80.224501,,36.0
2024-01-26,1,2024,Leggett,Edgecombe,35.988278,-77.5843,,18.0
2024-01-26,1,2024,Mendenhall School,Guilford,36.1090060008986,-79.802314,,29.0
2024-01-26,1,2024,Millbrook School,Wake,35.856111,-78.574167,22.0,35.0
2024-01-26,1,2024,Pitt Agri. Center,Pitt,35.6412760008938,-77.360126,,31.0
2024-01-26,1,2024,Rockwell,Rowan,35.551868,-80.395039,26.0,25.0
2024-01-26,1,2024,West Johnston Co.,Johnston,35.59095,-78.4622,,27.0
2024-01-27,1,2024,Bryson City,Swain,35.434767,-83.442133,,17.0
2024-01-27,1,2024,Castle Hayne,New Hanover,34.364167,-77.838611,,30.5
2024-01-27,1,2024,Clemmons Middle,Forsyth,36.026612,-80.341962,,37.0
2024-01-27,1,2024,Durham Armory,Durham,36.0329550008979,-78.904037,,42.0
2024-01-27,1,2024,Garinger High School,Mecklenburg,35.2401000008895,-80.785683,24.0,34.0
2024-01-27,1,2024,Hattie Avenue,Forsyth,36.11094,-80.224501,,24.0
2024-01-27,1,2024,Leggett,Edgecombe,35.988278,-77.5843,,19.0
2024-01-27,1,2024,Mendenhall School,Guilford,36.1090060008986,-79.802314,,24.0
2024-01-27,1,2024,Millbrook School,Wake,35.856111,-78.574167,26.0,35.0
2024-01-27,1,2024,Pitt Agri. Center,Pitt,35.6412760008938,-77.360126,,27.0
2024-01-27,1,2024,Rockwell,Rowan,35.551868,-80.395039,25.0,43.0
2024-01-27,1,2024,West Johnston Co.,Johnston,35.59095,-78.4622,,44.0
2024-01-28,1,2024,Bryson City,Swain,35.434767,-83.442133,,0.0
2024-01-28,1,2024,Castle Hayne,New Hanover,34.364167,-77.838611,,15.0
2024-01-28,1,2024,Clemmons Middle,Forsyth,36.026612,-80.341962,,8.0
2024-01-28,1,2024,Durham Armory,Durham,36.0329550008979,-78.904037,,30.0
2024-01-28,1,2024,Frying Pan Mountain,Haywood,35.379167,-82.7925,,0.0
2024-01-28,1,2024,Garinger High School,Mecklenburg,35.2401000008895,-80.785683,23.0,8.5
2024-01-28,1,2024,Hattie Avenue,Forsyth,36.11094,-80.224501,,5.5
2024-01-28,1,2024,Leggett,Edgecombe,35.988278,-77.5843,,14.0
2024-01-28,1,2024,Linville Falls,Avery,35.972347,-81.933072,,2.0
2024-01-28,1,2024,Mendenhall School,Guilford,36.1090060008986,-79.802314,,8.0
2024-01-28,1,2024,Millbrook School,Wake,35.856111,-78.574167,24.0,16.0
2024-01-28,1,2024,Old High School,Swain,35.498711,-83.310242,,4.0
2024-01-28,1,2024,Pitt Agri. Center,Pitt,35.6412760008938,-77.360126,,16.0
2024-01-28,1,2024,Rockwell,Rowan,35.551868,-80.395039,24.0,4.0
2024-01-28,1,2024,West Johnston Co.,Johnston,35.59095,-78.4622,,8.0
2024-01-29,1,2024,Bryson City,Swain,35.434767,-83.442133,,4.0
2024-01-29,1,2024,Castle Hayne,New Hanover,34.364167,-77.838611,,15.0
2024-01-29,1,2024,Clemmons Middle,Forsyth,36.026612,-80.341962,,4.0
2024-01-29,1,2024,Durham Armory,Durham,36.0329550008979,-78.904037,,32.0
2024-01-29,1,2024,Garinger High School,Mecklenburg,35.2401000008895,-80.785683,32.0,5.0
2024-01-29,1,2024,Hattie Avenue,Forsyth,36.11094,-80.224501,,4.0
2024-01-29,1,2024,Leggett,Edgecombe,35.988278,-77.5843,,8.0
2024-01-29,1,2024,Mendenhall School,Guilford,36.1090060008986,-79.802314,,0.0
2024-01-29,1,2024,Millbrook School,Wake,35.856111,-78.574167,31.0,6.0
2024-01-29,1,2024,Pitt Agri. Center,Pitt,35.6412760008938,-77.360126,,4.0
2024-01-29,1,2024,Rockwell,Rowan,35.551868,-80.395039,33.0,2.0
2024-01-29,1,2024,West Johnston Co.,Johnston,35.59095,-78.4622,,12.0
2024-01-30,1,2024,Bryson City,Swain,35.434767,-83.442133,,9.0
2024-01-30,1,2024,Castle Hayne,New Hanover,34.364167,-77.838611,,24.0
2024-01-30,1,2024,Clemmons Middle,Forsyth,36.026612,-80.341962,,27.0
2024-01-30,1,2024,Durham Armory,Durham,36.0329550008979,-78.904037,,49.0
2024-01-30,1,2024,Garinger High School,Mecklenburg,35.2401000008895,-80.785683,31.0,20.0
2024-01-30,1,2024,Hattie Avenue,Forsyth,36.11094,-80.224501,,28.0
2024-01-30,1,2024,Leggett,Edgecombe,35.988278,-77.5843,,20.0
2024-01-30,1,2024,Mendenhall School,Guilford,36.1090060008986,-79.802314,,19.0
2024-01-30,1,2024,Millbrook School,Wake,35.856111,-78.574167,29.0,24.5
2024-01-30,1,2024,Pitt Agri. Center,Pitt,35.6412760008938,-77.360126,,22.0
2024-01-30,1,2024,Rockwell,Rowan,35.551868,-80.395039,31.0,24.0
2024-01-30,1,2024,West Johnston Co.,Johnston,35.59095,-78.4622,,23.0
2024-01-31,1,2024,Bryson City,Swain,35.434767,-83.442133,,12.0
2024-01-31,1,2024,Castle Hayne,New Hanover,34.364167,-77.838611,,31.5
2024-01-31,1,2024,Clemmons Middle,Forsyth,36.026612,-80.341962,,32.0
2024-01-31,1,2024,Durham Armory,Durham,36.0329550008979,-78.904037,,53.0
2024-01-31,1,2024,Frying Pan Mountain,Haywood,35.379167,-82.7925,,4.0
2024-01-31,1,2024,Garinger High School,Mecklenburg,35.2401000008895,-80.785683,28.0,34.0
2024-01-31,1,2024,Hattie Avenue,Forsyth,36.11094,-80.224501,,34.0
2024-01-31,1,2024,Leggett,Edgecombe,35.988278,-77.5843,,21.0
2024-01-31,1,2024,Linville Falls,Avery,35.972347,-81.933072,,12.0
2024-01-31,1,2024,Mendenhall School,Guilford,36.1090060008986,-79.802314,,35.0
2024-01-31,1,2024,Millbrook School,Wake,35.856111,-78.574167,24.0,26.5
2024-01-31,1,2024,Old High School,Swain,35.498711,-83.310242,,14.0
2024-01-31,1,2024,Pitt Agri. Center,Pitt,35.6412760008938,-77.360126,,22.0
2024-01-31,1,2024,Rockwell,Rowan,35.551868,-80.395039,25.0,34.0
2024-01-31,1,2024,West Johnston Co.,Johnston,35.59095,-78.4622,,27.0
2024-02-01,2,2024,Bryson City,Swain,35.434767,-83.442133,,15.0
2024-02-01,2,2024,Castle Hayne,New Hanover,34.364167,-77.838611,,42.0
2024-02-01,2,2024,Clemmons Middle,Forsyth,36.026612,-80.341962,,27.0
2024-02-01,2,2024,Durham Armory,Durham,36.0329550008979,-78.904037,,54.0
2024-02-01,2,2024,Garinger High School,Mecklenburg,35.2401000008895,-80.785683,30.0,39.0
2024-02-01,2,2024,Hattie Avenue,Forsyth,36.11094,-80.224501,,28.0
2024-02-01,2,2024,Leggett,Edgecombe,35.988278,-77.5843,,30.0
2024-02-01,2,2024,Mendenhall School,Guilford,36.1090060008986,-79.802314,,28.0
2024-02-01,2,2024,Millbrook School,Wake,35.856111,-78.574167,25.0,33.0
2024-02-01,2,2024,Pitt Agri. Center,Pitt,35.6412760008938,-77.360126,,39.0
2024-02-01,2,2024,Rockwell,Rowan,35.551868,-80.395039,26.0,39.0
2024-02-01,2,2024,West Johnston Co.,Johnston,35.59095,-78.4622,,53.0
2024-02-02,2,2024,Bryson City,Swain,35.434767,-83.442133,,41.0
2024-02-02,2,2024,Castle Hayne,New Hanover,34.364167,-77.838611,,52.5
2024-02-02,2,2024,Clemmons Middle,Forsyth,36.026612,-80.341962,,41.0
2024-02-02,2,2024,Durham Armory,Durham,36.0329550008979,-78.904037,,56.0
2024-02-02,2,2024,Garinger High School,Mecklenburg,35.2401000008895,-80.785683,37.0,39.0
2024-02-02,2,2024,Hattie Avenue,Forsyth,36.11094,-80.224501,,40.0
2024-02-02,2,2024,Leggett,Edgecombe,35.988278,-77.5843,,31.0
2024-02-02,2,2024,Mendenhall School,Guilford,36.1090060008986,-79.802314,,35.0
2024-02-02,2,2024,Millbrook School,Wake,35.856111,-78.574167,35.0,32.0
2024-02-02,2,2024,Pitt Agri. Center,Pitt,35.6412760008938,-77.360126,,40.0
2024-02-02,2,2024,Rockwell,Rowan,35.551868,-80.395039,37.0,38.0
2024-02-02,2,2024,West Johnston Co.,Johnston,35.59095,-78.4622,,41.0
2024-02-03,2,2024,Bryson City,Swain,35.434767,-83.442133,,53.0
2024-02-03,2,2024,Castle Hayne,New Hanover,34.364167,-77.838611,,28.5
2024-02-03,2,2024,Clemmons Middle,Forsyth,36.026612,-80.341962,,29.0
2024-02-03,2,2024,Durham Armory,Durham,36.0329550008979,-78.904037,,55.0
2024-02-03,2,2024,Frying Pan Mountain,Haywood,35.379167,-82.7925,,19.0
2024-02-03,2,2024,Garinger High School,Mecklenburg,35.2401000008895,-80.785683,29.0,35.0
2024-02-03,2,2024,Hattie Avenue,Forsyth,36.11094,-80.224501,,29.5
2024-02-03,2,2024,Leggett,Edgecombe,35.988278,-77.5843,,4.0
2024-02-03,2,2024,Linville Falls,Avery,35.972347,-81.933072,,26.0
2024-02-03,2,2024,Millbrook School,Wake,35.856111,-78.574167,26.0,25.0
2024-02-03,2,2024,Old High School,Swain,35.498711,-83.310242,,33.0
2024-02-03,2,2024,Pitt Agri. Center,Pitt,35.6412760008938,-77.360126,,12.0
2024-02-03,2,2024,Rockwell,Rowan,35.551868,-80.395039,28.0,30.0
2024-02-03,2,2024,West Johnston Co.,Johnston,35.59095,-78.4622,,41.0
2024-02-04,2,2024,Bryson City,Swain,35.434767,-83.442133,,23.0
2024-02-04,2,2024,Castle Hayne,New Hanover,34.364167,-77.838611,,43.5
2024-02-04,2,2024,Clemmons Middle,Forsyth,36.026612,-80.341962,,43.0
2024-02-04,2,2024,Durham Armory,Durham,36.0329550008979,-78.904037,,54.0
2024-02-04,2,2024,Garinger High School,Mecklenburg,35.2401000008895,-80.785683,33.0,40.0
2024-02-04,2,2024,Hattie Avenue,Forsyth,36.11094,-80.224501,,37.0
2024-02-04,2,2024,Leggett,Edgecombe,35.988278,-77.5843,,27.0
2024-02-04,2,2024,Millbrook School,Wake,35.856111,-78.574167,32.0,37.0
2024-02-04,2,2024,Pitt Agri. Center,Pitt,35.6412760008938,-77.360126,,22.0
2024-02-04,2,2024,Rockwell,Rowan,35.551868,-80.395039,33.0,54.0
2024-02-04,2,2024,West Johnston Co.,Johnston,35.59095,-78.4622,,33.0
2024-02-05,2,2024,Bryson City,Swain,35.434767,-83.442133,,18.0
2024-02-05,2,2024,Castle Hayne,New Hanover,34.364167,-77.838611,,51.0
2024-02-05,2,2024,Clemmons Middle,Forsyth,36.026612,-80.341962,,31.0
2024-02-05,2,2024,Durham Armory,Durham,36.0329550008979,-78.904037,,53.0
2024-02-05,2,2024,Garinger High School,Mecklenburg,35.2401000008895,-80.785683,37.0,33.0
2024-02-05,2,2024,Hattie Avenue,Forsyth,36.11094,-80.224501,,27.0
2024-02-05,2,2024,Leggett,Edgecombe,35.988278,-77.5843,,27.0
2024-02-05,2,2024,Millbrook School,Wake,35.856111,-78.574167,39.0,30.0
2024-02-05,2,2024,Pitt Agri. Center,Pitt,35.6412760008938,-77.360126,,25.0
2024-02-05,2,2024,Rockwell,Rowan,35.551868,-80.395039,37.0,29.0
2024-02-05,2,2024,West Johnston Co.,Johnston,35.59095,-78.4622,,22.0
2024-02-06,2,2024,Bryson City,Swain,35.434767,-83.442133,,19.0
2024-02-06,2,2024,Castle Hayne,New Hanover,34.364167,-77.838611,,24.0
2024-02-06,2,2024,Clemmons Middle,Forsyth,36.026612,-80.341962,,31.5
2024-02-06,2,2024,Durham Armory,Durham,36.0329550008979,-78.904037,,54.0
2024-02-06,2,2024,Frying Pan Mountain,Haywood,35.379167,-82.7925,,14.0
2024-02-06,2,2024,Garinger High School,Mecklenburg,35.2401000008895,-80.785683,32.0,36.0
2024-02-06,2,2024,Hattie Avenue,Forsyth,36.11094,-80.224501,,33.5
2024-02-06,2,2024,Leggett,Edgecombe,35.988278,-77.5843,,19.0
2024-02-06,2,2024,Linville Falls,Avery,35.972347,-81.933072,,22.0
2024-02-06,2,2024,Mendenhall School,Guilford,36.1090060008986,-79.802314,,32.0
2024-02-06,2,2024,Millbrook School,Wake,35.856111,-78.574167,36.0,26.0
2024-02-06,2,2024,Old High School,Swain,35.498711,-83.310242,,15.0
2024-02-06,2,2024,Pitt Agri. Center,Pitt,35.6412760008938,-77.360126,,18.0
2024-02-06,2,2024,Rockwell,Rowan,35.551868,-80.395039,31.0,36.0
2024-02-06,2,2024,West Johnston Co.,Johnston,35.59095,-78.4622,,28.0
2024-02-07,2,2024,Bryson City,Swain,35.434767,-83.442133,,18.0
2024-02-07,2,2024,Castle Hayne,New Hanover,34.364167,-77.838611,,31.0
2024-02-07,2,2024,Clemmons Middle,Forsyth,36.026612,-80.341962,,31.0
2024-02-07,2,2024,Durham Armory,Durham,36.0329550008979,-78.904037,,57.0
2024-02-07,2,2024,Garinger High School,Mecklenburg,35.2401000008895,-80.785683,35.0,44.0
2024-02-07,2,2024,Hattie Avenue,Forsyth,36.11094,-80.224501,,32.0
2024-02-07,2,2024,Leggett,Edgecombe,35.988278,-77.5843,,21.0
2024-02-07,2,2024,Mendenhall School,Guilford,36.1090060008986,-79.802314,,37.0
2024-02-07,2,2024,Millbrook School,Wake,35.856111,-78.574167,35.0,32.0
2024-02-07,2,2024,Pitt Agri. Center,Pitt,35.6412760008938,-77.360126,,23.0
2024-02-07,2,2024,Rockwell,Rowan,35.551868,-80.395039,35.0,36.0
2024-02-07,2,2024,West Johnston Co.,Johnston,35.59095,-78.4622,,24.0
2024-02-08,2,2024,Bryson City,Swain,35.434767,-83.442133,,48.0
2024-02-08,2,2024,Castle Hayne,New Hanover,34.364167,-77.838611,,36.0
2024-02-08,2,2024,Clemmons Middle,Forsyth,36.026612,-80.341962,,54.0
2024-02-08,2,2024,Durham Armory,Durham,36.0329550008979,-78.904037,,58.0
2024-02-08,2,2024,Garinger High School,Mecklenburg,35.2401000008895,-80.785683,36.0,57.0
2024-02-08,2,2024,Hattie Avenue,Forsyth,36.11094,-80.224501,,55.0
2024-02-08,2,2024,Leggett,Edgecombe,35.988278,-77.5843,,17.0
2024-02-08,2,2024,Mendenhall School,Guilford,36.1090060008986,-79.802314,,52.0
2024-02-08,2,2024,Millbrook School,Wake,35.856111,-78.574167,29.0,44.0
2024-02-08,2,2024,Pitt Agri. Center,Pitt,35.6412760008938,-77.360126,,59.0
2024-02-08,2,2024,Rockwell,Rowan,35.551868,-80.395039,39.0,62.0
2024-02-08,2,2024,West Johnston Co.,Johnston,35.59095,-78.4622,,32.0
2024-02-09,2,2024,Bryson City,Swain,35.434767,-83.442133,,58.0
2024-02-09,2,2024,Castle Hayne,New Hanover,34.364167,-77.838611,,49.5
2024-02-09,2,2024,Clemmons Middle,Forsyth,36.026612,-80.341962,,76.0
2024-02-09,2,2024,Durham Armory,Durham,36.0329550008979,-78.904037,,72.0
2024-02-09,2,2024,Frying Pan Mountain,Haywood,35.379167,-82.7925,,9.0
2024-02-09,2,2024,Garinger High School,Mecklenburg,35.2401000008895,-80.785683,30.0,60.5
2024-02-09,2,2024,Hattie Avenue,Forsyth,36.11094,-80.224501,,70.5
2024-02-09,2,2024,Leggett,Edgecombe,35.988278,-77.5843,,70.0
2024-02-09,2,2024,Linville Falls,Avery,35.972347,-81.933072,,50.0
2024-02-09,2,2024,Mendenhall School,Guilford,36.1090060008986,-79.802314,,69.0
2024-02-09,2,2024,Millbrook School,Wake,35.856111,-78.574167,27.0,62.5
2024-02-09,2,2024,Old High School,Swain,35.498711,-83.310242,,37.0
2024-02-09,2,2024,Pitt Agri. Center,Pitt,35.6412760008938,-77.360126,,53.0
2024-02-09,2,2024,Rockwell,Rowan,35.551868,-80.395039,27.0,64.0
2024-02-09,2,2024,West Johnston Co.,Johnston,35.59095,-78.4622,,65.0
2024-02-10,2,2024,Bryson City,Swain,35.434767,-83.442133,,65.0
2024-02-10,2,2024,Castle Hayne,New Hanover,34.364167,-77.838611,,42.0
2024-02-10,2,2024,Clemmons Middle,Forsyth,36.026612,-80.341962,,72.0
2024-02-10,2,2024,Durham Armory,Durham,36.0329550008979,-78.904037,,63.0
2024-02-10,2,2024,Garinger High School,Mecklenburg,35.2401000008895,-80.785683,34.0,55.0
2024-02-10,2,2024,Hattie Avenue,Forsyth,36.11094,-80.224501,,74.0
2024-02-10,2,2024,Leggett,Edgecombe,35.988278,-77.5843,,61.0
2024-02-10,2,2024,Mendenhall School,Guilford,36.1090060008986,-79.802314,,59.0
2024-02-10,2,2024,Millbrook School,Wake,35.856111,-78.574167,35.0,57.0
2024-02-10,2,2024,Pitt Agri. Center,Pitt,35.6412760008938,-77.360126,,61.0
2024-02-10,2,2024,Rockwell,Rowan,35.551868,-80.395039,34.0,57.0
2024-02-10,2,2024,West Johnston Co.,Johnston,35.59095,-78.4622,,72.0
2024-02-11,2,2024,Bryson City,Swain,35.434767,-83.442133,,35.0
2024-02-11,2,2024,Castle Hayne,New Hanover,34.364167,-77.838611,,26.5
2024-02-11,2,2024,Clemmons Middle,Forsyth,36.026612,-80.341962,,25.0
2024-02-11,2,2024,Durham Armory,Durham,36.0329550008979,-78.904037,,51.0
2024-02-11,2,2024,Garinger High School,Mecklenburg,35.2401000008895,-80.785683,25.0,29.0
2024-02-11,2,2024,Hattie Avenue,Forsyth,36.11094,-80.224501,,25.0
2024-02-11,2,2024,Leggett,Edgecombe,35.988278,-77.5843,,51.0
2024-02-11,2,2024,Mendenhall School,Guilford,36.1090060008986,-79.802314,,29.0
2024-02-11,2,2024,Millbrook School,Wake,35.856111,-78.574167,22.0,46.0
2024-02-11,2,2024,Pitt Agri. Center,Pitt,35.6412760008938,-77.360126,,52.0
2024-02-11,2,2024,Rockwell,Rowan,35.551868,-80.395039,21.0,36.0
2024-02-11,2,2024,West Johnston Co.,Johnston,35.59095,-78.4622,,47.0
2024-02-12,2,2024,Bryson City,Swain,35.434767,-83.442133,,22.0
2024-02-12,2,2024,Castle Hayne,New Hanover,34.364167,-77.838611,,18.0
2024-02-12,2,2024,Clemmons Middle,Forsyth,36.026612,-80.341962,,22.5
2024-02-12,2,2024,Durham Armory,Durham,36.0329550008979,-78.904037,,41.0
2024-02-12,2,2024,Frying Pan Mountain,Haywood,35.379167,-82.7925,,2.0
2024-02-12,2,2024,Garinger High School,Mecklenburg,35.2401000008895,-80.785683,33.0,12.0
2024-02-12,2,2024,Hattie Avenue,Forsyth,36.11094,-80.224501,,25.0
2024-02-12,2,2024,Leggett,Edgecombe,35.988278,-77.5843,,19.0
2024-02-12,2,2024,Linville Falls,Avery,35.972347,-81.933072,,4.0
2024-02-12,2,2024,Mendenhall School,Guilford,36.1090060008986,-79.802314,,21.0
2024-02-12,2,2024,Millbrook School,Wake,35.856111,-78.574167,31.0,25.0
2024-02-12,2,2024,Old High School,Swain,35.498711,-83.310242,,9.0
2024-02-12,2,2024,Pitt Agri. Center,Pitt,35.6412760008938,-77.360126,,19.0
2024-02-12,2,2024,Rockwell,Rowan,35.551868,-80.395039,32.0,11.0
2024-02-12,2,2024,West Johnston Co.,Johnston,35.59095,-78.4622,,18.0
2024-02-13,2,2024,Bryson City,Swain,35.434767,-83.442133,,13.0
2024-02-13,2,2024,Castle Hayne,New Hanover,34.364167,-77.838611,,18.5
2024-02-13,2,2024,Clemmons Middle,Forsyth,36.026612,-80.341962,,13.0
2024-02-13,2,2024,Durham Armory,Durham,36.0329550008979,-78.904037,,37.0
2024-02-13,2,2024,Garinger High School,Mecklenburg,35.2401000008895,-80.785683,37.0,10.0
2024-02-13,2,2024,Hattie Avenue,Forsyth,36.11094,-80.224501,,14.0
2024-02-13,2,2024,Leggett,Edgecombe,35.988278,-77.5843,,9.0
2024-02-13,2,2024,Mendenhall School,Guilford,36.1090060008986,-79.802314,,12.0
2024-02-13,2,2024,Millbrook School,Wake,35.856111,-78.574167,36.0,14.0
2024-02-13,2,2024,Pitt Agri. Center,Pitt,35.6412760008938,-77.360126,,8.0
2024-02-13,2,2024,Rockwell,Rowan,35.551868,-80.395039,36.0,8.0
2024-02-13,2,2024,West Johnston Co.,Johnston,35.59095,-78.4622,,14.0
2024-02-14,2,2024,Bryson City,Swain,35.434767,-83.442133,,21.0
2024-02-14,2,2024,Castle Hayne,New Hanover,34.364167,-77.838611,,30.5
2024-02-14,2,2024,Clemmons Middle,Forsyth,36.026612,-80.341962,,25.0
2024-02-14,2,2024,Durham Armory,Durham,36.0329550008979,-78.904037,,55.0
2024-02-14,2,2024,Garinger High School,Mecklenburg,35.2401000008895,-80.785683,39.0,31.0
2024-02-14,2,2024,Hattie Avenue,Forsyth,36.11094,-80.224501,,26.0
2024-02-14,2,2024,Leggett,Edgecombe,35.988278,-77.5843,,16.0
2024-02-14,2,2024,Mendenhall School,Guilford,36.1090060008986,-79.802314,,29.0
2024-02-14,2,2024,Millbrook School,Wake,35.856111,-78.574167,39.0,28.0
2024-02-14,2,2024,Pitt Agri. Center,Pitt,35.6412760008938,-77.360126,,28.0
2024-02-14,2,2024,Rockwell,Rowan,35.551868,-80.395039,39.0,31.0
2024-02-14,2,2024,West Johnston Co.,Johnston,35.59095,-78.4622,,26.0
2024-02-15,2,2024,Bryson City,Swain,35.434767,-83.442133,,29.0
2024-02-15,2,2024,Castle Hayne,New Hanover,34.364167,-77.838611,,40.0
2024-02-15,2,2024,Clemmons Middle,Forsyth,36.026612,-80.341962,,36.0
2024-02-15,2,2024,Durham Armory,Durham,36.0329550008979,-78.904037,,59.0
2024-02-15,2,2024,Frying Pan Mountain,Haywood,35.379167,-82.7925,,14.0
2024-02-15,2,2024,Garinger High School,Mecklenburg,35.2401000008895,-80.785683,43.0,41.5
2024-02-15,2,2024,Hattie Avenue,Forsyth,36.11094,-80.224501,,37.0
2024-02-15,2,2024,Leggett,Edgecombe,35.988278,-77.5843,,33.0
2024-02-15,2,2024,Linville Falls,Avery,35.972347,-81.933072,,23.0
2024-02-15,2,2024,Mendenhall School,Guilford,36.1090060008986,-79.802314,,36.0
2024-02-15,2,2024,Millbrook School,Wake,35.856111,-78.574167,41.0,54.5
2024-02-15,2,2024,Old High School,Swain,35.498711,-83.310242,,20.0
2024-02-15,2,2024,Pitt Agri. Center,Pitt,35.6412760008938,-77.360126,,37.0
2024-02-15,2,2024,Rockwell,Rowan,35.551868,-80.395039,,52.0
2024-02-15,2,2024,West Johnston Co.,Johnston,35.59095,-78.4622,,39.0
2024-02-16,2,2024,Bryson City,Swain,35.434767,-83.442133,,52.0
2024-02-16,2,2024,Castle Hayne,New Hanover,34.364167,-77.838611,,36.0
2024-02-16,2,2024,Clemmons Middle,Forsyth,36.026612,-80.341962,,40.0
2024-02-16,2,2024,Durham Armory,Durham,36.0329550008979,-78.904037,,55.0
2024-02-16,2,2024,Garinger High School,Mecklenburg,35.2401000008895,-80.785683,36.0,49.0
2024-02-16,2,2024,Hattie Avenue,Forsyth,36.11094,-80.224501,,41.0
2024-02-16,2,2024,Leggett,Edgecombe,35.988278,-77.5843,,30.0
2024-02-16,2,2024,Mendenhall School,Guilford,36.1090060008986,-79.802314,,39.0
2024-02-16,2,2024,Millbrook School,Wake,35.856111,-78.574167,36.0,37.0
2024-02-16,2,2024,Pitt Agri. Center,Pitt,35.6412760008938,-77.360126,,33.0
2024-02-16,2,2024,Rockwell,Rowan,35.551868,-80.395039,35.0,46.0
2024-02-16,2,2024,West Johnston Co.,Johnston,35.59095,-78.4622,,49.0
2024-02-17,2,2024,Bryson City,Swain,35.434767,-83.442133,,16.0
2024-02-17,2,2024,Castle Hayne,New Hanover,34.364167,-77.838611,,54.0
2024-02-17,2,2024,Clemmons Middle,Forsyth,36.026612,-80.341962,,30.0
2024-02-17,2,2024,Durham Armory,Durham,36.0329550008979,-78.904037,,57.0
2024-02-17,2,2024,Garinger High School,Mecklenburg,35.2401000008895,-80.785683,36.0,29.0
2024-02-17,2,2024,Hattie Avenue,Forsyth,36.11094,-80.224501,,31.0
2024-02-17,2,2024,Leggett,Edgecombe,35.988278,-77.5843,,24.0
2024-02-17,2,2024,Mendenhall School,Guilford,36.1090060008986,-79.802314,,27.0
2024-02-17,2,2024,Millbrook School,Wake,35.856111,-78.574167,37.0,36.0
2024-02-17,2,2024,Pitt Agri. Center,Pitt,35.6412760008938,-77.360126,,28.0
2024-02-17,2,2024,Rockwell,Rowan,35.551868,-80.395039,36.0,25.0
2024-02-17,2,2024,West Johnston Co.,Johnston,35.59095,-78.4622,,38.0
2024-02-18,2,2024,Bryson City,Swain,35.434767,-83.442133,,13.0
2024-02-18,2,2024,Castle Hayne,New Hanover,34.364167,-77.838611,,24.0
2024-02-18,2,2024,Clemmons Middle,Forsyth,36.026612,-80.341962,,25.5
2024-02-18,2,2024,Durham Armory,Durham,36.0329550008979,-78.904037,,57.0
2024-02-18,2,2024,Frying Pan Mountain,Haywood,35.379167,-82.7925,,7.0
2024-02-18,2,2024,Garinger High School,Mecklenburg,35.2401000008895,-80.785683,34.0,30.5
2024-02-18,2,2024,Hattie Avenue,Forsyth,36.11094,-80.224501,,27.0
2024-02-18,2,2024,Leggett,Edgecombe,35.988278,-77.5843,,22.0
2024-02-18,2,2024,Linville Falls,Avery,35.972347,-81.933072,,9.0
2024-02-18,2,2024,Mendenhall School,Guilford,36.1090060008986,-79.802314,,29.0
2024-02-18,2,2024,Millbrook School,Wake,35.856111,-78.574167,34.0,28.0
2024-02-18,2,2024,Old High School,Swain,35.498711,-83.310242,,15.0
2024-02-18,2,2024,Pitt Agri. Center,Pitt,35.6412760008938,-77.360126,,24.0
2024-02-18,2,2024,Rockwell,Rowan,35.551868,-80.395039,33.0,36.0
2024-02-18,2,2024,West Johnston Co.,Johnston,35.59095,-78.4622,,32.0
2024-02-19,2,2024,Bryson City,Swain,35.434767,-83.442133,,12.0
2024-02-19,2,2024,Castle Hayne,New Hanover,34.364167,-77.838611,,34.0
2024-02-19,2,2024,Clemmons Middle,Forsyth,36.026612,-80.341962,,33.0
2024-02-19,2,2024,Durham Armory,Durham,36.0329550008979,-78.904037,,61.0
2024-02-19,2,2024,Garinger High School,Mecklenburg,35.2401000008895,-80.785683,39.0,40.0
2024-02-19,2,2024,Hattie Avenue,Forsyth,36.11094,-80.224501,,30.0
2024-02-19,2,2024,Leggett,Edgecombe,35.988278,-77.5843,,31.0
2024-02-19,2,2024,Mendenhall School,Guilford,36.1090060008986,-79.802314,,32.0
2024-02-19,2,2024,Millbrook School,Wake,35.856111,-78.574167,41.0,33.0
2024-02-19,2,2024,Pitt Agri. Center,Pitt,35.6412760008938,-77.360126,,27.0
2024-02-19,2,2024,Rockwell,Rowan,35.551868,-80.395039,41.0,57.0
2024-02-19,2,2024,West Johnston Co.,Johnston,35.59095,-78.4622,,36.0
2024-02-20,2,2024,Bryson City,Swain,35.434767,-83.442133,,32.0
2024-02-20,2,2024,Castle Hayne,New Hanover,34.364167,-77.838611,,59.5
2024-02-20,2,2024,Clemmons Middle,Forsyth,36.026612,-80.341962,,53.0
2024-02-20,2,2024,Durham Armory,Durham,36.0329550008979,-78.904037,,61.0
2024-02-20,2,2024,Garinger High School,Mecklenburg,35.2401000008895,-80.785683,44.0,54.0
2024-02-20,2,2024,Hattie Avenue,Forsyth,36.11094,-80.224501,,48.0
2024-02-20,2,2024,Leggett,Edgecombe,35.988278,-77.5843,,33.0
2024-02-20,2,2024,Mendenhall School,Guilford,36.1090060008986,-79.802314,,49.0
2024-02-20,2,2024,Millbrook School,Wake,35.856111,-78.574167,43.0,39.0
2024-02-20,2,2024,Pitt Agri. Center,Pitt,35.6412760008938,-77.360126,,27.0
2024-02-20,2,2024,Rockwell,Rowan,35.551868,-80.395039,42.0,60.0
2024-02-20,2,2024,West Johnston Co.,Johnston,35.59095,-78.4622,,34.0
2024-02-21,2,2024,Bryson City,Swain,35.434767,-83.442133,,61.0
2024-02-21,2,2024,Castle Hayne,New Hanover,34.364167,-77.838611,,25.5
2024-02-21,2,2024,Clemmons Middle,Forsyth,36.026612,-80.341962,,55.0
2024-02-21,2,2024,Durham Armory,Durham,36.0329550008979,-78.904037,,61.0
2024-02-21,2,2024,Frying Pan Mountain,Haywood,35.379167,-82.7925,,47.0
2024-02-21,2,2024,Garinger High School,Mecklenburg,35.2401000008895,-80.785683,40.0,57.0
2024-02-21,2,2024,Hattie Avenue,Forsyth,36.11094,-80.224501,,55.0
2024-02-21,2,2024,Leggett,Edgecombe,35.988278,-77.5843,,20.0
2024-02-21,2,2024,Linville Falls,Avery,35.972347,-81.933072,,52.0
2024-02-21,2,2024,Mendenhall School,Guilford,36.1090060008986,-79.802314,,54.0
2024-02-21,2,2024,Millbrook School,Wake,35.856111,-78.574167,43.0,33.5
2024-02-21,2,2024,Old High School,Swain,35.498711,-83.310242,,53.0
2024-02-21,2,2024,Pitt Agri. Center,Pitt,35.6412760008938,-77.360126,,24.0
2024-02-21,2,2024,Rockwell,Rowan,35.551868,-80.395039,44.0,74.0
2024-02-21,2,2024,West Johnston Co.,Johnston,35.59095,-78.4622,,33.0
2024-02-22,2,2024,Bryson City,Swain,35.434767,-83.442133,,61.0
2024-02-22,2,2024,Castle Hayne,New Hanover,34.364167,-77.838611,,55.5
2024-02-22,2,2024,Clemmons Middle,Forsyth,36.026612,-80.341962,,85.0
2024-02-22,2,2024,Durham Armory,Durham,36.0329550008979,-78.904037,,80.0
2024-02-22,2,2024,Garinger High School,Mecklenburg,35.2401000008895,-80.785683,64.0,74.0
2024-02-22,2,2024,Hattie Avenue,Forsyth,36.11094,-80.224501,,88.0
2024-02-22,2,2024,Leggett,Edgecombe,35.988278,-77.5843,,55.0
2024-02-22,2,2024,Mendenhall School,Guilford,36.1090060008986,-79.802314,,77.0
2024-02-22,2,2024,Millbrook School,Wake,35.856111,-78.574167,58.0,72.0
2024-02-22,2,2024,Pitt Agri. Center,Pitt,35.6412760008938,-77.360126,,56.0
2024-02-22,2,2024,Rockwell,Rowan,35.551868,-80.395039,58.0,71.0
2024-02-22,2,2024,West Johnston Co.,Johnston,35.59095,-78.4622,,65.0
2024-02-23,2,2024,Bryson City,Swain,35.434767,-83.442133,,20.0
2024-02-23,2,2024,Castle Hayne,New Hanover,34.364167,-77.838611,,48.0
2024-02-23,2,2024,Clemmons Middle,Forsyth,36.026612,-80.341962,,78.0
2024-02-23,2,2024,Durham Armory,Durham,36.0329550008979,-78.904037,,79.0
2024-02-23,2,2024,Garinger High School,Mecklenburg,35.2401000008895,-80.785683,36.0,63.0
2024-02-23,2,2024,Hattie Avenue,Forsyth,36.11094,-80.224501,,79.0
2024-02-23,2,2024,Leggett,Edgecombe,35.988278,-77.5843,,59.0
2024-02-23,2,2024,Mendenhall School,Guilford,36.1090060008986,-79.802314,,73.0
2024-02-23,2,2024,Millbrook School,Wake,35.856111,-78.574167,29.0,79.0
2024-02-23,2,2024,Pitt Agri. Center,Pitt,35.6412760008938,-77.360126,,58.0
2024-02-23,2,2024,Rockwell,Rowan,35.551868,-80.395039,35.0,67.0
2024-02-23,2,2024,West Johnston Co.,Johnston,35.59095,-78.4622,,63.0
2024-02-24,2,2024,Bryson City,Swain,35.434767,-83.442133,,8.0
2024-02-24,2,2024,Castle Hayne,New Hanover,34.364167,-77.838611,,32.5
2024-02-24,2,2024,Clemmons Middle,Forsyth,36.026612,-80.341962,,21.0
2024-02-24,2,2024,Durham Armory,Durham,36.0329550008979,-78.904037,,57.0
2024-02-24,2,2024,Frying Pan Mountain,Haywood,35.379167,-82.7925,,8.0
2024-02-24,2,2024,Garinger High School,Mecklenburg,35.2401000008895,-80.785683,36.0,21.5
2024-02-24,2,2024,Hattie Avenue,Forsyth,36.11094,-80.224501,,20.5
2024-02-24,2,2024,Leggett,Edgecombe,35.988278,-77.5843,,38.0
2024-02-24,2,2024,Linville Falls,Avery,35.972347,-81.933072,,11.0
2024-02-24,2,2024,Mendenhall School,Guilford,36.1090060008986,-79.802314,,18.0
2024-02-24,2,2024,Millbrook School,Wake,35.856111,-78.574167,37.0,28.0
2024-02-24,2,2024,Old High School,Swain,35.498711,-83.310242,,13.0
2024-02-24,2,2024,Pitt Agri. Center,Pitt,35.6412760008938,-77.360126,,39.0
2024-02-24,2,2024,Rockwell,Rowan,35.551868,-80.395039,35.0,13.0
2024-02-24,2,2024,West Johnston Co.,Johnston,35.59095,-78.4622,,28.0
2024-02-25,2,2024,Bryson City,Swain,35.434767,-83.442133,,11.0
2024-02-25,2,2024,Castle Hayne,New Hanover,34.364167,-77.838611,,34.0
2024-02-25,2,2024,Clemmons Middle,Forsyth,36.026612,-80.341962,,26.0
2024-02-25,2,2024,Durham Armory,Durham,36.0329550008979,-78.904037,,52.0
2024-02-25,2,2024,Garinger High School,Mecklenburg,35.2401000008895,-80.785683,39.0,25.0
2024-02-25,2,2024,Hattie Avenue,Forsyth,36.11094,-80.224501,,24.0
2024-02-25,2,2024,Mendenhall School,Guilford,36.1090060008986,-79.802314,,21.0
2024-02-25,2,2024,Millbrook School,Wake,35.856111,-78.574167,35.0,31.0
2024-02-25,2,2024,Pitt Agri. Center,Pitt,35.6412760008938,-77.360126,,22.0
2024-02-25,2,2024,Rockwell,Rowan,35.551868,-80.395039,37.0,16.0
2024-02-25,2,2024,West Johnston Co.,Johnston,35.59095,-78.4622,,27.0
2024-02-26,2,2024,Bryson City,Swain,35.434767,-83.442133,,49.0
2024-02-26,2,2024,Castle Hayne,New Hanover,34.364167,-77.838611,,56.5
2024-02-26,2,2024,Clemmons Middle,Forsyth,36.026612,-80.341962,,59.0
2024-02-26,2,2024,Durham Armory,Durham,36.0329550008979,-78.904037,,66.0
2024-02-26,2,2024,Garinger High School,Mecklenburg,35.2401000008895,-80.785683,48.0,58.0
2024-02-26,2,2024,Hattie Avenue,Forsyth,36.11094,-80.224501,,59.0
2024-02-26,2,2024,Mendenhall School,Guilford,36.1090060008986,-79.802314,,57.0
2024-02-26,2,2024,Millbrook School,Wake,35.856111,-78.574167,,59.0
2024-02-26,2,2024,Pitt Agri. Center,Pitt,35.6412760008938,-77.360126,,52.0
2024-02-26,2,2024,Rockwell,Rowan,35.551868,-80.395039,47.0,57.0
2024-02-26,2,2024,West Johnston Co.,Johnston,35.59095,-78.4622,,54.0
2024-02-27,2,2024,Bryson City,Swain,35.434767,-83.442133,,60.0
2024-02-27,2,2024,Castle Hayne,New Hanover,34.364167,-77.838611,,39.5
2024-02-27,2,2024,Clemmons Middle,Forsyth,36.026612,-80.341962,,67.0
2024-02-27,2,2024,Durham Armory,Durham,36.0329550008979,-78.904037,,67.0
2024-02-27,2,2024,Frying Pan Mountain,Haywood,35.379167,-82.7925,,44.0
2024-02-27,2,2024,Garinger High School,Mecklenburg,35.2401000008895,-80.785683,40.0,59.0
2024-02-27,2,2024,Hattie Avenue,Forsyth,36.11094,-80.224501,,66.0
2024-02-27,2,2024,Linville Falls,Avery,35.972347,-81.933072,,58.0
2024-02-27,2,2024,Mendenhall School,Guilford,36.1090060008986,-79.802314,,63.0
2024-02-27,2,2024,Millbrook School,Wake,35.856111,-78.574167,,57.5
2024-02-27,2,2024,Old High School,Swain,35.498711,-83.310242,,52.0
2024-02-27,2,2024,Pitt Agri. Center,Pitt,35.6412760008938,-77.360126,,39.0
2024-02-27,2,2024,Rockwell,Rowan,35.551868,-80.395039,39.0,64.0
2024-02-27,2,2024,West Johnston Co.,Johnston,35.59095,-78.4622,,54.0
2024-02-28,2,2024,Bryson City,Swain,35.434767,-83.442133,,44.0
2024-02-28,2,2024,Castle Hayne,New Hanover,34.364167,-77.838611,,46.5
2024-02-28,2,2024,Clemmons Middle,Forsyth,36.026612,-80.341962,,48.0
2024-02-28,2,2024,Durham Armory,Durham,36.0329550008979,-78.904037,,58.0
2024-02-28,2,2024,Garinger High School,Mecklenburg,35.2401000008895,-80.785683,38.0,49.0
2024-02-28,2,2024,Hattie Avenue,Forsyth,36.11094,-80.224501,,50.0
2024-02-28,2,2024,Mendenhall School,Guilford,36.1090060008986,-79.802314,,52.0
2024-02-28,2,2024,Millbrook School,Wake,35.856111,-78.574167,,51.0
2024-02-28,2,2024,Pitt Agri. Center,Pitt,35.6412760008938,-77.360126,,42.0
2024-02-28,2,2024,Rockwell,Rowan,35.551868,-80.395039,36.0,39.0
2024-02-28,2,2024,West Johnston Co.,Johnston,35.59095,-78.4622,,44.0
2024-02-29,2,2024,Bryson City,Swain,35.434767,-83.442133,,11.0
2024-02-29,2,2024,Castle Hayne,New Hanover,34.364167,-77.838611,,21.5
2024-02-29,2,2024,Clemmons Middle,Forsyth,36.026612,-80.341962,,40.0
2024-02-29,2,2024,Durham Armory,Durham,36.0329550008979,-78.904037,,53.0
2024-02-29,2,2024,Garinger High School,Mecklenburg,35.2401000008895,-80.785683,33.0,14.0
2024-02-29,2,2024,Hattie Avenue,Forsyth,36.11094,-80.224501,,19.0
2024-02-29,2,2024,Mendenhall School,Guilford,36.1090060008986,-79.802314,,17.0
2024-02-29,2,2024,Millbrook School,Wake,35.856111,-78.574167,34.0,18.0
2024-02-29,2,2024,Pitt Agri. Center,Pitt,35.6412760008938,-77.360126,,8.0
2024-02-29,2,2024,Rockwell,Rowan,35.551868,-80.395039,35.0,17.0
2024-02-29,2,2024,West Johnston Co.,Johnston,35.59095,-78.4622,,21.0
2024-03-01,3,2024,Bryson City,Swain,35.434767,-83.442133,31.0,23.0
2024-03-01,3,2024,Castle Hayne,New Hanover,34.364167,-77.838611,41.0,30.0
2024-03-01,3,2024,Clemmons Middle,Forsyth,36.026612,-80.341962,27.0,45.0
2024-03-01,3,2024,Durham Armory,Durham,36.0329550008979,-78.904037,31.0,56.0
2024-03-01,3,2024,Frying Pan Mountain,Haywood,35.379167,-82.7925,42.0,4.0
2024-03-01,3,2024,Garinger High School,Mecklenburg,35.2401000008895,-80.785683,23.0,48.0
2024-03-01,3,2024,Hattie Avenue,Forsyth,36.11094,-80.224501,27.0,39.5
2024-03-01,3,2024,Leggett,Edgecombe,35.988278,-77.5843,37.0,
2024-03-01,3,2024,Linville Falls,Avery,35.972347,-81.933072,31.0,21.0
2024-03-01,3,2024,Mendenhall School,Guilford,36.1090060008986,-79.802314,29.0,41.0
2024-03-01,3,2024,Millbrook School,Wake,35.856111,-78.574167,33.0,41.5
2024-03-01,3,2024,Old High School,Swain,35.498711,-83.310242,,12.0
2024-03-01,3,2024,Pitt Agri. Center,Pitt,35.6412760008938,-77.360126,39.0,21.0
2024-03-01,3,2024,Rockwell,Rowan,35.551868,-80.395039,27.0,35.0
2024-03-01,3,2024,West Johnston Co.,Johnston,35.59095,-78.4622,36.0,34.0
2024-03-02,3,2024,Bryson City,Swain,35.434767,-83.442133,34.0,20.0
2024-03-02,3,2024,Castle Hayne,New Hanover,34.364167,-77.838611,34.0,20.5
2024-03-02,3,2024,Clemmons Middle,Forsyth,36.026612,-80.341962,37.0,15.0
2024-03-02,3,2024,Durham Armory,Durham,36.0329550008979,-78.904037,28.0,27.0
2024-03-02,3,2024,Frying Pan Mountain,Haywood,35.379167,-82.7925,49.0,
2024-03-02,3,2024,Garinger High School,Mecklenburg,35.2401000008895,-80.785683,31.0,31.0
2024-03-02,3,2024,Hattie Avenue,Forsyth,36.11094,-80.224501,35.0,14.0
2024-03-02,3,2024,Leggett,Edgecombe,35.988278,-77.5843,31.0,
2024-03-02,3,2024,Linville Falls,Avery,35.972347,-81.933072,37.0,
2024-03-02,3,2024,Mendenhall School,Guilford,36.1090060008986,-79.802314,34.0,18.0
2024-03-02,3,2024,Millbrook School,Wake,35.856111,-78.574167,31.0,19.0
2024-03-02,3,2024,Old High School,Swain,35.498711,-83.310242,,12.0
2024-03-02,3,2024,Pitt Agri. Center,Pitt,35.6412760008938,-77.360126,31.0,23.0
2024-03-02,3,2024,Rockwell,Rowan,35.551868,-80.395039,33.0,23.0
2024-03-02,3,2024,West Johnston Co.,Johnston,35.59095,-78.4622,33.0,21.0
2024-03-03,3,2024,Bryson City,Swain,35.434767,-83.442133,35.0,23.0
2024-03-03,3,2024,Castle Hayne,New Hanover,34.364167,-77.838611,29.0,22.0
2024-03-03,3,2024,Clemmons Middle,Forsyth,36.026612,-80.341962,39.0,46.0
2024-03-03,3,2024,Durham Armory,Durham,36.0329550008979,-78.904037,29.0,44.0
2024-03-03,3,2024,Frying Pan Mountain,Haywood,35.379167,-82.7925,44.0,
2024-03-03,3,2024,Garinger High School,Mecklenburg,35.2401000008895,-80.785683,31.0,48.0
2024-03-03,3,2024,Hattie Avenue,Forsyth,36.11094,-80.224501,35.0,51.0
2024-03-03,3,2024,Leggett,Edgecombe,35.988278,-77.5843,33.0,
2024-03-03,3,2024,Linville Falls,Avery,35.972347,-81.933072,38.0,
2024-03-03,3,2024,Mendenhall School,Guilford,36.1090060008986,-79.802314,33.0,52.0
2024-03-03,3,2024,Millbrook School,Wake,35.856111,-78.574167,31.0,35.0
2024-03-03,3,2024,Pitt Agri. Center,Pitt,35.6412760008938,-77.360126,31.0,17.0
2024-03-03,3,2024,Rockwell,Rowan,35.551868,-80.395039,32.0,47.0
2024-03-03,3,2024,West Johnston Co.,Johnston,35.59095,-78.4622,31.0,48.0
2024-03-04,3,2024,Bryson City,Swain,35.434767,-83.442133,31.0,33.0
2024-03-04,3,2024,Castle Hayne,New Hanover,34.364167,-77.838611,33.0,16.5
2024-03-04,3,2024,Clemmons Middle,Forsyth,36.026612,-80.341962,40.0,44.0
2024-03-04,3,2024,Durham Armory,Durham,36.0329550008979,-78.904037,37.0,
2024-03-04,3,2024,Frying Pan Mountain,Haywood,35.379167,-82.7925,34.0,24.0
2024-03-04,3,2024,Garinger High School,Mecklenburg,35.2401000008895,-80.785683,36.0,49.5
2024-03-04,3,2024,Hattie Avenue,Forsyth,36.11094,-80.224501,36.0,46.5
2024-03-04,3,2024,Leggett,Edgecombe,35.988278,-77.5843,33.0,
2024-03-04,3,2024,Linville Falls,Avery,35.972347,-81.933072,36.0,58.0
2024-03-04,3,2024,Mendenhall School,Guilford,36.1090060008986,-79.802314,37.0,28.0
2024-03-04,3,2024,Millbrook School,Wake,35.856111,-78.574167,35.0,24.0
2024-03-04,3,2024,Old High School,Swain,35.498711,-83.310242,,28.0
2024-03-04,3,2024,Pitt Agri. Center,Pitt,35.6412760008938,-77.360126,30.0,12.0
2024-03-04,3,2024,Rockwell,Rowan,35.551868,-80.395039,37.0,59.0
2024-03-04,3,2024,West Johnston Co.,Johnston,35.59095,-78.4622,36.0,12.0
2024-03-05,3,2024,Bryson City,Swain,35.434767,-83.442133,36.0,42.0
2024-03-05,3,2024,Castle Hayne,New Hanover,34.364167,-77.838611,41.0,19.5
2024-03-05,3,2024,Clemmons Middle,Forsyth,36.026612,-80.341962,44.0,36.0
2024-03-05,3,2024,Durham Armory,Durham,36.0329550008979,-78.904037,29.0,
2024-03-05,3,2024,Frying Pan Mountain,Haywood,35.379167,-82.7925,40.0,
2024-03-05,3,2024,Garinger High School,Mecklenburg,35.2401000008895,-80.785683,42.0,47.0
2024-03-05,3,2024,Hattie Avenue,Forsyth,36.11094,-80.224501,40.0,34.0
2024-03-05,3,2024,Leggett,Edgecombe,35.988278,-77.5843,30.0,
2024-03-05,3,2024,Linville Falls,Avery,35.972347,-81.933072,43.0,
2024-03-05,3,2024,Mendenhall School,Guilford,36.1090060008986,-79.802314,40.0,18.0
2024-03-05,3,2024,Millbrook School,Wake,35.856111,-78.574167,29.0,17.0
2024-03-05,3,2024,Pitt Agri. Center,Pitt,35.6412760008938,-77.360126,28.0,10.0
2024-03-05,3,2024,Rockwell,Rowan,35.551868,-80.395039,38.0,42.0
2024-03-05,3,2024,West Johnston Co.,Johnston,35.59095,-78.4622,35.0,12.0
2024-03-06,3,2024,Bryson City,Swain,35.434767,-83.442133,31.0,19.0
2024-03-06,3,2024,Castle Hayne,New Hanover,34.364167,-77.838611,26.0,22.5
2024-03-06,3,2024,Clemmons Middle,Forsyth,36.026612,-80.341962,23.0,48.0
2024-03-06,3,2024,Durham Armory,Durham,36.0329550008979,-78.904037,25.0,27.0
2024-03-06,3,2024,Frying Pan Mountain,Haywood,35.379167,-82.7925,40.0,
2024-03-06,3,2024,Garinger High School,Mecklenburg,35.2401000008895,-80.785683,29.0,46.0
2024-03-06,3,2024,Hattie Avenue,Forsyth,36.11094,-80.224501,23.0,41.0
2024-03-06,3,2024,Leggett,Edgecombe,35.988278,-77.5843,23.0,
2024-03-06,3,2024,Linville Falls,Avery,35.972347,-81.933072,40.0,
2024-03-06,3,2024,Mendenhall School,Guilford,36.1090060008986,-79.802314,21.0,34.0
2024-03-06,3,2024,Millbrook School,Wake,35.856111,-78.574167,26.0,29.0
2024-03-06,3,2024,Pitt Agri. Center,Pitt,35.6412760008938,-77.360126,19.0,13.0
2024-03-06,3,2024,Rockwell,Rowan,35.551868,-80.395039,27.0,46.0
2024-03-06,3,2024,West Johnston Co.,Johnston,35.59095,-78.4622,27.0,24.0
2024-03-07,3,2024,Bryson City,Swain,35.434767,-83.442133,35.0,14.0
2024-03-07,3,2024,Castle Hayne,New Hanover,34.364167,-77.838611,34.0,17.5
2024-03-07,3,2024,Clemmons Middle,Forsyth,36.026612,-80.341962,40.0,22.5
2024-03-07,3,2024,Durham Armory,Durham,36.0329550008979,-78.904037,36.0,32.0
2024-03-07,3,2024,Frying Pan Mountain,Haywood,35.379167,-82.7925,38.0,4.0
2024-03-07,3,2024,Garinger High School,Mecklenburg,35.2401000008895,-80.785683,40.0,22.5
2024-03-07,3,2024,Hattie Avenue,Forsyth,36.11094,-80.224501,36.0,19.5
2024-03-07,3,2024,Leggett,Edgecombe,35.988278,-77.5843,35.0,
2024-03-07,3,2024,Linville Falls,Avery,35.972347,-81.933072,36.0,10.0
2024-03-07,3,2024,Mendenhall School,Guilford,36.1090060008986,-79.802314,36.0,16.0
2024-03-07,3,2024,Millbrook School,Wake,35.856111,-78.574167,37.0,15.5
2024-03-07,3,2024,Old High School,Swain,35.498711,-83.310242,,11.5
2024-03-07,3,2024,Pitt Agri. Center,Pitt,35.6412760008938,-77.360126,35.0,14.0
2024-03-07,3,2024,Rockwell,Rowan,35.551868,-80.395039,37.0,14.0
2024-03-07,3,2024,West Johnston Co.,Johnston,35.59095,-78.4622,39.0,19.0
2024-03-08,3,2024,Bryson City,Swain,35.434767,-83.442133,32.0,19.0
2024-03-08,3,2024,Castle Hayne,New Hanover,34.364167,-77.838611,36.0,17.5
2024-03-08,3,2024,Clemmons Middle,Forsyth,36.026612,-80.341962,36.0,24.0
2024-03-08,3,2024,Durham Armory,Durham,36.0329550008979,-78.904037,35.0,43.0
2024-03-08,3,2024,Frying Pan Mountain,Haywood,35.379167,-82.7925,35.0,
2024-03-08,3,2024,Garinger High School,Mecklenburg,35.2401000008895,-80.785683,30.0,43.0
2024-03-08,3,2024,Hattie Avenue,Forsyth,36.11094,-80.224501,32.0,22.0
2024-03-08,3,2024,Leggett,Edgecombe,35.988278,-77.5843,34.0,
2024-03-08,3,2024,Linville Falls,Avery,35.972347,-81.933072,32.0,
2024-03-08,3,2024,Mendenhall School,Guilford,36.1090060008986,-79.802314,34.0,24.0
2024-03-08,3,2024,Millbrook School,Wake,35.856111,-78.574167,34.0,19.0
2024-03-08,3,2024,Pitt Agri. Center,Pitt,35.6412760008938,-77.360126,34.0,15.0
2024-03-08,3,2024,Rockwell,Rowan,35.551868,-80.395039,31.0,27.0
2024-03-08,3,2024,West Johnston Co.,Johnston,35.59095,-78.4622,36.0,17.0
2024-03-09,3,2024,Bryson City,Swain,35.434767,-83.442133,29.0,7.0
2024-03-09,3,2024,Castle Hayne,New Hanover,34.364167,-77.838611,34.0,29.5
2024-03-09,3,2024,Clemmons Middle,Forsyth,36.026612,-80.341962,25.0,15.0
2024-03-09,3,2024,Durham Armory,Durham,36.0329550008979,-78.904037,27.0,18.0
2024-03-09,3,2024,Frying Pan Mountain,Haywood,35.379167,-82.7925,38.0,
2024-03-09,3,2024,Garinger High School,Mecklenburg,35.2401000008895,-80.785683,22.0,10.0
2024-03-09,3,2024,Hattie Avenue,Forsyth,36.11094,-80.224501,23.0,16.0
2024-03-09,3,2024,Leggett,Edgecombe,35.988278,-77.5843,29.0,
2024-03-09,3,2024,Linville Falls,Avery,35.972347,-81.933072,30.0,
2024-03-09,3,2024,Mendenhall School,Guilford,36.1090060008986,-79.802314,23.0,12.0
2024-03-09,3,2024,Millbrook School,Wake,35.856111,-78.574167,28.0,21.0
2024-03-09,3,2024,Pitt Agri. Center,Pitt,35.6412760008938,-77.360126,29.0,23.0
2024-03-09,3,2024,Rockwell,Rowan,35.551868,-80.395039,23.0,17.0
2024-03-09,3,2024,West Johnston Co.,Johnston,35.59095,-78.4622,28.0,24.0
2024-03-10,3,2024,Bryson City,Swain,35.434767,-83.442133,40.0,3.0
2024-03-10,3,2024,Castle Hayne,New Hanover,34.364167,-77.838611,42.0,15.5
2024-03-10,3,2024,Clemmons Middle,Forsyth,36.026612,-80.341962,44.0,11.0
2024-03-10,3,2024,Durham Armory,Durham,36.0329550008979,-78.904037,41.0,36.0
2024-03-10,3,2024,Frying Pan Mountain,Haywood,35.379167,-82.7925,42.0,5.0
2024-03-10,3,2024,Garinger High School,Mecklenburg,35.2401000008895,-80.785683,41.0,8.5
2024-03-10,3,2024,Hattie Avenue,Forsyth,36.11094,-80.224501,39.0,9.5
2024-03-10,3,2024,Leggett,Edgecombe,35.988278,-77.5843,40.0,
2024-03-10,3,2024,Linville Falls,Avery,35.972347,-81.933072,40.0,7.0
2024-03-10,3,2024,Mendenhall School,Guilford,36.1090060008986,-79.802314,40.0,10.0
2024-03-10,3,2024,Millbrook School,Wake,35.856111,-78.574167,42.0,10.5
2024-03-10,3,2024,Old High School,Swain,35.498711,-83.310242,,13.0
2024-03-10,3,2024,Pitt Agri. Center,Pitt,35.6412760008938,-77.360126,41.0,1.0
2024-03-10,3,2024,Rockwell,Rowan,35.551868,-80.395039,40.0,0.0
2024-03-10,3,2024,West Johnston Co.,Johnston,35.59095,-78.4622,43.0,11.0
2024-03-11,3,2024,Bryson City,Swain,35.434767,-83.442133,44.0,8.0
2024-03-11,3,2024,Castle Hayne,New Hanover,34.364167,-77.838611,43.0,20.0
2024-03-11,3,2024,Clemmons Middle,Forsyth,36.026612,-80.341962,46.0,9.0
2024-03-11,3,2024,Durham Armory,Durham,36.0329550008979,-78.904037,42.0,51.0
2024-03-11,3,2024,Frying Pan Mountain,Haywood,35.379167,-82.7925,47.0,
2024-03-11,3,2024,Garinger High School,Mecklenburg,35.2401000008895,-80.785683,43.0,9.0
2024-03-11,3,2024,Hattie Avenue,Forsyth,36.11094,-80.224501,43.0,11.0
2024-03-11,3,2024,Leggett,Edgecombe,35.988278,-77.5843,42.0,
2024-03-11,3,2024,Linville Falls,Avery,35.972347,-81.933072,46.0,
2024-03-11,3,2024,Mendenhall School,Guilford,36.1090060008986,-79.802314,43.0,6.0
2024-03-11,3,2024,Millbrook School,Wake,35.856111,-78.574167,43.0,11.0
2024-03-11,3,2024,Pitt Agri. Center,Pitt,35.6412760008938,-77.360126,42.0,11.0
2024-03-11,3,2024,Rockwell,Rowan,35.551868,-80.395039,42.0,12.0
2024-03-11,3,2024,West Johnston Co.,Johnston,35.59095,-78.4622,44.0,17.0
2024-03-12,3,2024,Bryson City,Swain,35.434767,-83.442133,39.0,27.0
2024-03-12,3,2024,Castle Hayne,New Hanover,34.364167,-77.838611,50.0,46.0
2024-03-12,3,2024,Clemmons Middle,Forsyth,36.026612,-80.341962,47.0,21.0
2024-03-12,3,2024,Durham Armory,Durham,36.0329550008979,-78.904037,43.0,54.0
2024-03-12,3,2024,Frying Pan Mountain,Haywood,35.379167,-82.7925,48.0,
2024-03-12,3,2024,Garinger High School,Mecklenburg,35.2401000008895,-80.785683,43.0,43.0
2024-03-12,3,2024,Hattie Avenue,Forsyth,36.11094,-80.224501,42.0,23.0
2024-03-12,3,2024,Leggett,Edgecombe,35.988278,-77.5843,45.0,
2024-03-12,3,2024,Linville Falls,Avery,35.972347,-81.933072,44.0,
2024-03-12,3,2024,Mendenhall School,Guilford,36.1090060008986,-79.802314,43.0,19.0
2024-03-12,3,2024,Millbrook School,Wake,35.856111,-78.574167,43.0,
2024-03-12,3,2024,Pitt Agri. Center,Pitt,35.6412760008938,-77.360126,44.0,22.0
2024-03-12,3,2024,Rockwell,Rowan,35.551868,-80.395039,42.0,37.0
2024-03-12,3,2024,West Johnston Co.,Johnston,35.59095,-78.4622,43.0,51.0
2024-03-13,3,2024,Bryson City,Swain,35.434767,-83.442133,47.0,55.0
2024-03-13,3,2024,Castle Hayne,New Hanover,34.364167,-77.838611,67.0,59.0
2024-03-13,3,2024,Clemmons Middle,Forsyth,36.026612,-80.341962,67.0,49.0
2024-03-13,3,2024,Durham Armory,Durham,36.0329550008979,-78.904037,48.0,59.0
2024-03-13,3,2024,Frying Pan Mountain,Haywood,35.379167,-82.7925,58.0,
2024-03-13,3,2024,Garinger High School,Mecklenburg,35.2401000008895,-80.785683,58.0,56.0
2024-03-13,3,2024,Hattie Avenue,Forsyth,36.11094,-80.224501,50.0,50.0
2024-03-13,3,2024,Leggett,Edgecombe,35.988278,-77.5843,50.0,55.0
2024-03-13,3,2024,Linville Falls,Avery,35.972347,-81.933072,50.0,55.0
2024-03-13,3,2024,Mendenhall School,Guilford,36.1090060008986,-79.802314,51.0,41.0
2024-03-13,3,2024,Millbrook School,Wake,35.856111,-78.574167,50.0,
2024-03-13,3,2024,Old High School,Swain,35.498711,-83.310242,,46.0
2024-03-13,3,2024,Pitt Agri. Center,Pitt,35.6412760008938,-77.360126,54.0,56.0
2024-03-13,3,2024,Rockwell,Rowan,35.551868,-80.395039,54.0,56.0
2024-03-13,3,2024,West Johnston Co.,Johnston,35.59095,-78.4622,51.0,65.0
2024-03-14,3,2024,Bryson City,Swain,35.434767,-83.442133,61.0,83.0
2024-03-14,3,2024,Castle Hayne,New Hanover,34.364167,-77.838611,97.0,76.5
2024-03-14,3,2024,Clemmons Middle,Forsyth,36.026612,-80.341962,100.0,67.0
2024-03-14,3,2024,Durham Armory,Durham,36.0329550008979,-78.904037,71.0,72.0
2024-03-14,3,2024,Frying Pan Mountain,Haywood,35.379167,-82.7925,77.0,
2024-03-14,3,2024,Garinger High School,Mecklenburg,35.2401000008895,-80.785683,80.0,69.0
2024-03-14,3,2024,Hattie Avenue,Forsyth,36.11094,-80.224501,80.0,71.0
2024-03-14,3,2024,Leggett,Edgecombe,35.988278,-77.5843,67.0,59.0
2024-03-14,3,2024,Linville Falls,Avery,35.972347,-81.933072,90.0,
2024-03-14,3,2024,Mendenhall School,Guilford,36.1090060008986,-79.802314,80.0,62.0
2024-03-14,3,2024,Millbrook School,Wake,35.856111,-78.574167,74.0,
2024-03-14,3,2024,Pitt Agri. Center,Pitt,35.6412760008938,-77.360126,74.0,66.0
2024-03-14,3,2024,Rockwell,Rowan,35.551868,-80.395039,77.0,66.0
2024-03-14,3,2024,West Johnston Co.,Johnston,35.59095,-78.4622,80.0,66.0
2024-03-15,3,2024,Bryson City,Swain,35.434767,-83.442133,33.0,58.0
2024-03-15,3,2024,Castle Hayne,New Hanover,34.364167,-77.838611,54.0,68.5
2024-03-15,3,2024,Clemmons Middle,Forsyth,36.026612,-80.341962,39.0,106.0
2024-03-15,3,2024,Durham Armory,Durham,36.0329550008979,-78.904037,44.0,89.0
2024-03-15,3,2024,Frying Pan Mountain,Haywood,35.379167,-82.7925,36.0,
2024-03-15,3,2024,Garinger High School,Mecklenburg,35.2401000008895,-80.785683,33.0,89.0
2024-03-15,3,2024,Hattie Avenue,Forsyth,36.11094,-80.224501,35.0,111.0
2024-03-15,3,2024,Leggett,Edgecombe,35.988278,-77.5843,50.0,76.0
2024-03-15,3,2024,Linville Falls,Avery,35.972347,-81.933072,37.0,
2024-03-15,3,2024,Mendenhall School,Guilford,36.1090060008986,-79.802314,39.0,87.0
2024-03-15,3,2024,Millbrook School,Wake,35.856111,-78.574167,44.0,
2024-03-15,3,2024,Pitt Agri. Center,Pitt,35.6412760008938,-77.360126,54.0,73.0
2024-03-15,3,2024,Rockwell,Rowan,35.551868,-80.395039,34.0,89.0
2024-03-15,3,2024,West Johnston Co.,Johnston,35.59095,-78.4622,47.0,74.0
2024-03-16,3,2024,Bryson City,Swain,35.434767,-83.442133,38.0,16.0
2024-03-16,3,2024,Castle Hayne,New Hanover,34.364167,-77.838611,40.0,53.5
2024-03-16,3,2024,Clemmons Middle,Forsyth,36.026612,-80.341962,45.0,51.0
2024-03-16,3,2024,Durham Armory,Durham,36.0329550008979,-78.904037,41.0,55.0
2024-03-16,3,2024,Frying Pan Mountain,Haywood,35.379167,-82.7925,43.0,7.0
2024-03-16,3,2024,Garinger High School,Mecklenburg,35.2401000008895,-80.785683,42.0,52.5
2024-03-16,3,2024,Hattie Avenue,Forsyth,36.11094,-80.224501,43.0,47.0
2024-03-16,3,2024,Leggett,Edgecombe,35.988278,-77.5843,39.0,37.0
2024-03-16,3,2024,Linville Falls,Avery,35.972347,-81.933072,44.0,11.0
2024-03-16,3,2024,Mendenhall School,Guilford,36.1090060008986,-79.802314,44.0,41.0
2024-03-16,3,2024,Millbrook School,Wake,35.856111,-78.574167,42.0,53.0
2024-03-16,3,2024,Old High School,Swain,35.498711,-83.310242,,15.0
2024-03-16,3,2024,Pitt Agri. Center,Pitt,35.6412760008938,-77.360126,39.0,43.0
2024-03-16,3,2024,Rockwell,Rowan,35.551868,-80.395039,40.0,51.0
2024-03-16,3,2024,West Johnston Co.,Johnston,35.59095,-78.4622,42.0,52.0
2024-03-17,3,2024,Bryson City,Swain,35.434767,-83.442133,42.0,21.0
2024-03-17,3,2024,Castle Hayne,New Hanover,34.364167,-77.838611,41.0,33.0
2024-03-17,3,2024,Clemmons Middle,Forsyth,36.026612,-80.341962,44.0,29.0
2024-03-17,3,2024,Durham Armory,Durham,36.0329550008979,-78.904037,43.0,52.0
2024-03-17,3,2024,Frying Pan Mountain,Haywood,35.379167,-82.7925,42.0,
2024-03-17,3,2024,Garinger High School,Mecklenburg,35.2401000008895,-80.785683,41.0,33.0
2024-03-17,3,2024,Hattie Avenue,Forsyth,36.11094,-80.224501,42.0,27.0
2024-03-17,3,2024,Leggett,Edgecombe,35.988278,-77.5843,44.0,46.0
2024-03-17,3,2024,Linville Falls,Avery,35.972347,-81.933072,44.0,
2024-03-17,3,2024,Mendenhall School,Guilford,36.1090060008986,-79.802314,43.0,32.0
2024-03-17,3,2024,Millbrook School,Wake,35.856111,-78.574167,43.0,
2024-03-17,3,2024,Pitt Agri. Center,Pitt,35.6412760008938,-77.360126,42.0,39.0
2024-03-17,3,2024,Rockwell,Rowan,35.551868,-80.395039,41.0,37.0
2024-03-17,3,2024,West Johnston Co.,Johnston,35.59095,-78.4622,43.0,50.0
2024-03-18,3,2024,Bryson City,Swain,35.434767,-83.442133,40.0,11.0
2024-03-18,3,2024,Castle Hayne,New Hanover,34.364167,-77.838611,42.0,29.5
2024-03-18,3,2024,Clemmons Middle,Forsyth,36.026612,-80.341962,47.0,16.0
2024-03-18,3,2024,Durham Armory,Durham,36.0329550008979,-78.904037,44.0,47.0
2024-03-18,3,2024,Frying Pan Mountain,Haywood,35.379167,-82.7925,42.0,
2024-03-18,3,2024,Garinger High School,Mecklenburg,35.2401000008895,-80.785683,42.0,21.0
2024-03-18,3,2024,Hattie Avenue,Forsyth,36.11094,-80.224501,44.0,17.0
2024-03-18,3,2024,Leggett,Edgecombe,35.988278,-77.5843,43.0,13.0
2024-03-18,3,2024,Linville Falls,Avery,35.972347,-81.933072,44.0,
2024-03-18,3,2024,Mendenhall School,Guilford,36.1090060008986,-79.802314,44.0,13.0
2024-03-18,3,2024,Millbrook School,Wake,35.856111,-78.574167,44.0,
2024-03-18,3,2024,Pitt Agri. Center,Pitt,35.6412760008938,-77.360126,43.0,22.0
2024-03-18,3,2024,Rockwell,Rowan,35.551868,-80.395039,42.0,14.0
2024-03-18,3,2024,West Johnston Co.,Johnston,35.59095,-78.4622,45.0,21.0
2024-03-19,3,2024,Bryson City,Swain,35.434767,-83.442133,45.0,63.0
2024-03-19,3,2024,Castle Hayne,New Hanover,34.364167,-77.838611,37.0,28.5
2024-03-19,3,2024,Clemmons Middle,Forsyth,36.026612,-80.341962,42.0,24.5
2024-03-19,3,2024,Durham Armory,Durham,36.0329550008979,-78.904037,37.0,55.0
2024-03-19,3,2024,Frying Pan Mountain,Haywood,35.379167,-82.7925,44.0,17.0
2024-03-19,3,2024,Garinger High School,Mecklenburg,35.2401000008895,-80.785683,37.0,19.5
2024-03-19,3,2024,Hattie Avenue,Forsyth,36.11094,-80.224501,36.0,22.0
2024-03-19,3,2024,Leggett,Edgecombe,35.988278,-77.5843,37.0,24.0
2024-03-19,3,2024,Linville Falls,Avery,35.972347,-81.933072,44.0,18.0
2024-03-19,3,2024,Mendenhall School,Guilford,36.1090060008986,-79.802314,37.0,20.0
2024-03-19,3,2024,Millbrook School,Wake,35.856111,-78.574167,37.0,28.0
2024-03-19,3,2024,Old High School,Swain,35.498711,-83.310242,,58.5
2024-03-19,3,2024,Pitt Agri. Center,Pitt,35.6412760008938,-77.360126,36.0,17.0
2024-03-19,3,2024,Rockwell,Rowan,35.551868,-80.395039,37.0,15.0
2024-03-19,3,2024,West Johnston Co.,Johnston,35.59095,-78.4622,37.0,29.0
2024-03-20,3,2024,Bryson City,Swain,35.434767,-83.442133,47.0,62.0
2024-03-20,3,2024,Castle Hayne,New Hanover,34.364167,-77.838611,49.0,59.0
2024-03-20,3,2024,Clemmons Middle,Forsyth,36.026612,-80.341962,49.0,34.0
2024-03-20,3,2024,Durham Armory,Durham,36.0329550008979,-78.904037,46.0,61.0
2024-03-20,3,2024,Frying Pan Mountain,Haywood,35.379167,-82.7925,48.0,
2024-03-20,3,2024,Garinger High School,Mecklenburg,35.2401000008895,-80.785683,48.0,52.0
2024-03-20,3,2024,Hattie Avenue,Forsyth,36.11094,-80.224501,44.0,38.0
2024-03-20,3,2024,Leggett,Edgecombe,35.988278,-77.5843,49.0,46.0
2024-03-20,3,2024,Linville Falls,Avery,35.972347,-81.933072,48.0,
2024-03-20,3,2024,Mendenhall School,Guilford,36.1090060008986,-79.802314,45.0,32.0
2024-03-20,3,2024,Millbrook School,Wake,35.856111,-78.574167,47.0,53.0
2024-03-20,3,2024,Pitt Agri. Center,Pitt,35.6412760008938,-77.360126,48.0,58.0
2024-03-20,3,2024,Rockwell,Rowan,35.551868,-80.395039,46.0,36.0
2024-03-20,3,2024,West Johnston Co.,Johnston,35.59095,-78.4622,49.0,54.0
2024-03-21,3,2024,Bryson City,Swain,35.434767,-83.442133,44.0,37.0
2024-03-21,3,2024,Castle Hayne,New Hanover,34.364167,-77.838611,43.0,65.0
2024-03-21,3,2024,Clemmons Middle,Forsyth,36.026612,-80.341962,54.0,30.0
2024-03-21,3,2024,Durham Armory,Durham,36.0329550008979,-78.904037,44.0,
2024-03-21,3,2024,Frying Pan Mountain,Haywood,35.379167,-82.7925,54.0,
2024-03-21,3,2024,Garinger High School,Mecklenburg,35.2401000008895,-80.785683,47.0,37.0
2024-03-21,3,2024,Hattie Avenue,Forsyth,36.11094,-80.224501,47.0,24.0
2024-03-21,3,2024,Leggett,Edgecombe,35.988278,-77.5843,44.0,29.0
2024-03-21,3,2024,Linville Falls,Avery,35.972347,-81.933072,48.0,
2024-03-21,3,2024,Mendenhall School,Guilford,36.1090060008986,-79.802314,48.0,25.0
2024-03-21,3,2024,Millbrook School,Wake,35.856111,-78.574167,44.0,50.0
2024-03-21,3,2024,Pitt Agri. Center,Pitt,35.6412760008938,-77.360126,44.0,39.0
2024-03-21,3,2024,Rockwell,Rowan,35.551868,-80.395039,47.0,36.0
2024-03-21,3,2024,West Johnston Co.,Johnston,35.59095,-78.4622,47.0,55.0
2024-03-22,3,2024,Bryson City,Swain,35.434767,-83.442133,49.0,46.0
2024-03-22,3,2024,Castle Hayne,New Hanover,34.364167,-77.838611,44.0,33.5
2024-03-22,3,2024,Clemmons Middle,Forsyth,36.026612,-80.341962,35.0,56.0
2024-03-22,3,2024,Durham Armory,Durham,36.0329550008979,-78.904037,37.0,
2024-03-22,3,2024,Frying Pan Mountain,Haywood,35.379167,-82.7925,51.0,42.0
2024-03-22,3,2024,Garinger High School,Mecklenburg,35.2401000008895,-80.785683,33.0,58.5
2024-03-22,3,2024,Hattie Avenue,Forsyth,36.11094,-80.224501,32.0,54.0
2024-03-22,3,2024,Leggett,Edgecombe,35.988278,-77.5843,40.0,46.0
2024-03-22,3,2024,Linville Falls,Avery,35.972347,-81.933072,44.0,65.0
2024-03-22,3,2024,Mendenhall School,Guilford,36.1090060008986,-79.802314,33.0,55.0
2024-03-22,3,2024,Millbrook School,Wake,35.856111,-78.574167,38.0,44.0
2024-03-22,3,2024,Pitt Agri. Center,Pitt,35.6412760008938,-77.360126,39.0,32.0
2024-03-22,3,2024,Rockwell,Rowan,35.551868,-80.395039,31.0,59.0
2024-03-22,3,2024,West Johnston Co.,Johnston,35.59095,-78.4622,40.0,50.0
2024-03-23,3,2024,Bryson City,Swain,35.434767,-83.442133,39.0,26.0
2024-03-23,3,2024,Castle Hayne,New Hanover,34.364167,-77.838611,34.0,23.5
2024-03-23,3,2024,Clemmons Middle,Forsyth,36.026612,-80.341962,44.0,18.0
2024-03-23,3,2024,Durham Armory,Durham,36.0329550008979,-78.904037,36.0,23.0
2024-03-23,3,2024,Frying Pan Mountain,Haywood,35.379167,-82.7925,61.0,
2024-03-23,3,2024,Garinger High School,Mecklenburg,35.2401000008895,-80.785683,42.0,19.0
2024-03-23,3,2024,Hattie Avenue,Forsyth,36.11094,-80.224501,40.0,18.0
2024-03-23,3,2024,Leggett,Edgecombe,35.988278,-77.5843,35.0,13.0
2024-03-23,3,2024,Linville Falls,Avery,35.972347,-81.933072,40.0,
2024-03-23,3,2024,Mendenhall School,Guilford,36.1090060008986,-79.802314,38.0,13.0
2024-03-23,3,2024,Millbrook School,Wake,35.856111,-78.574167,37.0,15.0
2024-03-23,3,2024,Pitt Agri. Center,Pitt,35.6412760008938,-77.360126,34.0,16.0
2024-03-23,3,2024,Rockwell,Rowan,35.551868,-80.395039,39.0,13.0
2024-03-23,3,2024,West Johnston Co.,Johnston,35.59095,-78.4622,36.0,16.0
2024-03-24,3,2024,Bryson City,Swain,35.434767,-83.442133,44.0,21.0
2024-03-24,3,2024,Castle Hayne,New Hanover,34.364167,-77.838611,44.0,22.5
2024-03-24,3,2024,Clemmons Middle,Forsyth,36.026612,-80.341962,48.0,23.0
2024-03-24,3,2024,Durham Armory,Durham,36.0329550008979,-78.904037,43.0,39.0
2024-03-24,3,2024,Frying Pan Mountain,Haywood,35.379167,-82.7925,64.0,
2024-03-24,3,2024,Garinger High School,Mecklenburg,35.2401000008895,-80.785683,44.0,20.0
2024-03-24,3,2024,Hattie Avenue,Forsyth,36.11094,-80.224501,44.0,23.0
2024-03-24,3,2024,Leggett,Edgecombe,35.988278,-77.5843,40.0,16.0
2024-03-24,3,2024,Linville Falls,Avery,35.972347,-81.933072,51.0,
2024-03-24,3,2024,Mendenhall School,Guilford,36.1090060008986,-79.802314,43.0,22.0
2024-03-24,3,2024,Millbrook School,Wake,35.856111,-78.574167,44.0,20.0
2024-03-24,3,2024,Pitt Agri. Center,Pitt,35.6412760008938,-77.360126,42.0,12.0
2024-03-24,3,2024,Rockwell,Rowan,35.551868,-80.395039,43.0,21.0
2024-03-24,3,2024,West Johnston Co.,Johnston,35.59095,-78.4622,44.0,18.0
2024-03-25,3,2024,Bryson City,Swain,35.434767,-83.442133,51.0,18.0
2024-03-25,3,2024,Castle Hayne,New Hanover,34.364167,-77.838611,42.0,42.0
2024-03-25,3,2024,Clemmons Middle,Forsyth,36.026612,-80.341962,58.0,34.0
2024-03-25,3,2024,Durham Armory,Durham,36.0329550008979,-78.904037,44.0,51.0
2024-03-25,3,2024,Frying Pan Mountain,Haywood,35.379167,-82.7925,,14.0
2024-03-25,3,2024,Garinger High School,Mecklenburg,35.2401000008895,-80.785683,46.0,55.0
2024-03-25,3,2024,Hattie Avenue,Forsyth,36.11094,-80.224501,48.0,29.0
2024-03-25,3,2024,Leggett,Edgecombe,35.988278,-77.5843,,29.0
2024-03-25,3,2024,Linville Falls,Avery,35.972347,-81.933072,54.0,18.0
2024-03-25,3,2024,Mendenhall School,Guilford,36.1090060008986,-79.802314,46.0,32.0
2024-03-25,3,2024,Millbrook School,Wake,35.856111,-78.574167,44.0,31.5
2024-03-25,3,2024,Old High School,Swain,35.498711,-83.310242,,20.0
2024-03-25,3,2024,Pitt Agri. Center,Pitt,35.6412760008938,-77.360126,43.0,34.0
2024-03-25,3,2024,Rockwell,Rowan,35.551868,-80.395039,45.0,26.0
2024-03-25,3,2024,West Johnston Co.,Johnston,35.59095,-78.4622,47.0,29.0
2024-03-26,3,2024,Bryson City,Swain,35.434767,-83.442133,34.0,18.0
2024-03-26,3,2024,Castle Hayne,New Hanover,34.364167,-77.838611,39.0,47.5
2024-03-26,3,2024,Clemmons Middle,Forsyth,36.026612,-80.341962,35.0,42.0
2024-03-26,3,2024,Durham Armory,Durham,36.0329550008979,-78.904037,38.0,55.0
2024-03-26,3,2024,Frying Pan Mountain,Haywood,35.379167,-82.7925,41.0,
2024-03-26,3,2024,Garinger High School,Mecklenburg,35.2401000008895,-80.785683,37.0,60.0
2024-03-26,3,2024,Hattie Avenue,Forsyth,36.11094,-80.224501,33.0,42.0
2024-03-26,3,2024,Leggett,Edgecombe,35.988278,-77.5843,,37.0
2024-03-26,3,2024,Linville Falls,Avery,35.972347,-81.933072,39.0,
2024-03-26,3,2024,Mendenhall School,Guilford,36.1090060008986,-79.802314,36.0,48.0
2024-03-26,3,2024,Millbrook School,Wake,35.856111,-78.574167,40.0,44.0
2024-03-26,3,2024,Pitt Agri. Center,Pitt,35.6412760008938,-77.360126,36.0,36.0
2024-03-26,3,2024,Rockwell,Rowan,35.551868,-80.395039,34.0,49.0
2024-03-26,3,2024,West Johnston Co.,Johnston,35.59095,-78.4622,41.0,46.0
2024-03-27,3,2024,Bryson City,Swain,35.434767,-83.442133,40.0,17.0
2024-03-27,3,2024,Castle Hayne,New Hanover,34.364167,-77.838611,35.0,24.5
2024-03-27,3,2024,Clemmons Middle,Forsyth,36.026612,-80.341962,26.0,19.0
2024-03-27,3,2024,Durham Armory,Durham,36.0329550008979,-78.904037,19.0,45.0
2024-03-27,3,2024,Frying Pan Mountain,Haywood,35.379167,-82.7925,42.0,
2024-03-27,3,2024,Garinger High School,Mecklenburg,35.2401000008895,-80.785683,19.0,21.0
2024-03-27,3,2024,Hattie Avenue,Forsyth,36.11094,-80.224501,25.0,19.0
2024-03-27,3,2024,Linville Falls,Avery,35.972347,-81.933072,37.0,
2024-03-27,3,2024,Mendenhall School,Guilford,36.1090060008986,-79.802314,20.0,22.0
2024-03-27,3,2024,Millbrook School,Wake,35.856111,-78.574167,18.0,38.0
2024-03-27,3,2024,Pitt Agri. Center,Pitt,35.6412760008938,-77.360126,23.0,27.0
2024-03-27,3,2024,Rockwell,Rowan,35.551868,-80.395039,22.0,19.0
2024-03-27,3,2024,West Johnston Co.,Johnston,35.59095,-78.4622,20.0,44.0
2024-03-28,3,2024,Bryson City,Swain,35.434767,-83.442133,45.0,20.0
2024-03-28,3,2024,Castle Hayne,New Hanover,34.364167,-77.838611,28.0,18.5
2024-03-28,3,2024,Clemmons Middle,Forsyth,36.026612,-80.341962,48.0,24.0
2024-03-28,3,2024,Durham Armory,Durham,36.0329550008979,-78.904037,29.0,32.0
2024-03-28,3,2024,Frying Pan Mountain,Haywood,35.379167,-82.7925,46.0,
2024-03-28,3,2024,Garinger High School,Mecklenburg,35.2401000008895,-80.785683,42.0,18.0
2024-03-28,3,2024,Hattie Avenue,Forsyth,36.11094,-80.224501,44.0,21.5
2024-03-28,3,2024,Leggett,Edgecombe,35.988278,-77.5843,26.0,
2024-03-28,3,2024,Linville Falls,Avery,35.972347,-81.933072,45.0,14.0
2024-03-28,3,2024,Mendenhall School,Guilford,36.1090060008986,-79.802314,43.0,18.0
2024-03-28,3,2024,Millbrook School,Wake,35.856111,-78.574167,33.0,20.0
2024-03-28,3,2024,Old High School,Swain,35.498711,-83.310242,,17.0
2024-03-28,3,2024,Pitt Agri. Center,Pitt,35.6412760008938,-77.360126,24.0,16.0
2024-03-28,3,2024,Rockwell,Rowan,35.551868,-80.395039,43.0,14.0
2024-03-28,3,2024,West Johnston Co.,Johnston,35.59095,-78.4622,26.0,17.0
2024-03-29,3,2024,Bryson City,Swain,35.434767,-83.442133,46.0,43.0
2024-03-29,3,2024,Castle Hayne,New Hanover,34.364167,-77.838611,48.0,35.0
2024-03-29,3,2024,Clemmons Middle,Forsyth,36.026612,-80.341962,54.0,29.0
2024-03-29,3,2024,Durham Armory,Durham,36.0329550008979,-78.904037,48.0,50.0
2024-03-29,3,2024,Frying Pan Mountain,Haywood,35.379167,-82.7925,50.0,
2024-03-29,3,2024,Garinger High School,Mecklenburg,35.2401000008895,-80.785683,47.0,28.0
2024-03-29,3,2024,Hattie Avenue,Forsyth,36.11094,-80.224501,47.0,32.0
2024-03-29,3,2024,Leggett,Edgecombe,35.988278,-77.5843,48.0,34.0
2024-03-29,3,2024,Linville Falls,Avery,35.972347,-81.933072,49.0,
2024-03-29,3,2024,Mendenhall School,Guilford,36.1090060008986,-79.802314,48.0,40.0
2024-03-29,3,2024,Millbrook School,Wake,35.856111,-78.574167,50.0,31.0
2024-03-29,3,2024,Old High School,Swain,35.498711,-83.310242,,22.0
2024-03-29,3,2024,Pitt Agri. Center,Pitt,35.6412760008938,-77.360126,49.0,39.0
2024-03-29,3,2024,Rockwell,Rowan,35.551868,-80.395039,47.0,23.0
2024-03-29,3,2024,West Johnston Co.,Johnston,35.59095,-78.4622,50.0,35.0
2024-03-30,3,2024,Bryson City,Swain,35.434767,-83.442133,54.0,53.0
2024-03-30,3,2024,Castle Hayne,New Hanover,34.364167,-77.838611,64.0,37.5
2024-03-30,3,2024,Clemmons Middle,Forsyth,36.026612,-80.341962,71.0,43.0
2024-03-30,3,2024,Durham Armory,Durham,36.0329550008979,-78.904037,54.0,56.0
2024-03-30,3,2024,Frying Pan Mountain,Haywood,35.379167,-82.7925,61.0,
2024-03-30,3,2024,Garinger High School,Mecklenburg,35.2401000008895,-80.785683,54.0,52.0
2024-03-30,3,2024,Hattie Avenue,Forsyth,36.11094,-80.224501,54.0,41.0
2024-03-30,3,2024,Leggett,Edgecombe,35.988278,-77.5843,51.0,51.0
2024-03-30,3,2024,Linville Falls,Avery,35.972347,-81.933072,54.0,
2024-03-30,3,2024,Mendenhall School,Guilford,36.1090060008986,-79.802314,64.0,46.0
2024-03-30,3,2024,Millbrook School,Wake,35.856111,-78.574167,54.0,46.0
2024-03-30,3,2024,Pitt Agri. Center,Pitt,35.6412760008938,-77.360126,54.0,46.0
2024-03-30,3,2024,Rockwell,Rowan,35.551868,-80.395039,54.0,43.0
2024-03-30,3,2024,West Johnston Co.,Johnston,35.59095,-78.4622,54.0,47.0
2024-03-31,3,2024,Bryson City,Swain,35.434767,-83.442133,46.0,53.0
2024-03-31,3,2024,Castle Hayne,New Hanover,34.364167,-77.838611,61.0,50.5
2024-03-31,3,2024,Clemmons Middle,Forsyth,36.026612,-80.341962,64.0,47.5
2024-03-31,3,2024,Durham Armory,Durham,36.0329550008979,-78.904037,51.0,56.0
2024-03-31,3,2024,Frying Pan Mountain,Haywood,35.379167,-82.7925,48.0,29.0
2024-03-31,3,2024,Garinger High School,Mecklenburg,35.2401000008895,-80.785683,50.0,54.0
2024-03-31,3,2024,Hattie Avenue,Forsyth,36.11094,-80.224501,49.0,50.5
2024-03-31,3,2024,Leggett,Edgecombe,35.988278,-77.5843,51.0,52.0
2024-03-31,3,2024,Linville Falls,Avery,35.972347,-81.933072,49.0,30.0
2024-03-31,3,2024,Mendenhall School,Guilford,36.1090060008986,-79.802314,58.0,53.0
2024-03-31,3,2024,Millbrook School,Wake,35.856111,-78.574167,51.0,53.0
2024-03-31,3,2024,Old High School,Swain,35.498711,-83.310242,,54.0
2024-03-31,3,2024,Pitt Agri. Center,Pitt,35.6412760008938,-77.360126,51.0,53.0
2024-03-31,3,2024,Rockwell,Rowan,35.551868,-80.395039,50.0,48.0
2024-03-31,3,2024,West Johnston Co.,Johnston,35.59095,-78.4622,58.0,54.0
2024-04-01,4,2024,Bryson City,Swain,35.434767,-83.442133,42.0,55.0
2024-04-01,4,2024,Castle Hayne,New Hanover,34.364167,-77.838611,42.0,48.0
2024-04-01,4,2024,Clemmons Middle,Forsyth,36.026612,-80.341962,50.0,58.0
2024-04-01,4,2024,Durham Armory,Durham,36.0329550008979,-78.904037,44.0,67.0
2024-04-01,4,2024,Frying Pan Mountain,Haywood,35.379167,-82.7925,46.0,
2024-04-01,4,2024,Garinger High School,Mecklenburg,35.2401000008895,-80.785683,43.0,58.0
2024-04-01,4,2024,Hattie Avenue,Forsyth,36.11094,-80.224501,45.0,58.0
2024-04-01,4,2024,Leggett,Edgecombe,35.988278,-77.5843,44.0,56.0
2024-04-01,4,2024,Linville Falls,Avery,35.972347,-81.933072,45.0,
2024-04-01,4,2024,Mendenhall School,Guilford,36.1090060008986,-79.802314,47.0,59.0
2024-04-01,4,2024,Millbrook School,Wake,35.856111,-78.574167,43.0,59.0
2024-04-01,4,2024,Pitt Agri. Center,Pitt,35.6412760008938,-77.360126,44.0,55.0
2024-04-01,4,2024,Rockwell,Rowan,35.551868,-80.395039,43.0,59.0
2024-04-01,4,2024,West Johnston Co.,Johnston,35.59095,-78.4622,48.0,71.0
2024-04-02,4,2024,Bryson City,Swain,35.434767,-83.442133,44.0,58.0
2024-04-02,4,2024,Castle Hayne,New Hanover,34.364167,-77.838611,43.0,54.5
2024-04-02,4,2024,Clemmons Middle,Forsyth,36.026612,-80.341962,49.0,63.0
2024-04-02,4,2024,Durham Armory,Durham,36.0329550008979,-78.904037,43.0,69.0
2024-04-02,4,2024,Frying Pan Mountain,Haywood,35.379167,-82.7925,54.0,
2024-04-02,4,2024,Garinger High School,Mecklenburg,35.2401000008895,-80.785683,41.0,57.0
2024-04-02,4,2024,Hattie Avenue,Forsyth,36.11094,-80.224501,45.0,65.0
2024-04-02,4,2024,Leggett,Edgecombe,35.988278,-77.5843,42.0,57.0
2024-04-02,4,2024,Linville Falls,Avery,35.972347,-81.933072,46.0,
2024-04-02,4,2024,Mendenhall School,Guilford,36.1090060008986,-79.802314,48.0,64.0
2024-04-02,4,2024,Millbrook School,Wake,35.856111,-78.574167,44.0,71.0
2024-04-02,4,2024,Pitt Agri. Center,Pitt,35.6412760008938,-77.360126,39.0,59.0
2024-04-02,4,2024,Rockwell,Rowan,35.551868,-80.395039,42.0,57.0
2024-04-02,4,2024,West Johnston Co.,Johnston,35.59095,-78.4622,45.0,64.0
2024-04-03,4,2024,Bryson City,Swain,35.434767,-83.442133,42.0,18.0
2024-04-03,4,2024,Castle Hayne,New Hanover,34.364167,-77.838611,37.0,50.5
2024-04-03,4,2024,Clemmons Middle,Forsyth,36.026612,-80.341962,47.0,36.0
2024-04-03,4,2024,Durham Armory,Durham,36.0329550008979,-78.904037,44.0,54.0
2024-04-03,4,2024,Frying Pan Mountain,Haywood,35.379167,-82.7925,45.0,10.0
2024-04-03,4,2024,Garinger High School,Mecklenburg,35.2401000008895,-80.785683,43.0,23.5
2024-04-03,4,2024,Hattie Avenue,Forsyth,36.11094,-80.224501,43.0,39.0
2024-04-03,4,2024,Leggett,Edgecombe,35.988278,-77.5843,30.0,42.0
2024-04-03,4,2024,Linville Falls,Avery,35.972347,-81.933072,44.0,13.0
2024-04-03,4,2024,Mendenhall School,Guilford,36.1090060008986,-79.802314,44.0,37.0
2024-04-03,4,2024,Millbrook School,Wake,35.856111,-78.574167,44.0,51.0
2024-04-03,4,2024,Old High School,Swain,35.498711,-83.310242,,17.0
2024-04-03,4,2024,Pitt Agri. Center,Pitt,35.6412760008938,-77.360126,29.0,46.0
2024-04-03,4,2024,Rockwell,Rowan,35.551868,-80.395039,44.0,27.0
2024-04-03,4,2024,West Johnston Co.,Johnston,35.59095,-78.4622,42.0,48.0
2024-04-04,4,2024,Bryson City,Swain,35.434767,-83.442133,37.0,16.0
2024-04-04,4,2024,Castle Hayne,New Hanover,34.364167,-77.838611,42.0,20.0
2024-04-04,4,2024,Clemmons Middle,Forsyth,36.026612,-80.341962,42.0,9.0
2024-04-04,4,2024,Durham Armory,Durham,36.0329550008979,-78.904037,38.0,
2024-04-04,4,2024,Frying Pan Mountain,Haywood,35.379167,-82.7925,40.0,
2024-04-04,4,2024,Garinger High School,Mecklenburg,35.2401000008895,-80.785683,38.0,3.0
2024-04-04,4,2024,Hattie Avenue,Forsyth,36.11094,-80.224501,37.0,11.0
2024-04-04,4,2024,Leggett,Edgecombe,35.988278,-77.5843,40.0,6.0
2024-04-04,4,2024,Linville Falls,Avery,35.972347,-81.933072,40.0,
2024-04-04,4,2024,Mendenhall School,Guilford,36.1090060008986,-79.802314,38.0,11.0
2024-04-04,4,2024,Millbrook School,Wake,35.856111,-78.574167,40.0,13.0
2024-04-04,4,2024,Pitt Agri. Center,Pitt,35.6412760008938,-77.360126,41.0,6.0
2024-04-04,4,2024,Rockwell,Rowan,35.551868,-80.395039,38.0,17.0
2024-04-04,4,2024,West Johnston Co.,Johnston,35.59095,-78.4622,41.0,18.0
2024-04-05,4,2024,Bryson City,Swain,35.434767,-83.442133,32.0,7.0
2024-04-05,4,2024,Castle Hayne,New Hanover,34.364167,-77.838611,43.0,19.0
2024-04-05,4,2024,Clemmons Middle,Forsyth,36.026612,-80.341962,40.0,12.0
2024-04-05,4,2024,Durham Armory,Durham,36.0329550008979,-78.904037,38.0,31.0
2024-04-05,4,2024,Frying Pan Mountain,Haywood,35.379167,-82.7925,36.0,
2024-04-05,4,2024,Garinger High School,Mecklenburg,35.2401000008895,-80.785683,36.0,7.0
2024-04-05,4,2024,Hattie Avenue,Forsyth,36.11094,-80.224501,35.0,12.0
2024-04-05,4,2024,Leggett,Edgecombe,35.988278,-77.5843,40.0,4.0
2024-04-05,4,2024,Linville Falls,Avery,35.972347,-81.933072,35.0,
2024-04-05,4,2024,Mendenhall School,Guilford,36.1090060008986,-79.802314,36.0,6.0
2024-04-05,4,2024,Millbrook School,Wake,35.856111,-78.574167,41.0,12.0
2024-04-05,4,2024,Pitt Agri. Center,Pitt,35.6412760008938,-77.360126,44.0,9.0
2024-04-05,4,2024,Rockwell,Rowan,35.551868,-80.395039,37.0,9.0
2024-04-05,4,2024,West Johnston Co.,Johnston,35.59095,-78.4622,43.0,12.0
2024-04-06,4,2024,Bryson City,Swain,35.434767,-83.442133,41.0,19.0
2024-04-06,4,2024,Castle Hayne,New Hanover,34.364167,-77.838611,44.0,15.5
2024-04-06,4,2024,Clemmons Middle,Forsyth,36.026612,-80.341962,45.0,11.0
2024-04-06,4,2024,Durham Armory,Durham,36.0329550008979,-78.904037,39.0,28.0
2024-04-06,4,2024,Frying Pan Mountain,Haywood,35.379167,-82.7925,44.0,7.0
2024-04-06,4,2024,Garinger High School,Mecklenburg,35.2401000008895,-80.785683,43.0,8.0
2024-04-06,4,2024,Hattie Avenue,Forsyth,36.11094,-80.224501,41.0,14.0
2024-04-06,4,2024,Leggett,Edgecombe,35.988278,-77.5843,38.0,
2024-04-06,4,2024,Linville Falls,Avery,35.972347,-81.933072,44.0,7.0
2024-04-06,4,2024,Mendenhall School,Guilford,36.1090060008986,-79.802314,41.0,16.0
2024-04-06,4,2024,Millbrook School,Wake,35.856111,-78.574167,41.0,11.5
2024-04-06,4,2024,Pitt Agri. Center,Pitt,35.6412760008938,-77.360126,39.0,6.0
2024-04-06,4,2024,Rockwell,Rowan,35.551868,-80.395039,42.0,6.0
2024-04-06,4,2024,West Johnston Co.,Johnston,35.59095,-78.4622,42.0,13.0
2024-04-07,4,2024,Bryson City,Swain,35.434767,-83.442133,44.0,25.0
2024-04-07,4,2024,Castle Hayne,New Hanover,34.364167,-77.838611,43.0,19.0
2024-04-07,4,2024,Clemmons Middle,Forsyth,36.026612,-80.341962,49.0,18.0
2024-04-07,4,2024,Durham Armory,Durham,36.0329550008979,-78.904037,43.0,32.0
2024-04-07,4,2024,Frying Pan Mountain,Haywood,35.379167,-82.7925,61.0,
2024-04-07,4,2024,Garinger High School,Mecklenburg,35.2401000008895,-80.785683,47.0,22.0
2024-04-07,4,2024,Hattie Avenue,Forsyth,36.11094,-80.224501,47.0,22.0
2024-04-07,4,2024,Leggett,Edgecombe,35.988278,-77.5843,42.0,
2024-04-07,4,2024,Linville Falls,Avery,35.972347,-81.933072,44.0,
2024-04-07,4,2024,Mendenhall School,Guilford,36.1090060008986,-79.802314,47.0,28.0
2024-04-07,4,2024,Millbrook School,Wake,35.856111,-78.574167,44.0,19.0
2024-04-07,4,2024,Old High School,Swain,35.498711,-83.310242,,23.0
2024-04-07,4,2024,Pitt Agri. Center,Pitt,35.6412760008938,-77.360126,42.0,12.0
2024-04-07,4,2024,Rockwell,Rowan,35.551868,-80.395039,44.0,52.0
2024-04-07,4,2024,West Johnston Co.,Johnston,35.59095,-78.4622,46.0,26.0
2024-04-08,4,2024,Bryson City,Swain,35.434767,-83.442133,50.0,52.0
2024-04-08,4,2024,Castle Hayne,New Hanover,34.364167,-77.838611,46.0,24.5
2024-04-08,4,2024,Clemmons Middle,Forsyth,36.026612,-80.341962,58.0,53.0
2024-04-08,4,2024,Durham Armory,Durham,36.0329550008979,-78.904037,46.0,61.0
2024-04-08,4,2024,Frying Pan Mountain,Haywood,35.379167,-82.7925,54.0,
2024-04-08,4,2024,Garinger High School,Mecklenburg,35.2401000008895,-80.785683,45.0,46.0
2024-04-08,4,2024,Hattie Avenue,Forsyth,36.11094,-80.224501,49.0,52.0
2024-04-08,4,2024,Leggett,Edgecombe,35.988278,-77.5843,45.0,
2024-04-08,4,2024,Linville Falls,Avery,35.972347,-81.933072,49.0,
2024-04-08,4,2024,Mendenhall School,Guilford,36.1090060008986,-79.802314,58.0,56.0
2024-04-08,4,2024,Millbrook School,Wake,35.856111,-78.574167,47.0,51.0
2024-04-08,4,2024,Pitt Agri. Center,Pitt,35.6412760008938,-77.360126,45.0,33.0
2024-04-08,4,2024,Rockwell,Rowan,35.551868,-80.395039,47.0,47.0
2024-04-08,4,2024,West Johnston Co.,Johnston,35.59095,-78.4622,48.0,55.0
2024-04-09,4,2024,Bryson City,Swain,35.434767,-83.442133,39.0,51.0
2024-04-09,4,2024,Castle Hayne,New Hanover,34.364167,-77.838611,42.0,29.5
2024-04-09,4,2024,Clemmons Middle,Forsyth,36.026612,-80.341962,41.0,52.0
2024-04-09,4,2024,Durham Armory,Durham,36.0329550008979,-78.904037,41.0,58.0
2024-04-09,4,2024,Frying Pan Mountain,Haywood,35.379167,-82.7925,54.0,41.0
2024-04-09,4,2024,Garinger High School,Mecklenburg,35.2401000008895,-80.785683,32.0,52.5
2024-04-09,4,2024,Hattie Avenue,Forsyth,36.11094,-80.224501,33.0,52.0
2024-04-09,4,2024,Leggett,Edgecombe,35.988278,-77.5843,42.0,
2024-04-09,4,2024,Linville Falls,Avery,35.972347,-81.933072,43.0,41.0
2024-04-09,4,2024,Mendenhall School,Guilford,36.1090060008986,-79.802314,39.0,53.0
2024-04-09,4,2024,Millbrook School,Wake,35.856111,-78.574167,38.0,48.5
2024-04-09,4,2024,Old High School,Swain,35.498711,-83.310242,,50.0
2024-04-09,4,2024,Pitt Agri. Center,Pitt,35.6412760008938,-77.360126,44.0,42.0
2024-04-09,4,2024,Rockwell,Rowan,35.551868,-80.395039,37.0,51.0
2024-04-09,4,2024,West Johnston Co.,Johnston,35.59095,-78.4622,41.0,44.0
2024-04-10,4,2024,Bryson City,Swain,35.434767,-83.442133,43.0,46.0
2024-04-10,4,2024,Castle Hayne,New Hanover,34.364167,-77.838611,46.0,30.5
2024-04-10,4,2024,Clemmons Middle,Forsyth,36.026612,-80.341962,39.0,54.0
2024-04-10,4,2024,Durham Armory,Durham,36.0329550008979,-78.904037,37.0,54.0
2024-04-10,4,2024,Frying Pan Mountain,Haywood,35.379167,-82.7925,43.0,
2024-04-10,4,2024,Garinger High School,Mecklenburg,35.2401000008895,-80.785683,37.0,42.0
2024-04-10,4,2024,Hattie Avenue,Forsyth,36.11094,-80.224501,36.0,54.0
2024-04-10,4,2024,Leggett,Edgecombe,35.988278,-77.5843,37.0,
2024-04-10,4,2024,Linville Falls,Avery,35.972347,-81.933072,40.0,
2024-04-10,4,2024,Mendenhall School,Guilford,36.1090060008986,-79.802314,34.0,52.0
2024-04-10,4,2024,Millbrook School,Wake,35.856111,-78.574167,37.0,38.0
2024-04-10,4,2024,Pitt Agri. Center,Pitt,35.6412760008938,-77.360126,41.0,41.0
2024-04-10,4,2024,Rockwell,Rowan,35.551868,-80.395039,34.0,51.0
2024-04-10,4,2024,West Johnston Co.,Johnston,35.59095,-78.4622,40.0,36.0
2024-04-11,4,2024,Bryson City,Swain,35.434767,-83.442133,41.0,19.0
2024-04-11,4,2024,Castle Hayne,New Hanover,34.364167,-77.838611,40.0,40.0
2024-04-11,4,2024,Clemmons Middle,Forsyth,36.026612,-80.341962,41.0,27.0
2024-04-11,4,2024,Durham Armory,Durham,36.0329550008979,-78.904037,37.0,29.0
2024-04-11,4,2024,Frying Pan Mountain,Haywood,35.379167,-82.7925,45.0,
2024-04-11,4,2024,Garinger High School,Mecklenburg,35.2401000008895,-80.785683,36.0,9.0
2024-04-11,4,2024,Hattie Avenue,Forsyth,36.11094,-80.224501,38.0,28.0
2024-04-11,4,2024,Leggett,Edgecombe,35.988278,-77.5843,36.0,
2024-04-11,4,2024,Linville Falls,Avery,35.972347,-81.933072,44.0,
2024-04-11,4,2024,Mendenhall School,Guilford,36.1090060008986,-79.802314,37.0,23.0
2024-04-11,4,2024,Millbrook School,Wake,35.856111,-78.574167,37.0,30.0
2024-04-11,4,2024,Pitt Agri. Center,Pitt,35.6412760008938,-77.360126,37.0,37.0
2024-04-11,4,2024,Rockwell,Rowan,35.551868,-80.395039,33.0,24.0
2024-04-11,4,2024,West Johnston Co.,Johnston,35.59095,-78.4622,38.0,26.0
2024-04-12,4,2024,Bryson City,Swain,35.434767,-83.442133,43.0,21.0
2024-04-12,4,2024,Castle Hayne,New Hanover,34.364167,-77.838611,48.0,29.0
2024-04-12,4,2024,Clemmons Middle,Forsyth,36.026612,-80.341962,48.0,15.0
2024-04-12,4,2024,Durham Armory,Durham,36.0329550008979,-78.904037,46.0,41.0
2024-04-12,4,2024,Frying Pan Mountain,Haywood,35.379167,-82.7925,44.0,13.0
2024-04-12,4,2024,Garinger High School,Mecklenburg,35.2401000008895,-80.785683,44.0,15.0
2024-04-12,4,2024,Hattie Avenue,Forsyth,36.11094,-80.224501,44.0,16.0
2024-04-12,4,2024,Leggett,Edgecombe,35.988278,-77.5843,49.0,
2024-04-12,4,2024,Linville Falls,Avery,35.972347,-81.933072,44.0,12.0
2024-04-12,4,2024,Mendenhall School,Guilford,36.1090060008986,-79.802314,45.0,8.0
2024-04-12,4,2024,Millbrook School,Wake,35.856111,-78.574167,49.0,19.0
2024-04-12,4,2024,Old High School,Swain,35.498711,-83.310242,,16.5
2024-04-12,4,2024,Pitt Agri. Center,Pitt,35.6412760008938,-77.360126,48.0,21.0
2024-04-12,4,2024,Rockwell,Rowan,35.551868,-80.395039,45.0,6.0
2024-04-12,4,2024,West Johnston Co.,Johnston,35.59095,-78.4622,48.0,16.0
2024-04-13,4,2024,Bryson City,Swain,35.434767,-83.442133,48.0,29.0
2024-04-13,4,2024,Castle Hayne,New Hanover,34.364167,-77.838611,46.0,19.0
2024-04-13,4,2024,Clemmons Middle,Forsyth,36.026612,-80.341962,50.0,15.0
2024-04-13,4,2024,Durham Armory,Durham,36.0329550008979,-78.904037,45.0,36.0
2024-04-13,4,2024,Frying Pan Mountain,Haywood,35.379167,-82.7925,58.0,
2024-04-13,4,2024,Garinger High School,Mecklenburg,35.2401000008895,-80.785683,47.0,27.0
2024-04-13,4,2024,Hattie Avenue,Forsyth,36.11094,-80.224501,45.0,17.0
2024-04-13,4,2024,Leggett,Edgecombe,35.988278,-77.5843,45.0,22.0
2024-04-13,4,2024,Linville Falls,Avery,35.972347,-81.933072,49.0,
2024-04-13,4,2024,Mendenhall School,Guilford,36.1090060008986,-79.802314,45.0,22.0
2024-04-13,4,2024,Millbrook School,Wake,35.856111,-78.574167,47.0,15.0
2024-04-13,4,2024,Old High School,Swain,35.498711,-83.310242,,20.0
2024-04-13,4,2024,Pitt Agri. Center,Pitt,35.6412760008938,-77.360126,46.0,16.0
2024-04-13,4,2024,Rockwell,Rowan,35.551868,-80.395039,46.0,18.0
2024-04-13,4,2024,West Johnston Co.,Johnston,35.59095,-78.4622,47.0,19.0
2024-04-14,4,2024,Bryson City,Swain,35.434767,-83.442133,71.0,46.0
2024-04-14,4,2024,Castle Hayne,New Hanover,34.364167,-77.838611,58.0,27.0
2024-04-14,4,2024,Clemmons Middle,Forsyth,36.026612,-80.341962,74.0,33.0
2024-04-14,4,2024,Durham Armory,Durham,36.0329550008979,-78.904037,51.0,53.0
2024-04-14,4,2024,Frying Pan Mountain,Haywood,35.379167,-82.7925,71.0,
2024-04-14,4,2024,Garinger High School,Mecklenburg,35.2401000008895,-80.785683,54.0,55.0
2024-04-14,4,2024,Hattie Avenue,Forsyth,36.11094,-80.224501,58.0,37.0
2024-04-14,4,2024,Leggett,Edgecombe,35.988278,-77.5843,50.0,33.0
2024-04-14,4,2024,Linville Falls,Avery,35.972347,-81.933072,67.0,
2024-04-14,4,2024,Mendenhall School,Guilford,36.1090060008986,-79.802314,74.0,47.0
2024-04-14,4,2024,Millbrook School,Wake,35.856111,-78.574167,51.0,32.0
2024-04-14,4,2024,Pitt Agri. Center,Pitt,35.6412760008938,-77.360126,49.0,31.0
2024-04-14,4,2024,Rockwell,Rowan,35.551868,-80.395039,58.0,36.0
2024-04-14,4,2024,West Johnston Co.,Johnston,35.59095,-78.4622,54.0,35.0
2024-04-15,4,2024,Bryson City,Swain,35.434767,-83.442133,48.0,46.0
2024-04-15,4,2024,Castle Hayne,New Hanover,34.364167,-77.838611,74.0,51.5
2024-04-15,4,2024,Clemmons Middle,Forsyth,36.026612,-80.341962,84.0,51.0
2024-04-15,4,2024,Durham Armory,Durham,36.0329550008979,-78.904037,54.0,57.0
2024-04-15,4,2024,Frying Pan Mountain,Haywood,35.379167,-82.7925,58.0,36.0
2024-04-15,4,2024,Garinger High School,Mecklenburg,35.2401000008895,-80.785683,61.0,53.5
2024-04-15,4,2024,Hattie Avenue,Forsyth,36.11094,-80.224501,64.0,53.0
2024-04-15,4,2024,Leggett,Edgecombe,35.988278,-77.5843,64.0,46.0
2024-04-15,4,2024,Linville Falls,Avery,35.972347,-81.933072,51.0,32.0
2024-04-15,4,2024,Mendenhall School,Guilford,36.1090060008986,-79.802314,87.0,56.0
2024-04-15,4,2024,Millbrook School,Wake,35.856111,-78.574167,61.0,52.5
2024-04-15,4,2024,Old High School,Swain,35.498711,-83.310242,,43.0
2024-04-15,4,2024,Pitt Agri. Center,Pitt,35.6412760008938,-77.360126,58.0,53.0
2024-04-15,4,2024,Rockwell,Rowan,35.551868,-80.395039,64.0,52.0
2024-04-15,4,2024,West Johnston Co.,Johnston,35.59095,-78.4622,61.0,52.0
2024-04-16,4,2024,Bryson City,Swain,35.434767,-83.442133,,68.0
2024-04-16,4,2024,Castle Hayne,New Hanover,34.364167,-77.838611,61.0,58.0
2024-04-16,4,2024,Clemmons Middle,Forsyth,36.026612,-80.341962,80.0,61.0
2024-04-16,4,2024,Durham Armory,Durham,36.0329550008979,-78.904037,48.0,66.0
2024-04-16,4,2024,Frying Pan Mountain,Haywood,35.379167,-82.7925,67.0,
2024-04-16,4,2024,Garinger High School,Mecklenburg,35.2401000008895,-80.785683,61.0,59.0
2024-04-16,4,2024,Hattie Avenue,Forsyth,36.11094,-80.224501,67.0,61.0
2024-04-16,4,2024,Leggett,Edgecombe,35.988278,-77.5843,46.0,38.0
2024-04-16,4,2024,Linville Falls,Avery,35.972347,-81.933072,61.0,
2024-04-16,4,2024,Mendenhall School,Guilford,36.1090060008986,-79.802314,50.0,58.0
2024-04-16,4,2024,Millbrook School,Wake,35.856111,-78.574167,47.0,58.0
2024-04-16,4,2024,Pitt Agri. Center,Pitt,35.6412760008938,-77.360126,46.0,52.0
2024-04-16,4,2024,Rockwell,Rowan,35.551868,-80.395039,54.0,61.0
2024-04-16,4,2024,West Johnston Co.,Johnston,35.59095,-78.4622,48.0,58.0
2024-04-17,4,2024,Bryson City,Swain,35.434767,-83.442133,49.0,47.0
2024-04-17,4,2024,Castle Hayne,New Hanover,34.364167,-77.838611,49.0,45.5
2024-04-17,4,2024,Clemmons Middle,Forsyth,36.026612,-80.341962,71.0,67.0
2024-04-17,4,2024,Durham Armory,Durham,36.0329550008979,-78.904037,40.0,71.0
2024-04-17,4,2024,Frying Pan Mountain,Haywood,35.379167,-82.7925,54.0,
2024-04-17,4,2024,Garinger High School,Mecklenburg,35.2401000008895,-80.785683,45.0,58.0
2024-04-17,4,2024,Hattie Avenue,Forsyth,36.11094,-80.224501,51.0,67.0
2024-04-17,4,2024,Leggett,Edgecombe,35.988278,-77.5843,45.0,54.0
2024-04-17,4,2024,Linville Falls,Avery,35.972347,-81.933072,51.0,
2024-04-17,4,2024,Mendenhall School,Guilford,36.1090060008986,-79.802314,58.0,64.0
2024-04-17,4,2024,Millbrook School,Wake,35.856111,-78.574167,45.0,57.0
2024-04-17,4,2024,Pitt Agri. Center,Pitt,35.6412760008938,-77.360126,49.0,55.0
2024-04-17,4,2024,Rockwell,Rowan,35.551868,-80.395039,47.0,60.0
2024-04-17,4,2024,West Johnston Co.,Johnston,35.59095,-78.4622,46.0,54.0
2024-04-18,4,2024,Bryson City,Swain,35.434767,-83.442133,47.0,41.0
2024-04-18,4,2024,Castle Hayne,New Hanover,34.364167,-77.838611,45.0,43.0
2024-04-18,4,2024,Clemmons Middle,Forsyth,36.026612,-80.341962,47.0,38.5
2024-04-18,4,2024,Durham Armory,Durham,36.0329550008979,-78.904037,43.0,58.0
2024-04-18,4,2024,Frying Pan Mountain,Haywood,35.379167,-82.7925,54.0,28.0
2024-04-18,4,2024,Garinger High School,Mecklenburg,35.2401000008895,-80.785683,50.0,42.5
2024-04-18,4,2024,Hattie Avenue,Forsyth,36.11094,-80.224501,44.0,43.5
2024-04-18,4,2024,Leggett,Edgecombe,35.988278,-77.5843,44.0,39.0
2024-04-18,4,2024,Linville Falls,Avery,35.972347,-81.933072,49.0,27.0
2024-04-18,4,2024,Mendenhall School,Guilford,36.1090060008986,-79.802314,45.0,42.0
2024-04-18,4,2024,Millbrook School,Wake,35.856111,-78.574167,46.0,51.5
2024-04-18,4,2024,Pitt Agri. Center,Pitt,35.6412760008938,-77.360126,45.0,43.0
2024-04-18,4,2024,Rockwell,Rowan,35.551868,-80.395039,45.0,42.0
2024-04-18,4,2024,West Johnston Co.,Johnston,35.59095,-78.4622,49.0,53.0
2024-04-19,4,2024,Bryson City,Swain,35.434767,-83.442133,47.0,37.0
2024-04-19,4,2024,Castle Hayne,New Hanover,34.364167,-77.838611,40.0,45.0
2024-04-19,4,2024,Clemmons Middle,Forsyth,36.026612,-80.341962,58.0,61.0
2024-04-19,4,2024,Durham Armory,Durham,36.0329550008979,-78.904037,43.0,62.0
2024-04-19,4,2024,Frying Pan Mountain,Haywood,35.379167,-82.7925,49.0,
2024-04-19,4,2024,Garinger High School,Mecklenburg,35.2401000008895,-80.785683,74.0,52.0
2024-04-19,4,2024,Hattie Avenue,Forsyth,36.11094,-80.224501,46.0,59.0
2024-04-19,4,2024,Leggett,Edgecombe,35.988278,-77.5843,38.0,31.0
2024-04-19,4,2024,Linville Falls,Avery,35.972347,-81.933072,46.0,
2024-04-19,4,2024,Mendenhall School,Guilford,36.1090060008986,-79.802314,39.0,60.0
2024-04-19,4,2024,Millbrook School,Wake,35.856111,-78.574167,43.0,59.0
2024-04-19,4,2024,Pitt Agri. Center,Pitt,35.6412760008938,-77.360126,37.0,35.0
2024-04-19,4,2024,Rockwell,Rowan,35.551868,-80.395039,50.0,
2024-04-19,4,2024,West Johnston Co.,Johnston,35.59095,-78.4622,36.0,60.0
2024-04-20,4,2024,Bryson City,Swain,35.434767,-83.442133,36.0,24.0
2024-04-20,4,2024,Castle Hayne,New Hanover,34.364167,-77.838611,38.0,57.0
2024-04-20,4,2024,Clemmons Middle,Forsyth,36.026612,-80.341962,39.0,53.0
2024-04-20,4,2024,Durham Armory,Durham,36.0329550008979,-78.904037,28.0,61.0
2024-04-20,4,2024,Frying Pan Mountain,Haywood,35.379167,-82.7925,44.0,
2024-04-20,4,2024,Garinger High School,Mecklenburg,35.2401000008895,-80.785683,40.0,54.0
2024-04-20,4,2024,Hattie Avenue,Forsyth,36.11094,-80.224501,37.0,52.0
2024-04-20,4,2024,Leggett,Edgecombe,35.988278,-77.5843,25.0,46.0
2024-04-20,4,2024,Linville Falls,Avery,35.972347,-81.933072,41.0,
2024-04-20,4,2024,Mendenhall School,Guilford,36.1090060008986,-79.802314,37.0,55.0
2024-04-20,4,2024,Millbrook School,Wake,35.856111,-78.574167,37.0,61.0
2024-04-20,4,2024,Pitt Agri. Center,Pitt,35.6412760008938,-77.360126,31.0,54.0
2024-04-20,4,2024,Rockwell,Rowan,35.551868,-80.395039,35.0,
2024-04-20,4,2024,West Johnston Co.,Johnston,35.59095,-78.4622,39.0,60.0
2024-04-21,4,2024,Bryson City,Swain,35.434767,-83.442133,32.0,21.0
2024-04-21,4,2024,Castle Hayne,New Hanover,34.364167,-77.838611,27.0,34.5
2024-04-21,4,2024,Clemmons Middle,Forsyth,36.026612,-80.341962,31.0,26.0
2024-04-21,4,2024,Durham Armory,Durham,36.0329550008979,-78.904037,25.0,52.0
2024-04-21,4,2024,Frying Pan Mountain,Haywood,35.379167,-82.7925,40.0,9.0
2024-04-21,4,2024,Garinger High School,Mecklenburg,35.2401000008895,-80.785683,33.0,20.0
2024-04-21,4,2024,Hattie Avenue,Forsyth,36.11094,-80.224501,29.0,25.0
2024-04-21,4,2024,Leggett,Edgecombe,35.988278,-77.5843,29.0,15.0
2024-04-21,4,2024,Linville Falls,Avery,35.972347,-81.933072,35.0,17.0
2024-04-21,4,2024,Mendenhall School,Guilford,36.1090060008986,-79.802314,27.0,23.0
2024-04-21,4,2024,Millbrook School,Wake,35.856111,-78.574167,28.0,24.5
2024-04-21,4,2024,Old High School,Swain,35.498711,-83.310242,,19.0
2024-04-21,4,2024,Pitt Agri. Center,Pitt,35.6412760008938,-77.360126,29.0,34.0
2024-04-21,4,2024,Rockwell,Rowan,35.551868,-80.395039,31.0,
2024-04-21,4,2024,West Johnston Co.,Johnston,35.59095,-78.4622,28.0,26.0
2024-04-22,4,2024,Bryson City,Swain,35.434767,-83.442133,43.0,16.0
2024-04-22,4,2024,Castle Hayne,New Hanover,34.364167,-77.838611,37.0,28.5
2024-04-22,4,2024,Clemmons Middle,Forsyth,36.026612,-80.341962,44.0,28.0
2024-04-22,4,2024,Durham Armory,Durham,36.0329550008979,-78.904037,38.0,44.0
2024-04-22,4,2024,Frying Pan Mountain,Haywood,35.379167,-82.7925,48.0,
2024-04-22,4,2024,Garinger High School,Mecklenburg,35.2401000008895,-80.785683,39.0,24.0
2024-04-22,4,2024,Hattie Avenue,Forsyth,36.11094,-80.224501,43.0,23.0
2024-04-22,4,2024,Leggett,Edgecombe,35.988278,-77.5843,37.0,27.0
2024-04-22,4,2024,Linville Falls,Avery,35.972347,-81.933072,46.0,
2024-04-22,4,2024,Mendenhall School,Guilford,36.1090060008986,-79.802314,42.0,32.0
2024-04-22,4,2024,Millbrook School,Wake,35.856111,-78.574167,39.0,28.0
2024-04-22,4,2024,Pitt Agri. Center,Pitt,35.6412760008938,-77.360126,34.0,
2024-04-22,4,2024,Rockwell,Rowan,35.551868,-80.395039,38.0,
2024-04-22,4,2024,West Johnston Co.,Johnston,35.59095,-78.4622,38.0,31.0
2024-04-23,4,2024,Bryson City,Swain,35.434767,-83.442133,48.0,52.0
2024-04-23,4,2024,Castle Hayne,New Hanover,34.364167,-77.838611,51.0,34.0
2024-04-23,4,2024,Clemmons Middle,Forsyth,36.026612,-80.341962,49.0,37.0
2024-04-23,4,2024,Durham Armory,Durham,36.0329550008979,-78.904037,45.0,52.0
2024-04-23,4,2024,Frying Pan Mountain,Haywood,35.379167,-82.7925,61.0,
2024-04-23,4,2024,Garinger High School,Mecklenburg,35.2401000008895,-80.785683,43.0,36.0
2024-04-23,4,2024,Hattie Avenue,Forsyth,36.11094,-80.224501,46.0,35.0
2024-04-23,4,2024,Leggett,Edgecombe,35.988278,-77.5843,48.0,23.0
2024-04-23,4,2024,Linville Falls,Avery,35.972347,-81.933072,50.0,
2024-04-23,4,2024,Mendenhall School,Guilford,36.1090060008986,-79.802314,50.0,41.0
2024-04-23,4,2024,Millbrook School,Wake,35.856111,-78.574167,47.0,39.0
2024-04-23,4,2024,Pitt Agri. Center,Pitt,35.6412760008938,-77.360126,48.0,
2024-04-23,4,2024,Rockwell,Rowan,35.551868,-80.395039,44.0,
2024-04-23,4,2024,West Johnston Co.,Johnston,35.59095,-78.4622,49.0,42.0
2024-04-24,4,2024,Bryson City,Swain,35.434767,-83.442133,48.0,35.0
2024-04-24,4,2024,Castle Hayne,New Hanover,34.364167,-77.838611,54.0,50.5
2024-04-24,4,2024,Clemmons Middle,Forsyth,36.026612,-80.341962,44.0,43.0
2024-04-24,4,2024,Durham Armory,Durham,36.0329550008979,-78.904037,37.0,57.0
2024-04-24,4,2024,Frying Pan Mountain,Haywood,35.379167,-82.7925,58.0,30.0
2024-04-24,4,2024,Garinger High School,Mecklenburg,35.2401000008895,-80.785683,46.0,52.0
2024-04-24,4,2024,Hattie Avenue,Forsyth,36.11094,-80.224501,42.0,41.5
2024-04-24,4,2024,Leggett,Edgecombe,35.988278,-77.5843,38.0,44.0
2024-04-24,4,2024,Linville Falls,Avery,35.972347,-81.933072,49.0,27.0
2024-04-24,4,2024,Mendenhall School,Guilford,36.1090060008986,-79.802314,43.0,51.0
2024-04-24,4,2024,Millbrook School,Wake,35.856111,-78.574167,36.0,48.0
2024-04-24,4,2024,Old High School,Swain,35.498711,-83.310242,,34.0
2024-04-24,4,2024,Pitt Agri. Center,Pitt,35.6412760008938,-77.360126,44.0,
2024-04-24,4,2024,Rockwell,Rowan,35.551868,-80.395039,42.0,
2024-04-24,4,2024,West Johnston Co.,Johnston,35.59095,-78.4622,42.0,52.0
2024-04-25,4,2024,Bryson City,Swain,35.434767,-83.442133,50.0,31.0
2024-04-25,4,2024,Castle Hayne,New Hanover,34.364167,-77.838611,50.0,58.0
2024-04-25,4,2024,Clemmons Middle,Forsyth,36.026612,-80.341962,71.0,38.0
2024-04-25,4,2024,Durham Armory,Durham,36.0329550008979,-78.904037,48.0,55.0
2024-04-25,4,2024,Frying Pan Mountain,Haywood,35.379167,-82.7925,64.0,
2024-04-25,4,2024,Garinger High School,Mecklenburg,35.2401000008895,-80.785683,71.0,43.0
2024-04-25,4,2024,Hattie Avenue,Forsyth,36.11094,-80.224501,61.0,31.0
2024-04-25,4,2024,Leggett,Edgecombe,35.988278,-77.5843,44.0,43.0
2024-04-25,4,2024,Linville Falls,Avery,35.972347,-81.933072,58.0,
2024-04-25,4,2024,Mendenhall School,Guilford,36.1090060008986,-79.802314,49.0,35.0
2024-04-25,4,2024,Millbrook School,Wake,35.856111,-78.574167,48.0,53.0
2024-04-25,4,2024,Pitt Agri. Center,Pitt,35.6412760008938,-77.360126,46.0,
2024-04-25,4,2024,Rockwell,Rowan,35.551868,-80.395039,54.0,
2024-04-25,4,2024,West Johnston Co.,Johnston,35.59095,-78.4622,50.0,55.0
2024-04-26,4,2024,Bryson City,Swain,35.434767,-83.442133,29.0,51.0
2024-04-26,4,2024,Castle Hayne,New Hanover,34.364167,-77.838611,47.0,46.0
2024-04-26,4,2024,Clemmons Middle,Forsyth,36.026612,-80.341962,47.0,52.0
2024-04-26,4,2024,Durham Armory,Durham,36.0329550008979,-78.904037,42.0,55.0
2024-04-26,4,2024,Frying Pan Mountain,Haywood,35.379167,-82.7925,44.0,
2024-04-26,4,2024,Garinger High School,Mecklenburg,35.2401000008895,-80.785683,38.0,50.0
2024-04-26,4,2024,Hattie Avenue,Forsyth,36.11094,-80.224501,44.0,51.0
2024-04-26,4,2024,Leggett,Edgecombe,35.988278,-77.5843,42.0,38.0
2024-04-26,4,2024,Linville Falls,Avery,35.972347,-81.933072,35.0,
2024-04-26,4,2024,Mendenhall School,Guilford,36.1090060008986,-79.802314,44.0,51.0
2024-04-26,4,2024,Millbrook School,Wake,35.856111,-78.574167,44.0,44.0
2024-04-26,4,2024,Pitt Agri. Center,Pitt,35.6412760008938,-77.360126,43.0,
2024-04-26,4,2024,Rockwell,Rowan,35.551868,-80.395039,36.0,
2024-04-26,4,2024,West Johnston Co.,Johnston,35.59095,-78.4622,45.0,42.0
2024-04-27,4,2024,Bryson City,Swain,35.434767,-83.442133,43.0,54.0
2024-04-27,4,2024,Castle Hayne,New Hanover,34.364167,-77.838611,44.0,28.0
2024-04-27,4,2024,Clemmons Middle,Forsyth,36.026612,-80.341962,49.0,52.0
2024-04-27,4,2024,Durham Armory,Durham,36.0329550008979,-78.904037,45.0,57.0
2024-04-27,4,2024,Frying Pan Mountain,Haywood,35.379167,-82.7925,46.0,22.0
2024-04-27,4,2024,Garinger High School,Mecklenburg,35.2401000008895,-80.785683,44.0,41.0
2024-04-27,4,2024,Hattie Avenue,Forsyth,36.11094,-80.224501,45.0,51.0
2024-04-27,4,2024,Leggett,Edgecombe,35.988278,-77.5843,38.0,29.0
2024-04-27,4,2024,Linville Falls,Avery,35.972347,-81.933072,49.0,41.0
2024-04-27,4,2024,Mendenhall School,Guilford,36.1090060008986,-79.802314,44.0,44.0
2024-04-27,4,2024,Millbrook School,Wake,35.856111,-78.574167,41.0,36.0
2024-04-27,4,2024,Old High School,Swain,35.498711,-83.310242,,53.0
2024-04-27,4,2024,Pitt Agri. Center,Pitt,35.6412760008938,-77.360126,38.0,21.0
2024-04-27,4,2024,Rockwell,Rowan,35.551868,-80.395039,41.0,50.0
2024-04-27,4,2024,West Johnston Co.,Johnston,35.59095,-78.4622,43.0,34.0
2024-04-28,4,2024,Bryson City,Swain,35.434767,-83.442133,44.0,40.0
2024-04-28,4,2024,Castle Hayne,New Hanover,34.364167,-77.838611,47.0,27.5
2024-04-28,4,2024,Clemmons Middle,Forsyth,36.026612,-80.341962,47.0,44.0
2024-04-28,4,2024,Durham Armory,Durham,36.0329550008979,-78.904037,41.0,54.0
2024-04-28,4,2024,Frying Pan Mountain,Haywood,35.379167,-82.7925,43.0,
2024-04-28,4,2024,Garinger High School,Mecklenburg,35.2401000008895,-80.785683,41.0,30.0
2024-04-28,4,2024,Hattie Avenue,Forsyth,36.11094,-80.224501,44.0,43.0
2024-04-28,4,2024,Leggett,Edgecombe,35.988278,-77.5843,43.0,53.0
2024-04-28,4,2024,Linville Falls,Avery,35.972347,-81.933072,44.0,
2024-04-28,4,2024,Mendenhall School,Guilford,36.1090060008986,-79.802314,44.0,43.0
2024-04-28,4,2024,Millbrook School,Wake,35.856111,-78.574167,42.0,46.0
2024-04-28,4,2024,Pitt Agri. Center,Pitt,35.6412760008938,-77.360126,43.0,31.0
2024-04-28,4,2024,Rockwell,Rowan,35.551868,-80.395039,42.0,41.0
2024-04-28,4,2024,West Johnston Co.,Johnston,35.59095,-78.4622,44.0,41.0
2024-04-29,4,2024,Bryson City,Swain,35.434767,-83.442133,46.0,33.0
2024-04-29,4,2024,Castle Hayne,New Hanover,34.364167,-77.838611,44.0,25.5
2024-04-29,4,2024,Clemmons Middle,Forsyth,36.026612,-80.341962,77.0,49.0
2024-04-29,4,2024,Durham Armory,Durham,36.0329550008979,-78.904037,46.0,58.0
2024-04-29,4,2024,Frying Pan Mountain,Haywood,35.379167,-82.7925,44.0,
2024-04-29,4,2024,Garinger High School,Mecklenburg,35.2401000008895,-80.785683,45.0,29.0
2024-04-29,4,2024,Hattie Avenue,Forsyth,36.11094,-80.224501,61.0,44.0
2024-04-29,4,2024,Leggett,Edgecombe,35.988278,-77.5843,47.0,42.0
2024-04-29,4,2024,Linville Falls,Avery,35.972347,-81.933072,48.0,
2024-04-29,4,2024,Mendenhall School,Guilford,36.1090060008986,-79.802314,58.0,53.0
2024-04-29,4,2024,Millbrook School,Wake,35.856111,-78.574167,49.0,56.0
2024-04-29,4,2024,Pitt Agri. Center,Pitt,35.6412760008938,-77.360126,48.0,34.0
2024-04-29,4,2024,Rockwell,Rowan,35.551868,-80.395039,48.0,40.0
2024-04-29,4,2024,West Johnston Co.,Johnston,35.59095,-78.4622,49.0,48.0
2024-04-30,4,2024,Bryson City,Swain,35.434767,-83.442133,43.0,24.0
2024-04-30,4,2024,Castle Hayne,New Hanover,34.364167,-77.838611,38.0,28.0
2024-04-30,4,2024,Clemmons Middle,Forsyth,36.026612,-80.341962,45.0,44.5
2024-04-30,4,2024,Durham Armory,Durham,36.0329550008979,-78.904037,39.0,55.0
2024-04-30,4,2024,Frying Pan Mountain,Haywood,35.379167,-82.7925,49.0,14.0
2024-04-30,4,2024,Garinger High School,Mecklenburg,35.2401000008895,-80.785683,38.0,37.5
2024-04-30,4,2024,Hattie Avenue,Forsyth,36.11094,-80.224501,41.0,41.5
2024-04-30,4,2024,Leggett,Edgecombe,35.988278,-77.5843,40.0,39.0
2024-04-30,4,2024,Linville Falls,Avery,35.972347,-81.933072,38.0,26.0
2024-04-30,4,2024,Mendenhall School,Guilford,36.1090060008986,-79.802314,43.0,51.0
2024-04-30,4,2024,Millbrook School,Wake,35.856111,-78.574167,42.0,50.0
2024-04-30,4,2024,Old High School,Swain,35.498711,-83.310242,,20.0
2024-04-30,4,2024,Pitt Agri. Center,Pitt,35.6412760008938,-77.360126,40.0,22.0
2024-04-30,4,2024,Rockwell,Rowan,35.551868,-80.395039,40.0,42.0
2024-04-30,4,2024,West Johnston Co.,Johnston,35.59095,-78.4622,42.0,46.0
2024-05-01,5,2024,Bryson City,Swain,35.434767,-83.442133,41.0,18.0
2024-05-01,5,2024,Castle Hayne,New Hanover,34.364167,-77.838611,37.0,26.5
2024-05-01,5,2024,Clemmons Middle,Forsyth,36.026612,-80.341962,51.0,31.0
2024-05-01,5,2024,Durham Armory,Durham,36.0329550008979,-78.904037,44.0,51.0
2024-05-01,5,2024,Frying Pan Mountain,Haywood,35.379167,-82.7925,48.0,
2024-05-01,5,2024,Garinger High School,Mecklenburg,35.2401000008895,-80.785683,50.0,28.0
2024-05-01,5,2024,Hattie Avenue,Forsyth,36.11094,-80.224501,46.0,29.0
2024-05-01,5,2024,Leggett,Edgecombe,35.988278,-77.5843,47.0,38.0
2024-05-01,5,2024,Linville Falls,Avery,35.972347,-81.933072,47.0,
2024-05-01,5,2024,Mendenhall School,Guilford,36.1090060008986,-79.802314,47.0,53.0
2024-05-01,5,2024,Millbrook School,Wake,35.856111,-78.574167,48.0,40.0
2024-05-01,5,2024,Pitt Agri. Center,Pitt,35.6412760008938,-77.360126,44.0,27.0
2024-05-01,5,2024,Rockwell,Rowan,35.551868,-80.395039,46.0,26.0
2024-05-01,5,2024,West Johnston Co.,Johnston,35.59095,-78.4622,54.0,38.0
2024-05-02,5,2024,Bryson City,Swain,35.434767,-83.442133,48.0,39.0
2024-05-02,5,2024,Castle Hayne,New Hanover,34.364167,-77.838611,41.0,29.5
2024-05-02,5,2024,Clemmons Middle,Forsyth,36.026612,-80.341962,84.0,43.0
2024-05-02,5,2024,Durham Armory,Durham,36.0329550008979,-78.904037,67.0,56.0
2024-05-02,5,2024,Frying Pan Mountain,Haywood,35.379167,-82.7925,74.0,
2024-05-02,5,2024,Garinger High School,Mecklenburg,35.2401000008895,-80.785683,67.0,55.0
2024-05-02,5,2024,Hattie Avenue,Forsyth,36.11094,-80.224501,87.0,45.0
2024-05-02,5,2024,Leggett,Edgecombe,35.988278,-77.5843,51.0,39.0
2024-05-02,5,2024,Linville Falls,Avery,35.972347,-81.933072,58.0,
2024-05-02,5,2024,Mendenhall School,Guilford,36.1090060008986,-79.802314,90.0,57.0
2024-05-02,5,2024,Millbrook School,Wake,35.856111,-78.574167,61.0,49.0
2024-05-02,5,2024,Pitt Agri. Center,Pitt,35.6412760008938,-77.360126,46.0,33.0
2024-05-02,5,2024,Rockwell,Rowan,35.551868,-80.395039,58.0,40.0
2024-05-02,5,2024,West Johnston Co.,Johnston,35.59095,-78.4622,64.0,42.0
2024-05-03,5,2024,Bryson City,Swain,35.434767,-83.442133,31.0,51.0
2024-05-03,5,2024,Castle Hayne,New Hanover,34.364167,-77.838611,38.0,24.5
2024-05-03,5,2024,Clemmons Middle,Forsyth,36.026612,-80.341962,61.0,55.0
2024-05-03,5,2024,Durham Armory,Durham,36.0329550008979,-78.904037,54.0,71.0
2024-05-03,5,2024,Frying Pan Mountain,Haywood,35.379167,-82.7925,44.0,40.0
2024-05-03,5,2024,Garinger High School,Mecklenburg,35.2401000008895,-80.785683,46.0,52.0
2024-05-03,5,2024,Hattie Avenue,Forsyth,36.11094,-80.224501,51.0,55.5
2024-05-03,5,2024,Leggett,Edgecombe,35.988278,-77.5843,48.0,42.0
2024-05-03,5,2024,Linville Falls,Avery,35.972347,-81.933072,37.0,41.0
2024-05-03,5,2024,Mendenhall School,Guilford,36.1090060008986,-79.802314,61.0,55.0
2024-05-03,5,2024,Millbrook School,Wake,35.856111,-78.574167,54.0,52.0
2024-05-03,5,2024,Old High School,Swain,35.498711,-83.310242,,52.0
2024-05-03,5,2024,Pitt Agri. Center,Pitt,35.6412760008938,-77.360126,49.0,42.0
2024-05-03,5,2024,Rockwell,Rowan,35.551868,-80.395039,48.0,53.0
2024-05-03,5,2024,West Johnston Co.,Johnston,35.59095,-78.4622,54.0,49.0
2024-05-04,5,2024,Bryson City,Swain,35.434767,-83.442133,26.0,33.0
2024-05-04,5,2024,Castle Hayne,New Hanover,34.364167,-77.838611,30.0,18.0
2024-05-04,5,2024,Clemmons Middle,Forsyth,36.026612,-80.341962,26.0,41.0
2024-05-04,5,2024,Durham Armory,Durham,36.0329550008979,-78.904037,13.0,52.0
2024-05-04,5,2024,Frying Pan Mountain,Haywood,35.379167,-82.7925,44.0,
2024-05-04,5,2024,Garinger High School,Mecklenburg,35.2401000008895,-80.785683,28.0,27.0
2024-05-04,5,2024,Hattie Avenue,Forsyth,36.11094,-80.224501,18.0,41.0
2024-05-04,5,2024,Leggett,Edgecombe,35.988278,-77.5843,27.0,34.0
2024-05-04,5,2024,Linville Falls,Avery,35.972347,-81.933072,38.0,
2024-05-04,5,2024,Mendenhall School,Guilford,36.1090060008986,-79.802314,11.0,45.0
2024-05-04,5,2024,Millbrook School,Wake,35.856111,-78.574167,23.0,53.0
2024-05-04,5,2024,Pitt Agri. Center,Pitt,35.6412760008938,-77.360126,30.0,29.0
2024-05-04,5,2024,Rockwell,Rowan,35.551868,-80.395039,22.0,41.0
2024-05-04,5,2024,West Johnston Co.,Johnston,35.59095,-78.4622,31.0,30.0
2024-05-05,5,2024,Bryson City,Swain,35.434767,-83.442133,38.0,28.0
2024-05-05,5,2024,Castle Hayne,New Hanover,34.364167,-77.838611,29.0,14.0
2024-05-05,5,2024,Clemmons Middle,Forsyth,36.026612,-80.341962,27.0,17.0
2024-05-05,5,2024,Durham Armory,Durham,36.0329550008979,-78.904037,21.0,31.0
2024-05-05,5,2024,Frying Pan Mountain,Haywood,35.379167,-82.7925,47.0,
2024-05-05,5,2024,Garinger High School,Mecklenburg,35.2401000008895,-80.785683,34.0,14.0
2024-05-05,5,2024,Hattie Avenue,Forsyth,36.11094,-80.224501,23.0,17.0
2024-05-05,5,2024,Leggett,Edgecombe,35.988278,-77.5843,25.0,31.0
2024-05-05,5,2024,Linville Falls,Avery,35.972347,-81.933072,31.0,
2024-05-05,5,2024,Mendenhall School,Guilford,36.1090060008986,-79.802314,18.0,18.0
2024-05-05,5,2024,Millbrook School,Wake,35.856111,-78.574167,23.0,29.0
2024-05-05,5,2024,Pitt Agri. Center,Pitt,35.6412760008938,-77.360126,28.0,24.0
2024-05-05,5,2024,Rockwell,Rowan,35.551868,-80.395039,28.0,12.0
2024-05-05,5,2024,West Johnston Co.,Johnston,35.59095,-78.4622,24.0,22.0
2024-05-06,5,2024,Bryson City,Swain,35.434767,-83.442133,32.0,27.0
2024-05-06,5,2024,Castle Hayne,New Hanover,34.364167,-77.838611,31.0,17.0
2024-05-06,5,2024,Clemmons Middle,Forsyth,36.026612,-80.341962,41.0,36.0
2024-05-06,5,2024,Durham Armory,Durham,36.0329550008979,-78.904037,31.0,45.0
2024-05-06,5,2024,Frying Pan Mountain,Haywood,35.379167,-82.7925,41.0,28.0
2024-05-06,5,2024,Garinger High School,Mecklenburg,35.2401000008895,-80.785683,31.0,37.0
2024-05-06,5,2024,Hattie Avenue,Forsyth,36.11094,-80.224501,36.0,40.0
2024-05-06,5,2024,Leggett,Edgecombe,35.988278,-77.5843,35.0,36.0
2024-05-06,5,2024,Linville Falls,Avery,35.972347,-81.933072,41.0,22.0
2024-05-06,5,2024,Mendenhall School,Guilford,36.1090060008986,-79.802314,32.0,43.0
2024-05-06,5,2024,Millbrook School,Wake,35.856111,-78.574167,31.0,39.5
2024-05-06,5,2024,Old High School,Swain,35.498711,-83.310242,,21.0
2024-05-06,5,2024,Pitt Agri. Center,Pitt,35.6412760008938,-77.360126,32.0,26.0
2024-05-06,5,2024,Rockwell,Rowan,35.551868,-80.395039,32.0,47.0
2024-05-06,5,2024,West Johnston Co.,Johnston,35.59095,-78.4622,28.0,33.0
2024-05-07,5,2024,Bryson City,Swain,35.434767,-83.442133,32.0,33.0
2024-05-07,5,2024,Castle Hayne,New Hanover,34.364167,-77.838611,34.0,32.0
2024-05-07,5,2024,Clemmons Middle,Forsyth,36.026612,-80.341962,36.0,38.0
2024-05-07,5,2024,Durham Armory,Durham,36.0329550008979,-78.904037,39.0,46.0
2024-05-07,5,2024,Frying Pan Mountain,Haywood,35.379167,-82.7925,37.0,
2024-05-07,5,2024,Garinger High School,Mecklenburg,35.2401000008895,-80.785683,32.0,29.0
2024-05-07,5,2024,Hattie Avenue,Forsyth,36.11094,-80.224501,33.0,47.0
2024-05-07,5,2024,Leggett,Edgecombe,35.988278,-77.5843,41.0,47.0
2024-05-07,5,2024,Linville Falls,Avery,35.972347,-81.933072,34.0,
2024-05-07,5,2024,Mendenhall School,Guilford,36.1090060008986,-79.802314,38.0,37.0
2024-05-07,5,2024,Millbrook School,Wake,35.856111,-78.574167,41.0,48.0
2024-05-07,5,2024,Pitt Agri. Center,Pitt,35.6412760008938,-77.360126,40.0,33.0
2024-05-07,5,2024,Rockwell,Rowan,35.551868,-80.395039,40.0,41.0
2024-05-07,5,2024,West Johnston Co.,Johnston,35.59095,-78.4622,39.0,39.0
2024-05-08,5,2024,Bryson City,Swain,35.434767,-83.442133,39.0,36.0
2024-05-08,5,2024,Castle Hayne,New Hanover,34.364167,-77.838611,36.0,48.0
2024-05-08,5,2024,Clemmons Middle,Forsyth,36.026612,-80.341962,33.0,54.0
2024-05-08,5,2024,Durham Armory,Durham,36.0329550008979,-78.904037,37.0,59.0
2024-05-08,5,2024,Frying Pan Mountain,Haywood,35.379167,-82.7925,47.0,
2024-05-08,5,2024,Garinger High School,Mecklenburg,35.2401000008895,-80.785683,35.0,42.0
2024-05-08,5,2024,Hattie Avenue,Forsyth,36.11094,-80.224501,29.0,55.0
2024-05-08,5,2024,Leggett,Edgecombe,35.988278,-77.5843,39.0,54.0
2024-05-08,5,2024,Linville Falls,Avery,35.972347,-81.933072,30.0,
2024-05-08,5,2024,Mendenhall School,Guilford,36.1090060008986,-79.802314,37.0,53.0
2024-05-08,5,2024,Millbrook School,Wake,35.856111,-78.574167,38.0,56.0
2024-05-08,5,2024,Pitt Agri. Center,Pitt,35.6412760008938,-77.360126,39.0,54.0
2024-05-08,5,2024,Rockwell,Rowan,35.551868,-80.395039,34.0,52.0
2024-05-08,5,2024,West Johnston Co.,Johnston,35.59095,-78.4622,33.0,53.0
2024-05-09,5,2024,Bryson City,Swain,35.434767,-83.442133,43.0,15.0
2024-05-09,5,2024,Castle Hayne,New Hanover,34.364167,-77.838611,39.0,29.5
2024-05-09,5,2024,Clemmons Middle,Forsyth,36.026612,-80.341962,45.0,24.0
2024-05-09,5,2024,Durham Armory,Durham,36.0329550008979,-78.904037,42.0,39.0
2024-05-09,5,2024,Frying Pan Mountain,Haywood,35.379167,-82.7925,64.0,13.0
2024-05-09,5,2024,Garinger High School,Mecklenburg,35.2401000008895,-80.785683,38.0,15.5
2024-05-09,5,2024,Hattie Avenue,Forsyth,36.11094,-80.224501,43.0,26.5
2024-05-09,5,2024,Leggett,Edgecombe,35.988278,-77.5843,44.0,37.0
2024-05-09,5,2024,Linville Falls,Avery,35.972347,-81.933072,44.0,
2024-05-09,5,2024,Mendenhall School,Guilford,36.1090060008986,-79.802314,45.0,24.0
2024-05-09,5,2024,Millbrook School,Wake,35.856111,-78.574167,44.0,31.0
2024-05-09,5,2024,Old High School,Swain,35.498711,-83.310242,,18.0
2024-05-09,5,2024,Pitt Agri. Center,Pitt,35.6412760008938,-77.360126,44.0,31.0
2024-05-09,5,2024,Rockwell,Rowan,35.551868,-80.395039,42.0,20.0
2024-05-09,5,2024,West Johnston Co.,Johnston,35.59095,-78.4622,42.0,29.0
2024-05-10,5,2024,Bryson City,Swain,35.434767,-83.442133,44.0,17.0
2024-05-10,5,2024,Castle Hayne,New Hanover,34.364167,-77.838611,37.0,31.0
2024-05-10,5,2024,Clemmons Middle,Forsyth,36.026612,-80.341962,,22.0
2024-05-10,5,2024,Durham Armory,Durham,36.0329550008979,-78.904037,44.0,41.0
2024-05-10,5,2024,Frying Pan Mountain,Haywood,35.379167,-82.7925,44.0,
2024-05-10,5,2024,Garinger High School,Mecklenburg,35.2401000008895,-80.785683,43.0,19.0
2024-05-10,5,2024,Hattie Avenue,Forsyth,36.11094,-80.224501,42.0,23.0
2024-05-10,5,2024,Leggett,Edgecombe,35.988278,-77.5843,40.0,28.0
2024-05-10,5,2024,Linville Falls,Avery,35.972347,-81.933072,45.0,
2024-05-10,5,2024,Mendenhall School,Guilford,36.1090060008986,-79.802314,43.0,27.0
2024-05-10,5,2024,Millbrook School,Wake,35.856111,-78.574167,47.0,24.0
2024-05-10,5,2024,Pitt Agri. Center,Pitt,35.6412760008938,-77.360126,43.0,29.0
2024-05-10,5,2024,Rockwell,Rowan,35.551868,-80.395039,44.0,18.0
2024-05-10,5,2024,West Johnston Co.,Johnston,35.59095,-78.4622,39.0,38.0
2024-05-11,5,2024,Bryson City,Swain,35.434767,-83.442133,41.0,30.0
2024-05-11,5,2024,Castle Hayne,New Hanover,34.364167,-77.838611,33.0,26.0
2024-05-11,5,2024,Clemmons Middle,Forsyth,36.026612,-80.341962,40.0,22.0
2024-05-11,5,2024,Durham Armory,Durham,36.0329550008979,-78.904037,43.0,38.0
2024-05-11,5,2024,Frying Pan Mountain,Haywood,35.379167,-82.7925,44.0,
2024-05-11,5,2024,Garinger High School,Mecklenburg,35.2401000008895,-80.785683,44.0,20.0
2024-05-11,5,2024,Hattie Avenue,Forsyth,36.11094,-80.224501,40.0,21.0
2024-05-11,5,2024,Leggett,Edgecombe,35.988278,-77.5843,31.0,22.0
2024-05-11,5,2024,Linville Falls,Avery,35.972347,-81.933072,43.0,
2024-05-11,5,2024,Mendenhall School,Guilford,36.1090060008986,-79.802314,42.0,24.0
2024-05-11,5,2024,Millbrook School,Wake,35.856111,-78.574167,42.0,17.0
2024-05-11,5,2024,Pitt Agri. Center,Pitt,35.6412760008938,-77.360126,32.0,9.0
2024-05-11,5,2024,Rockwell,Rowan,35.551868,-80.395039,42.0,20.0
2024-05-11,5,2024,West Johnston Co.,Johnston,35.59095,-78.4622,41.0,17.0
2024-05-12,5,2024,Bryson City,Swain,35.434767,-83.442133,45.0,38.0
2024-05-12,5,2024,Castle Hayne,New Hanover,34.364167,-77.838611,45.0,31.0
2024-05-12,5,2024,Clemmons Middle,Forsyth,36.026612,-80.341962,44.0,30.5
2024-05-12,5,2024,Durham Armory,Durham,36.0329550008979,-78.904037,43.0,43.0
2024-05-12,5,2024,Frying Pan Mountain,Haywood,35.379167,-82.7925,48.0,22.0
2024-05-12,5,2024,Garinger High School,Mecklenburg,35.2401000008895,-80.785683,46.0,38.5
2024-05-12,5,2024,Hattie Avenue,Forsyth,36.11094,-80.224501,44.0,37.5
2024-05-12,5,2024,Leggett,Edgecombe,35.988278,-77.5843,43.0,29.0
2024-05-12,5,2024,Linville Falls,Avery,35.972347,-81.933072,47.0,
2024-05-12,5,2024,Mendenhall School,Guilford,36.1090060008986,-79.802314,44.0,27.0
2024-05-12,5,2024,Millbrook School,Wake,35.856111,-78.574167,45.0,27.5
2024-05-12,5,2024,Old High School,Swain,35.498711,-83.310242,,35.0
2024-05-12,5,2024,Pitt Agri. Center,Pitt,35.6412760008938,-77.360126,44.0,21.0
2024-05-12,5,2024,Rockwell,Rowan,35.551868,-80.395039,46.0,22.0
2024-05-12,5,2024,West Johnston Co.,Johnston,35.59095,-78.4622,48.0,28.0
2024-05-13,5,2024,Bryson City,Swain,35.434767,-83.442133,29.0,48.0
2024-05-13,5,2024,Castle Hayne,New Hanover,34.364167,-77.838611,44.0,27.0
2024-05-13,5,2024,Clemmons Middle,Forsyth,36.026612,-80.341962,42.0,41.0
2024-05-13,5,2024,Durham Armory,Durham,36.0329550008979,-78.904037,44.0,50.0
2024-05-13,5,2024,Frying Pan Mountain,Haywood,35.379167,-82.7925,41.0,
2024-05-13,5,2024,Garinger High School,Mecklenburg,35.2401000008895,-80.785683,43.0,46.0
2024-05-13,5,2024,Hattie Avenue,Forsyth,36.11094,-80.224501,43.0,36.0
2024-05-13,5,2024,Leggett,Edgecombe,35.988278,-77.5843,41.0,23.0
2024-05-13,5,2024,Linville Falls,Avery,35.972347,-81.933072,44.0,
2024-05-13,5,2024,Mendenhall School,Guilford,36.1090060008986,-79.802314,43.0,43.0
2024-05-13,5,2024,Millbrook School,Wake,35.856111,-78.574167,44.0,33.0
2024-05-13,5,2024,Pitt Agri. Center,Pitt,35.6412760008938,-77.360126,42.0,17.0
2024-05-13,5,2024,Rockwell,Rowan,35.551868,-80.395039,41.0,42.0
2024-05-13,5,2024,West Johnston Co.,Johnston,35.59095,-78.4622,44.0,33.0
2024-05-14,5,2024,Bryson City,Swain,35.434767,-83.442133,26.0,26.0
2024-05-14,5,2024,Castle Hayne,New Hanover,34.364167,-77.838611,43.0,33.5
2024-05-14,5,2024,Clemmons Middle,Forsyth,36.026612,-80.341962,28.0,26.0
2024-05-14,5,2024,Durham Armory,Durham,36.0329550008979,-78.904037,32.0,35.0
2024-05-14,5,2024,Frying Pan Mountain,Haywood,35.379167,-82.7925,44.0,
2024-05-14,5,2024,Garinger High School,Mecklenburg,35.2401000008895,-80.785683,20.0,18.0
2024-05-14,5,2024,Hattie Avenue,Forsyth,36.11094,-80.224501,30.0,25.0
2024-05-14,5,2024,Leggett,Edgecombe,35.988278,-77.5843,34.0,33.0
2024-05-14,5,2024,Linville Falls,Avery,35.972347,-81.933072,30.0,
2024-05-14,5,2024,Mendenhall School,Guilford,36.1090060008986,-79.802314,29.0,27.0
2024-05-14,5,2024,Millbrook School,Wake,35.856111,-78.574167,34.0,25.0
2024-05-14,5,2024,Pitt Agri. Center,Pitt,35.6412760008938,-77.360126,34.0,23.0
2024-05-14,5,2024,Rockwell,Rowan,35.551868,-80.395039,23.0,21.0
2024-05-14,5,2024,West Johnston Co.,Johnston,35.59095,-78.4622,36.0,28.0
2024-05-15,5,2024,Bryson City,Swain,35.434767,-83.442133,38.0,13.0
2024-05-15,5,2024,Castle Hayne,New Hanover,34.364167,-77.838611,40.0,39.5
2024-05-15,5,2024,Clemmons Middle,Forsyth,36.026612,-80.341962,31.0,28.0
2024-05-15,5,2024,Durham Armory,Durham,36.0329550008979,-78.904037,32.0,28.0
2024-05-15,5,2024,Frying Pan Mountain,Haywood,35.379167,-82.7925,46.0,9.0
2024-05-15,5,2024,Garinger High School,Mecklenburg,35.2401000008895,-80.785683,32.0,17.5
2024-05-15,5,2024,Hattie Avenue,Forsyth,36.11094,-80.224501,32.0,27.5
2024-05-15,5,2024,Leggett,Edgecombe,35.988278,-77.5843,31.0,13.0
2024-05-15,5,2024,Linville Falls,Avery,35.972347,-81.933072,39.0,13.0
2024-05-15,5,2024,Mendenhall School,Guilford,36.1090060008986,-79.802314,30.0,13.0
2024-05-15,5,2024,Millbrook School,Wake,35.856111,-78.574167,34.0,20.5
2024-05-15,5,2024,Old High School,Swain,35.498711,-83.310242,,15.0
2024-05-15,5,2024,Pitt Agri. Center,Pitt,35.6412760008938,-77.360126,32.0,17.0
2024-05-15,5,2024,Rockwell,Rowan,35.551868,-80.395039,34.0,15.0
2024-05-15,5,2024,West Johnston Co.,Johnston,35.59095,-78.4622,32.0,21.0
2024-05-16,5,2024,Bryson City,Swain,35.434767,-83.442133,43.0,29.0
2024-05-16,5,2024,Castle Hayne,New Hanover,34.364167,-77.838611,36.0,27.0
2024-05-16,5,2024,Clemmons Middle,Forsyth,36.026612,-80.341962,42.0,26.0
2024-05-16,5,2024,Durham Armory,Durham,36.0329550008979,-78.904037,36.0,24.0
2024-05-16,5,2024,Frying Pan Mountain,Haywood,35.379167,-82.7925,48.0,
2024-05-16,5,2024,Garinger High School,Mecklenburg,35.2401000008895,-80.785683,44.0,21.0
2024-05-16,5,2024,Hattie Avenue,Forsyth,36.11094,-80.224501,44.0,26.0
2024-05-16,5,2024,Leggett,Edgecombe,35.988278,-77.5843,36.0,22.0
2024-05-16,5,2024,Linville Falls,Avery,35.972347,-81.933072,41.0,
2024-05-16,5,2024,Mendenhall School,Guilford,36.1090060008986,-79.802314,42.0,17.0
2024-05-16,5,2024,Millbrook School,Wake,35.856111,-78.574167,40.0,26.0
2024-05-16,5,2024,Pitt Agri. Center,Pitt,35.6412760008938,-77.360126,38.0,12.0
2024-05-16,5,2024,Rockwell,Rowan,35.551868,-80.395039,39.0,21.0
2024-05-16,5,2024,West Johnston Co.,Johnston,35.59095,-78.4622,44.0,21.0
2024-05-17,5,2024,Bryson City,Swain,35.434767,-83.442133,19.0,34.0
2024-05-17,5,2024,Castle Hayne,New Hanover,34.364167,-77.838611,37.0,35.5
2024-05-17,5,2024,Clemmons Middle,Forsyth,36.026612,-80.341962,35.0,34.0
2024-05-17,5,2024,Durham Armory,Durham,36.0329550008979,-78.904037,40.0,48.0
2024-05-17,5,2024,Frying Pan Mountain,Haywood,35.379167,-82.7925,41.0,
2024-05-17,5,2024,Garinger High School,Mecklenburg,35.2401000008895,-80.785683,38.0,33.0
2024-05-17,5,2024,Hattie Avenue,Forsyth,36.11094,-80.224501,35.0,38.0
2024-05-17,5,2024,Leggett,Edgecombe,35.988278,-77.5843,34.0,
2024-05-17,5,2024,Linville Falls,Avery,35.972347,-81.933072,35.0,
2024-05-17,5,2024,Mendenhall School,Guilford,36.1090060008986,-79.802314,33.0,35.0
2024-05-17,5,2024,Millbrook School,Wake,35.856111,-78.574167,39.0,44.0
2024-05-17,5,2024,Pitt Agri. Center,Pitt,35.6412760008938,-77.360126,34.0,22.0
2024-05-17,5,2024,Rockwell,Rowan,35.551868,-80.395039,35.0,36.0
2024-05-17,5,2024,West Johnston Co.,Johnston,35.59095,-78.4622,41.0,41.0
2024-05-18,5,2024,Bryson City,Swain,35.434767,-83.442133,36.0,24.0
2024-05-18,5,2024,Castle Hayne,New Hanover,34.364167,-77.838611,33.0,40.5
2024-05-18,5,2024,Clemmons Middle,Forsyth,36.026612,-80.341962,34.0,36.0
2024-05-18,5,2024,Durham Armory,Durham,36.0329550008979,-78.904037,26.0,38.0
2024-05-18,5,2024,Frying Pan Mountain,Haywood,35.379167,-82.7925,44.0,18.0
2024-05-18,5,2024,Garinger High School,Mecklenburg,35.2401000008895,-80.785683,32.0,23.5
2024-05-18,5,2024,Hattie Avenue,Forsyth,36.11094,-80.224501,36.0,37.0
2024-05-18,5,2024,Leggett,Edgecombe,35.988278,-77.5843,27.0,28.0
2024-05-18,5,2024,Linville Falls,Avery,35.972347,-81.933072,31.0,18.0
2024-05-18,5,2024,Mendenhall School,Guilford,36.1090060008986,-79.802314,31.0,31.0
2024-05-18,5,2024,Millbrook School,Wake,35.856111,-78.574167,31.0,30.0
2024-05-18,5,2024,Old High School,Swain,35.498711,-83.310242,,30.5
2024-05-18,5,2024,Pitt Agri. Center,Pitt,35.6412760008938,-77.360126,29.0,24.0
2024-05-18,5,2024,Rockwell,Rowan,35.551868,-80.395039,34.0,29.0
2024-05-18,5,2024,West Johnston Co.,Johnston,35.59095,-78.4622,32.0,23.0
2024-05-19,5,2024,Bryson City,Swain,35.434767,-83.442133,36.0,16.0
2024-05-19,5,2024,Castle Hayne,New Hanover,34.364167,-77.838611,25.0,15.5
2024-05-19,5,2024,Clemmons Middle,Forsyth,36.026612,-80.341962,40.0,19.0
2024-05-19,5,2024,Durham Armory,Durham,36.0329550008979,-78.904037,31.0,36.0
2024-05-19,5,2024,Frying Pan Mountain,Haywood,35.379167,-82.7925,43.0,
2024-05-19,5,2024,Garinger High School,Mecklenburg,35.2401000008895,-80.785683,38.0,12.0
2024-05-19,5,2024,Hattie Avenue,Forsyth,36.11094,-80.224501,39.0,20.0
2024-05-19,5,2024,Leggett,Edgecombe,35.988278,-77.5843,30.0,37.0
2024-05-19,5,2024,Linville Falls,Avery,35.972347,-81.933072,31.0,
2024-05-19,5,2024,Mendenhall School,Guilford,36.1090060008986,-79.802314,33.0,15.0
2024-05-19,5,2024,Millbrook School,Wake,35.856111,-78.574167,34.0,27.0
2024-05-19,5,2024,Pitt Agri. Center,Pitt,35.6412760008938,-77.360126,31.0,14.0
2024-05-19,5,2024,Rockwell,Rowan,35.551868,-80.395039,36.0,9.0
2024-05-19,5,2024,West Johnston Co.,Johnston,35.59095,-78.4622,34.0,19.0
2024-05-20,5,2024,Bryson City,Swain,35.434767,-83.442133,38.0,24.0
2024-05-20,5,2024,Castle Hayne,New Hanover,34.364167,-77.838611,29.0,16.5
2024-05-20,5,2024,Clemmons Middle,Forsyth,36.026612,-80.341962,44.0,32.0
2024-05-20,5,2024,Durham Armory,Durham,36.0329550008979,-78.904037,38.0,41.0
2024-05-20,5,2024,Frying Pan Mountain,Haywood,35.379167,-82.7925,43.0,
2024-05-20,5,2024,Garinger High School,Mecklenburg,35.2401000008895,-80.785683,47.0,25.0
2024-05-20,5,2024,Hattie Avenue,Forsyth,36.11094,-80.224501,43.0,37.0
2024-05-20,5,2024,Leggett,Edgecombe,35.988278,-77.5843,35.0,21.0
2024-05-20,5,2024,Linville Falls,Avery,35.972347,-81.933072,34.0,
2024-05-20,5,2024,Mendenhall School,Guilford,36.1090060008986,-79.802314,39.0,26.0
2024-05-20,5,2024,Millbrook School,Wake,35.856111,-78.574167,38.0,35.0
2024-05-20,5,2024,Pitt Agri. Center,Pitt,35.6412760008938,-77.360126,35.0,16.0
2024-05-20,5,2024,Rockwell,Rowan,35.551868,-80.395039,44.0,28.0
2024-05-20,5,2024,West Johnston Co.,Johnston,35.59095,-78.4622,37.0,29.0
2024-05-21,5,2024,Bryson City,Swain,35.434767,-83.442133,37.0,32.0
2024-05-21,5,2024,Castle Hayne,New Hanover,34.364167,-77.838611,31.0,11.0
2024-05-21,5,2024,Clemmons Middle,Forsyth,36.026612,-80.341962,49.0,45.0
2024-05-21,5,2024,Durham Armory,Durham,36.0329550008979,-78.904037,44.0,49.0
2024-05-21,5,2024,Frying Pan Mountain,Haywood,35.379167,-82.7925,46.0,29.0
2024-05-21,5,2024,Garinger High School,Mecklenburg,35.2401000008895,-80.785683,61.0,41.0
2024-05-21,5,2024,Hattie Avenue,Forsyth,36.11094,-80.224501,64.0,46.0
2024-05-21,5,2024,Leggett,Edgecombe,35.988278,-77.5843,33.0,20.0
2024-05-21,5,2024,Linville Falls,Avery,35.972347,-81.933072,41.0,34.0
2024-05-21,5,2024,Mendenhall School,Guilford,36.1090060008986,-79.802314,58.0,37.0
2024-05-21,5,2024,Millbrook School,Wake,35.856111,-78.574167,42.0,33.0
2024-05-21,5,2024,Old High School,Swain,35.498711,-83.310242,,38.0
2024-05-21,5,2024,Pitt Agri. Center,Pitt,35.6412760008938,-77.360126,30.0,8.0
2024-05-21,5,2024,Rockwell,Rowan,35.551868,-80.395039,44.0,39.0
2024-05-21,5,2024,West Johnston Co.,Johnston,35.59095,-78.4622,43.0,28.0
2024-05-22,5,2024,Bryson City,Swain,35.434767,-83.442133,44.0,46.0
2024-05-22,5,2024,Castle Hayne,New Hanover,34.364167,-77.838611,31.0,7.5
2024-05-22,5,2024,Clemmons Middle,Forsyth,36.026612,-80.341962,51.0,52.0
2024-05-22,5,2024,Durham Armory,Durham,36.0329550008979,-78.904037,50.0,62.0
2024-05-22,5,2024,Frying Pan Mountain,Haywood,35.379167,-82.7925,61.0,
2024-05-22,5,2024,Garinger High School,Mecklenburg,35.2401000008895,-80.785683,51.0,43.0
2024-05-22,5,2024,Hattie Avenue,Forsyth,36.11094,-80.224501,61.0,53.0
2024-05-22,5,2024,Leggett,Edgecombe,35.988278,-77.5843,44.0,34.0
2024-05-22,5,2024,Linville Falls,Avery,35.972347,-81.933072,44.0,
2024-05-22,5,2024,Mendenhall School,Guilford,36.1090060008986,-79.802314,49.0,51.0
2024-05-22,5,2024,Millbrook School,Wake,35.856111,-78.574167,50.0,41.0
2024-05-22,5,2024,Pitt Agri. Center,Pitt,35.6412760008938,-77.360126,43.0,18.0
2024-05-22,5,2024,Rockwell,Rowan,35.551868,-80.395039,46.0,43.0
2024-05-22,5,2024,West Johnston Co.,Johnston,35.59095,-78.4622,48.0,42.0
2024-05-23,5,2024,Bryson City,Swain,35.434767,-83.442133,35.0,45.0
2024-05-23,5,2024,Castle Hayne,New Hanover,34.364167,-77.838611,42.0,19.5
2024-05-23,5,2024,Clemmons Middle,Forsyth,36.026612,-80.341962,43.0,52.0
2024-05-23,5,2024,Durham Armory,Durham,36.0329550008979,-78.904037,49.0,60.0
2024-05-23,5,2024,Frying Pan Mountain,Haywood,35.379167,-82.7925,44.0,
2024-05-23,5,2024,Garinger High School,Mecklenburg,35.2401000008895,-80.785683,46.0,51.0
2024-05-23,5,2024,Hattie Avenue,Forsyth,36.11094,-80.224501,43.0,54.0
2024-05-23,5,2024,Leggett,Edgecombe,35.988278,-77.5843,47.0,45.0
2024-05-23,5,2024,Linville Falls,Avery,35.972347,-81.933072,36.0,
2024-05-23,5,2024,Mendenhall School,Guilford,36.1090060008986,-79.802314,46.0,52.0
2024-05-23,5,2024,Millbrook School,Wake,35.856111,-78.574167,54.0,48.0
2024-05-23,5,2024,Pitt Agri. Center,Pitt,35.6412760008938,-77.360126,47.0,34.0
2024-05-23,5,2024,Rockwell,Rowan,35.551868,-80.395039,58.0,54.0
2024-05-23,5,2024,West Johnston Co.,Johnston,35.59095,-78.4622,45.0,53.0
2024-05-24,5,2024,Bryson City,Swain,35.434767,-83.442133,36.0,34.0
2024-05-24,5,2024,Castle Hayne,New Hanover,34.364167,-77.838611,36.0,32.5
2024-05-24,5,2024,Clemmons Middle,Forsyth,36.026612,-80.341962,43.0,28.0
2024-05-24,5,2024,Durham Armory,Durham,36.0329550008979,-78.904037,41.0,47.0
2024-05-24,5,2024,Frying Pan Mountain,Haywood,35.379167,-82.7925,48.0,
2024-05-24,5,2024,Garinger High School,Mecklenburg,35.2401000008895,-80.785683,47.0,36.0
2024-05-24,5,2024,Hattie Avenue,Forsyth,36.11094,-80.224501,42.0,31.5
2024-05-24,5,2024,Leggett,Edgecombe,35.988278,-77.5843,40.0,45.0
2024-05-24,5,2024,Linville Falls,Avery,35.972347,-81.933072,47.0,24.0
2024-05-24,5,2024,Mendenhall School,Guilford,36.1090060008986,-79.802314,41.0,39.0
2024-05-24,5,2024,Millbrook School,Wake,35.856111,-78.574167,41.0,51.0
2024-05-24,5,2024,Old High School,Swain,35.498711,-83.310242,,36.0
2024-05-24,5,2024,Pitt Agri. Center,Pitt,35.6412760008938,-77.360126,40.0,47.0
2024-05-24,5,2024,Rockwell,Rowan,35.551868,-80.395039,44.0,37.0
2024-05-24,5,2024,West Johnston Co.,Johnston,35.59095,-78.4622,42.0,34.0
2024-05-25,5,2024,Bryson City,Swain,35.434767,-83.442133,38.0,32.0
2024-05-25,5,2024,Castle Hayne,New Hanover,34.364167,-77.838611,44.0,39.5
2024-05-25,5,2024,Clemmons Middle,Forsyth,36.026612,-80.341962,43.0,28.0
2024-05-25,5,2024,Durham Armory,Durham,36.0329550008979,-78.904037,44.0,46.0
2024-05-25,5,2024,Frying Pan Mountain,Haywood,35.379167,-82.7925,58.0,
2024-05-25,5,2024,Garinger High School,Mecklenburg,35.2401000008895,-80.785683,46.0,32.0
2024-05-25,5,2024,Hattie Avenue,Forsyth,36.11094,-80.224501,44.0,34.0
2024-05-25,5,2024,Leggett,Edgecombe,35.988278,-77.5843,39.0,42.0
2024-05-25,5,2024,Linville Falls,Avery,35.972347,-81.933072,37.0,
2024-05-25,5,2024,Mendenhall School,Guilford,36.1090060008986,-79.802314,47.0,44.0
2024-05-25,5,2024,Millbrook School,Wake,35.856111,-78.574167,50.0,47.0
2024-05-25,5,2024,Pitt Agri. Center,Pitt,35.6412760008938,-77.360126,38.0,32.0
2024-05-25,5,2024,Rockwell,Rowan,35.551868,-80.395039,54.0,39.0
2024-05-25,5,2024,West Johnston Co.,Johnston,35.59095,-78.4622,45.0,38.0
2024-05-26,5,2024,Bryson City,Swain,35.434767,-83.442133,31.0,48.0
2024-05-26,5,2024,Castle Hayne,New Hanover,34.364167,-77.838611,44.0,42.0
2024-05-26,5,2024,Clemmons Middle,Forsyth,36.026612,-80.341962,44.0,42.0
2024-05-26,5,2024,Durham Armory,Durham,36.0329550008979,-78.904037,45.0,52.0
2024-05-26,5,2024,Frying Pan Mountain,Haywood,35.379167,-82.7925,39.0,
2024-05-26,5,2024,Garinger High School,Mecklenburg,35.2401000008895,-80.785683,46.0,42.0
2024-05-26,5,2024,Hattie Avenue,Forsyth,36.11094,-80.224501,48.0,49.0
2024-05-26,5,2024,Leggett,Edgecombe,35.988278,-77.5843,42.0,52.0
2024-05-26,5,2024,Linville Falls,Avery,35.972347,-81.933072,42.0,
2024-05-26,5,2024,Mendenhall School,Guilford,36.1090060008986,-79.802314,46.0,46.0
2024-05-26,5,2024,Millbrook School,Wake,35.856111,-78.574167,48.0,52.0
2024-05-26,5,2024,Pitt Agri. Center,Pitt,35.6412760008938,-77.360126,44.0,46.0
2024-05-26,5,2024,Rockwell,Rowan,35.551868,-80.395039,43.0,43.0
2024-05-26,5,2024,West Johnston Co.,Johnston,35.59095,-78.4622,46.0,52.0
2024-05-27,5,2024,Bryson City,Swain,35.434767,-83.442133,44.0,29.0
2024-05-27,5,2024,Castle Hayne,New Hanover,34.364167,-77.838611,31.0,53.5
2024-05-27,5,2024,Clemmons Middle,Forsyth,36.026612,-80.341962,48.0,29.0
2024-05-27,5,2024,Durham Armory,Durham,36.0329550008979,-78.904037,38.0,46.0
2024-05-27,5,2024,Frying Pan Mountain,Haywood,35.379167,-82.7925,46.0,
2024-05-27,5,2024,Garinger High School,Mecklenburg,35.2401000008895,-80.785683,47.0,37.5
2024-05-27,5,2024,Hattie Avenue,Forsyth,36.11094,-80.224501,47.0,40.0
2024-05-27,5,2024,Leggett,Edgecombe,35.988278,-77.5843,26.0,47.0
2024-05-27,5,2024,Linville Falls,Avery,35.972347,-81.933072,40.0,25.0
2024-05-27,5,2024,Mendenhall School,Guilford,36.1090060008986,-79.802314,49.0,33.0
2024-05-27,5,2024,Millbrook School,Wake,35.856111,-78.574167,36.0,46.5
2024-05-27,5,2024,Old High School,Swain,35.498711,-83.310242,,28.0
2024-05-27,5,2024,Pitt Agri. Center,Pitt,35.6412760008938,-77.360126,29.0,50.0
2024-05-27,5,2024,Rockwell,Rowan,35.551868,-80.395039,46.0,40.0
2024-05-27,5,2024,West Johnston Co.,Johnston,35.59095,-78.4622,32.0,42.0
2024-05-28,5,2024,Bryson City,Swain,35.434767,-83.442133,46.0,23.0
2024-05-28,5,2024,Castle Hayne,New Hanover,34.364167,-77.838611,41.0,55.0
2024-05-28,5,2024,Clemmons Middle,Forsyth,36.026612,-80.341962,45.0,27.0
2024-05-28,5,2024,Durham Armory,Durham,36.0329550008979,-78.904037,43.0,42.0
2024-05-28,5,2024,Frying Pan Mountain,Haywood,35.379167,-82.7925,46.0,
2024-05-28,5,2024,Garinger High School,Mecklenburg,35.2401000008895,-80.785683,47.0,19.0
2024-05-28,5,2024,Hattie Avenue,Forsyth,36.11094,-80.224501,44.0,28.0
2024-05-28,5,2024,Leggett,Edgecombe,35.988278,-77.5843,42.0,32.0
2024-05-28,5,2024,Linville Falls,Avery,35.972347,-81.933072,46.0,
2024-05-28,5,2024,Mendenhall School,Guilford,36.1090060008986,-79.802314,46.0,26.0
2024-05-28,5,2024,Millbrook School,Wake,35.856111,-78.574167,46.0,32.0
2024-05-28,5,2024,Pitt Agri. Center,Pitt,35.6412760008938,-77.360126,45.0,40.0
2024-05-28,5,2024,Rockwell,Rowan,35.551868,-80.395039,46.0,31.0
2024-05-28,5,2024,West Johnston Co.,Johnston,35.59095,-78.4622,51.0,43.0
2024-05-29,5,2024,Bryson City,Swain,35.434767,-83.442133,48.0,24.0
2024-05-29,5,2024,Castle Hayne,New Hanover,34.364167,-77.838611,48.0,47.5
2024-05-29,5,2024,Clemmons Middle,Forsyth,36.026612,-80.341962,50.0,23.0
2024-05-29,5,2024,Durham Armory,Durham,36.0329550008979,-78.904037,51.0,39.0
2024-05-29,5,2024,Frying Pan Mountain,Haywood,35.379167,-82.7925,51.0,
2024-05-29,5,2024,Garinger High School,Mecklenburg,35.2401000008895,-80.785683,51.0,21.0
2024-05-29,5,2024,Hattie Avenue,Forsyth,36.11094,-80.224501,48.0,23.0
2024-05-29,5,2024,Leggett,Edgecombe,35.988278,-77.5843,49.0,39.0
2024-05-29,5,2024,Linville Falls,Avery,35.972347,-81.933072,48.0,
2024-05-29,5,2024,Mendenhall School,Guilford,36.1090060008986,-79.802314,50.0,23.0
2024-05-29,5,2024,Millbrook School,Wake,35.856111,-78.574167,61.0,24.0
2024-05-29,5,2024,Pitt Agri. Center,Pitt,35.6412760008938,-77.360126,50.0,33.0
2024-05-29,5,2024,Rockwell,Rowan,35.551868,-80.395039,50.0,23.0
2024-05-29,5,2024,West Johnston Co.,Johnston,35.59095,-78.4622,61.0,36.0
2024-05-30,5,2024,Bryson City,Swain,35.434767,-83.442133,39.0,21.0
2024-05-30,5,2024,Castle Hayne,New Hanover,34.364167,-77.838611,47.0,38.0
2024-05-30,5,2024,Clemmons Middle,Forsyth,36.026612,-80.341962,42.0,30.5
2024-05-30,5,2024,Durham Armory,Durham,36.0329550008979,-78.904037,41.0,33.0
2024-05-30,5,2024,Frying Pan Mountain,Haywood,35.379167,-82.7925,44.0,
2024-05-30,5,2024,Garinger High School,Mecklenburg,35.2401000008895,-80.785683,46.0,26.5
2024-05-30,5,2024,Hattie Avenue,Forsyth,36.11094,-80.224501,42.0,24.5
2024-05-30,5,2024,Leggett,Edgecombe,35.988278,-77.5843,38.0,24.0
2024-05-30,5,2024,Linville Falls,Avery,35.972347,-81.933072,41.0,13.0
2024-05-30,5,2024,Mendenhall School,Guilford,36.1090060008986,-79.802314,40.0,17.0
2024-05-30,5,2024,Millbrook School,Wake,35.856111,-78.574167,42.0,22.0
2024-05-30,5,2024,Old High School,Swain,35.498711,-83.310242,,18.0
2024-05-30,5,2024,Pitt Agri. Center,Pitt,35.6412760008938,-77.360126,39.0,21.0
2024-05-30,5,2024,Rockwell,Rowan,35.551868,-80.395039,44.0,23.0
2024-05-30,5,2024,West Johnston Co.,Johnston,35.59095,-78.4622,45.0,21.0
2024-05-31,5,2024,Bryson City,Swain,35.434767,-83.442133,37.0,29.0
2024-05-31,5,2024,Castle Hayne,New Hanover,34.364167,-77.838611,46.0,42.5
2024-05-31,5,2024,Clemmons Middle,Forsyth,36.026612,-80.341962,51.0,27.0
2024-05-31,5,2024,Durham Armory,Durham,36.0329550008979,-78.904037,44.0,44.0
2024-05-31,5,2024,Frying Pan Mountain,Haywood,35.379167,-82.7925,48.0,
2024-05-31,5,2024,Garinger High School,Mecklenburg,35.2401000008895,-80.785683,74.0,41.0
2024-05-31,5,2024,Hattie Avenue,Forsyth,36.11094,-80.224501,58.0,27.0
2024-05-31,5,2024,Leggett,Edgecombe,35.988278,-77.5843,46.0,28.0
2024-05-31,5,2024,Linville Falls,Avery,35.972347,-81.933072,40.0,
2024-05-31,5,2024,Mendenhall School,Guilford,36.1090060008986,-79.802314,46.0,29.0
2024-05-31,5,2024,Millbrook School,Wake,35.856111,-78.574167,45.0,25.0
2024-05-31,5,2024,Pitt Agri. Center,Pitt,35.6412760008938,-77.360126,46.0,27.0
2024-05-31,5,2024,Rockwell,Rowan,35.551868,-80.395039,50.0,36.0
2024-05-31,5,2024,West Johnston Co.,Johnston,35.59095,-78.4622,47.0,25.0
2024-06-01,6,2024,Bryson City,Swain,35.434767,-83.442133,44.0,44.0
2024-06-01,6,2024,Castle Hayne,New Hanover,34.364167,-77.838611,51.0,59.5
2024-06-01,6,2024,Clemmons Middle,Forsyth,36.026612,-80.341962,51.0,41.0
2024-06-01,6,2024,Durham Armory,Durham,36.0329550008979,-78.904037,61.0,52.0
2024-06-01,6,2024,Frying Pan Mountain,Haywood,35.379167,-82.7925,54.0,
2024-06-01,6,2024,Garinger High School,Mecklenburg,35.2401000008895,-80.785683,58.0,55.0
2024-06-01,6,2024,Hattie Avenue,Forsyth,36.11094,-80.224501,54.0,43.0
2024-06-01,6,2024,Leggett,Edgecombe,35.988278,-77.5843,51.0,38.0
2024-06-01,6,2024,Linville Falls,Avery,35.972347,-81.933072,58.0,
2024-06-01,6,2024,Mendenhall School,Guilford,36.1090060008986,-79.802314,50.0,46.0
2024-06-01,6,2024,Millbrook School,Wake,35.856111,-78.574167,51.0,42.0
2024-06-01,6,2024,Pitt Agri. Center,Pitt,35.6412760008938,-77.360126,64.0,35.0
2024-06-01,6,2024,Rockwell,Rowan,35.551868,-80.395039,48.0,47.0
2024-06-01,6,2024,West Johnston Co.,Johnston,35.59095,-78.4622,51.0,46.0
2024-06-02,6,2024,Bryson City,Swain,35.434767,-83.442133,24.0,33.0
2024-06-02,6,2024,Castle Hayne,New Hanover,34.364167,-77.838611,50.0,21.0
2024-06-02,6,2024,Clemmons Middle,Forsyth,36.026612,-80.341962,41.0,38.0
2024-06-02,6,2024,Durham Armory,Durham,36.0329550008979,-78.904037,40.0,53.0
2024-06-02,6,2024,Frying Pan Mountain,Haywood,35.379167,-82.7925,41.0,14.0
2024-06-02,6,2024,Garinger High School,Mecklenburg,35.2401000008895,-80.785683,42.0,37.5
2024-06-02,6,2024,Hattie Avenue,Forsyth,36.11094,-80.224501,43.0,41.5
2024-06-02,6,2024,Leggett,Edgecombe,35.988278,-77.5843,44.0,53.0
2024-06-02,6,2024,Linville Falls,Avery,35.972347,-81.933072,36.0,28.0
2024-06-02,6,2024,Mendenhall School,Guilford,36.1090060008986,-79.802314,44.0,47.0
2024-06-02,6,2024,Millbrook School,Wake,35.856111,-78.574167,44.0,39.0
2024-06-02,6,2024,Pitt Agri. Center,Pitt,35.6412760008938,-77.360126,47.0,26.0
2024-06-02,6,2024,Rockwell,Rowan,35.551868,-80.395039,40.0,31.0
2024-06-02,6,2024,West Johnston Co.,Johnston,35.59095,-78.4622,45.0,52.0
2024-06-03,6,2024,Bryson City,Swain,35.434767,-83.442133,33.0,34.0
2024-06-03,6,2024,Castle Hayne,New Hanover,34.364167,-77.838611,43.0,22.5
2024-06-03,6,2024,Clemmons Middle,Forsyth,36.026612,-80.341962,35.0,45.0
2024-06-03,6,2024,Durham Armory,Durham,36.0329550008979,-78.904037,37.0,46.0
2024-06-03,6,2024,Frying Pan Mountain,Haywood,35.379167,-82.7925,42.0,
2024-06-03,6,2024,Garinger High School,Mecklenburg,35.2401000008895,-80.785683,42.0,39.0
2024-06-03,6,2024,Hattie Avenue,Forsyth,36.11094,-80.224501,39.0,52.0
2024-06-03,6,2024,Leggett,Edgecombe,35.988278,-77.5843,36.0,33.0
2024-06-03,6,2024,Linville Falls,Avery,35.972347,-81.933072,35.0,
2024-06-03,6,2024,Mendenhall School,Guilford,36.1090060008986,-79.802314,40.0,43.0
2024-06-03,6,2024,Millbrook School,Wake,35.856111,-78.574167,35.0,46.0
2024-06-03,6,2024,Pitt Agri. Center,Pitt,35.6412760008938,-77.360126,37.0,29.0
2024-06-03,6,2024,Rockwell,Rowan,35.551868,-80.395039,44.0,38.0
2024-06-03,6,2024,West Johnston Co.,Johnston,35.59095,-78.4622,39.0,44.0
2024-06-04,6,2024,Bryson City,Swain,35.434767,-83.442133,32.0,31.0
2024-06-04,6,2024,Castle Hayne,New Hanover,34.364167,-77.838611,41.0,22.5
2024-06-04,6,2024,Clemmons Middle,Forsyth,36.026612,-80.341962,43.0,51.0
2024-06-04,6,2024,Durham Armory,Durham,36.0329550008979,-78.904037,40.0,51.0
2024-06-04,6,2024,Frying Pan Mountain,Haywood,35.379167,-82.7925,35.0,
2024-06-04,6,2024,Garinger High School,Mecklenburg,35.2401000008895,-80.785683,44.0,42.0
2024-06-04,6,2024,Hattie Avenue,Forsyth,36.11094,-80.224501,46.0,53.0
2024-06-04,6,2024,Leggett,Edgecombe,35.988278,-77.5843,42.0,52.0
2024-06-04,6,2024,Linville Falls,Avery,35.972347,-81.933072,37.0,
2024-06-04,6,2024,Mendenhall School,Guilford,36.1090060008986,-79.802314,42.0,44.0
2024-06-04,6,2024,Millbrook School,Wake,35.856111,-78.574167,43.0,53.0
2024-06-04,6,2024,Pitt Agri. Center,Pitt,35.6412760008938,-77.360126,43.0,45.0
2024-06-04,6,2024,Rockwell,Rowan,35.551868,-80.395039,38.0,36.0
2024-06-04,6,2024,West Johnston Co.,Johnston,35.59095,-78.4622,44.0,54.0
2024-06-05,6,2024,Bryson City,Swain,35.434767,-83.442133,28.0,28.0
2024-06-05,6,2024,Castle Hayne,New Hanover,34.364167,-77.838611,36.0,17.0
2024-06-05,6,2024,Clemmons Middle,Forsyth,36.026612,-80.341962,35.0,48.0
2024-06-05,6,2024,Durham Armory,Durham,36.0329550008979,-78.904037,36.0,51.0
2024-06-05,6,2024,Frying Pan Mountain,Haywood,35.379167,-82.7925,44.0,
2024-06-05,6,2024,Garinger High School,Mecklenburg,35.2401000008895,-80.785683,31.0,33.0
2024-06-05,6,2024,Hattie Avenue,Forsyth,36.11094,-80.224501,37.0,50.5
2024-06-05,6,2024,Leggett,Edgecombe,35.988278,-77.5843,34.0,41.0
2024-06-05,6,2024,Linville Falls,Avery,35.972347,-81.933072,29.0,24.0
2024-06-05,6,2024,Mendenhall School,Guilford,36.1090060008986,-79.802314,37.0,46.0
2024-06-05,6,2024,Millbrook School,Wake,35.856111,-78.574167,38.0,45.5
2024-06-05,6,2024,Pitt Agri. Center,Pitt,35.6412760008938,-77.360126,34.0,35.0
2024-06-05,6,2024,Rockwell,Rowan,35.551868,-80.395039,31.0,40.0
2024-06-05,6,2024,West Johnston Co.,Johnston,35.59095,-78.4622,38.0,44.0
2024-06-06,6,2024,Bryson City,Swain,35.434767,-83.442133,38.0,34.0
2024-06-06,6,2024,Castle Hayne,New Hanover,34.364167,-77.838611,34.0,31.0
2024-06-06,6,2024,Clemmons Middle,Forsyth,36.026612,-80.341962,40.0,39.0
2024-06-06,6,2024,Durham Armory,Durham,36.0329550008979,-78.904037,40.0,43.0
2024-06-06,6,2024,Frying Pan Mountain,Haywood,35.379167,-82.7925,47.0,
2024-06-06,6,2024,Garinger High School,Mecklenburg,35.2401000008895,-80.785683,36.0,37.0
2024-06-06,6,2024,Hattie Avenue,Forsyth,36.11094,-80.224501,40.0,41.0
2024-06-06,6,2024,Leggett,Edgecombe,35.988278,-77.5843,41.0,34.0
2024-06-06,6,2024,Linville Falls,Avery,35.972347,-81.933072,42.0,
2024-06-06,6,2024,Mendenhall School,Guilford,36.1090060008986,-79.802314,41.0,42.0
2024-06-06,6,2024,Millbrook School,Wake,35.856111,-78.574167,40.0,44.0
2024-06-06,6,2024,Pitt Agri. Center,Pitt,35.6412760008938,-77.360126,41.0,41.0
2024-06-06,6,2024,Rockwell,Rowan,35.551868,-80.395039,41.0,35.0
2024-06-06,6,2024,West Johnston Co.,Johnston,35.59095,-78.4622,39.0,46.0
2024-06-07,6,2024,Bryson City,Swain,35.434767,-83.442133,49.0,34.0
2024-06-07,6,2024,Castle Hayne,New Hanover,34.364167,-77.838611,42.0,47.5
2024-06-07,6,2024,Clemmons Middle,Forsyth,36.026612,-80.341962,51.0,26.0
2024-06-07,6,2024,Durham Armory,Durham,36.0329550008979,-78.904037,54.0,48.0
2024-06-07,6,2024,Frying Pan Mountain,Haywood,35.379167,-82.7925,49.0,
2024-06-07,6,2024,Garinger High School,Mecklenburg,35.2401000008895,-80.785683,51.0,33.0
2024-06-07,6,2024,Hattie Avenue,Forsyth,36.11094,-80.224501,48.0,29.0
2024-06-07,6,2024,Leggett,Edgecombe,35.988278,-77.5843,54.0,33.0
2024-06-07,6,2024,Linville Falls,Avery,35.972347,-81.933072,48.0,
2024-06-07,6,2024,Mendenhall School,Guilford,36.1090060008986,-79.802314,51.0,31.0
2024-06-07,6,2024,Millbrook School,Wake,35.856111,-78.574167,74.0,28.0
2024-06-07,6,2024,Pitt Agri. Center,Pitt,35.6412760008938,-77.360126,64.0,34.0
2024-06-07,6,2024,Rockwell,Rowan,35.551868,-80.395039,61.0,27.0
2024-06-07,6,2024,West Johnston Co.,Johnston,35.59095,-78.4622,64.0,37.0
2024-06-08,6,2024,Bryson City,Swain,35.434767,-83.442133,45.0,35.0
2024-06-08,6,2024,Castle Hayne,New Hanover,34.364167,-77.838611,51.0,37.5
2024-06-08,6,2024,Clemmons Middle,Forsyth,36.026612,-80.341962,61.0,30.0
2024-06-08,6,2024,Durham Armory,Durham,36.0329550008979,-78.904037,74.0,51.0
2024-06-08,6,2024,Frying Pan Mountain,Haywood,35.379167,-82.7925,49.0,24.0
2024-06-08,6,2024,Garinger High School,Mecklenburg,35.2401000008895,-80.785683,97.0,35.0
2024-06-08,6,2024,Hattie Avenue,Forsyth,36.11094,-80.224501,67.0,33.5
2024-06-08,6,2024,Leggett,Edgecombe,35.988278,-77.5843,64.0,44.0
2024-06-08,6,2024,Linville Falls,Avery,35.972347,-81.933072,51.0,25.0
2024-06-08,6,2024,Mendenhall School,Guilford,36.1090060008986,-79.802314,71.0,39.0
2024-06-08,6,2024,Millbrook School,Wake,35.856111,-78.574167,77.0,32.0
2024-06-08,6,2024,Old High School,Swain,35.498711,-83.310242,,27.0
2024-06-08,6,2024,Pitt Agri. Center,Pitt,35.6412760008938,-77.360126,74.0,29.0
2024-06-08,6,2024,Rockwell,Rowan,35.551868,-80.395039,74.0,34.0
2024-06-08,6,2024,West Johnston Co.,Johnston,35.59095,-78.4622,84.0,41.0
2024-06-09,6,2024,Bryson City,Swain,35.434767,-83.442133,38.0,28.0
2024-06-09,6,2024,Castle Hayne,New Hanover,34.364167,-77.838611,61.0,49.0
2024-06-09,6,2024,Clemmons Middle,Forsyth,36.026612,-80.341962,42.0,37.0
2024-06-09,6,2024,Durham Armory,Durham,36.0329550008979,-78.904037,47.0,53.0
2024-06-09,6,2024,Frying Pan Mountain,Haywood,35.379167,-82.7925,42.0,
2024-06-09,6,2024,Garinger High School,Mecklenburg,35.2401000008895,-80.785683,46.0,40.0
2024-06-09,6,2024,Hattie Avenue,Forsyth,36.11094,-80.224501,43.0,39.0
2024-06-09,6,2024,Leggett,Edgecombe,35.988278,-77.5843,49.0,53.0
2024-06-09,6,2024,Linville Falls,Avery,35.972347,-81.933072,41.0,
2024-06-09,6,2024,Mendenhall School,Guilford,36.1090060008986,-79.802314,45.0,48.0
2024-06-09,6,2024,Millbrook School,Wake,35.856111,-78.574167,49.0,40.0
2024-06-09,6,2024,Old High School,Swain,35.498711,-83.310242,,30.0
2024-06-09,6,2024,Pitt Agri. Center,Pitt,35.6412760008938,-77.360126,51.0,52.0
2024-06-09,6,2024,Rockwell,Rowan,35.551868,-80.395039,44.0,46.0
2024-06-09,6,2024,West Johnston Co.,Johnston,35.59095,-78.4622,49.0,49.0
2024-06-10,6,2024,Bryson City,Swain,35.434767,-83.442133,46.0,26.0
2024-06-10,6,2024,Castle Hayne,New Hanover,34.364167,-77.838611,31.0,44.0
2024-06-10,6,2024,Clemmons Middle,Forsyth,36.026612,-80.341962,49.0,22.0
2024-06-10,6,2024,Durham Armory,Durham,36.0329550008979,-78.904037,51.0,38.0
2024-06-10,6,2024,Frying Pan Mountain,Haywood,35.379167,-82.7925,46.0,
2024-06-10,6,2024,Garinger High School,Mecklenburg,35.2401000008895,-80.785683,54.0,32.0
2024-06-10,6,2024,Hattie Avenue,Forsyth,36.11094,-80.224501,47.0,22.0
2024-06-10,6,2024,Leggett,Edgecombe,35.988278,-77.5843,50.0,32.0
2024-06-10,6,2024,Linville Falls,Avery,35.972347,-81.933072,45.0,
2024-06-10,6,2024,Mendenhall School,Guilford,36.1090060008986,-79.802314,49.0,23.0
2024-06-10,6,2024,Millbrook School,Wake,35.856111,-78.574167,64.0,26.0
2024-06-10,6,2024,Pitt Agri. Center,Pitt,35.6412760008938,-77.360126,50.0,34.0
2024-06-10,6,2024,Rockwell,Rowan,35.551868,-80.395039,50.0,25.0
2024-06-10,6,2024,West Johnston Co.,Johnston,35.59095,-78.4622,67.0,43.0
2024-06-11,6,2024,Bryson City,Swain,35.434767,-83.442133,38.0,28.0
2024-06-11,6,2024,Castle Hayne,New Hanover,34.364167,-77.838611,67.0,43.5
2024-06-11,6,2024,Clemmons Middle,Forsyth,36.026612,-80.341962,45.0,39.5
2024-06-11,6,2024,Durham Armory,Durham,36.0329550008979,-78.904037,43.0,51.0
2024-06-11,6,2024,Frying Pan Mountain,Haywood,35.379167,-82.7925,43.0,24.0
2024-06-11,6,2024,Garinger High School,Mecklenburg,35.2401000008895,-80.785683,51.0,48.5
2024-06-11,6,2024,Hattie Avenue,Forsyth,36.11094,-80.224501,44.0,43.0
2024-06-11,6,2024,Leggett,Edgecombe,35.988278,-77.5843,45.0,44.0
2024-06-11,6,2024,Linville Falls,Avery,35.972347,-81.933072,43.0,24.0
2024-06-11,6,2024,Mendenhall School,Guilford,36.1090060008986,-79.802314,40.0,35.0
2024-06-11,6,2024,Millbrook School,Wake,35.856111,-78.574167,44.0,40.0
2024-06-11,6,2024,Old High School,Swain,35.498711,-83.310242,,36.0
2024-06-11,6,2024,Pitt Agri. Center,Pitt,35.6412760008938,-77.360126,48.0,48.0
2024-06-11,6,2024,Rockwell,Rowan,35.551868,-80.395039,46.0,39.0
2024-06-11,6,2024,West Johnston Co.,Johnston,35.59095,-78.4622,48.0,47.0
2024-06-12,6,2024,Bryson City,Swain,35.434767,-83.442133,44.0,52.0
2024-06-12,6,2024,Castle Hayne,New Hanover,34.364167,-77.838611,48.0,27.0
2024-06-12,6,2024,Clemmons Middle,Forsyth,36.026612,-80.341962,64.0,57.0
2024-06-12,6,2024,Durham Armory,Durham,36.0329550008979,-78.904037,64.0,55.0
2024-06-12,6,2024,Frying Pan Mountain,Haywood,35.379167,-82.7925,40.0,
2024-06-12,6,2024,Garinger High School,Mecklenburg,35.2401000008895,-80.785683,71.0,56.0
2024-06-12,6,2024,Hattie Avenue,Forsyth,36.11094,-80.224501,71.0,56.0
2024-06-12,6,2024,Leggett,Edgecombe,35.988278,-77.5843,46.0,44.0
2024-06-12,6,2024,Linville Falls,Avery,35.972347,-81.933072,47.0,
2024-06-12,6,2024,Mendenhall School,Guilford,36.1090060008986,-79.802314,50.0,53.0
2024-06-12,6,2024,Millbrook School,Wake,35.856111,-78.574167,54.0,51.0
2024-06-12,6,2024,Old High School,Swain,35.498711,-83.310242,,47.0
2024-06-12,6,2024,Pitt Agri. Center,Pitt,35.6412760008938,-77.360126,47.0,39.0
2024-06-12,6,2024,Rockwell,Rowan,35.551868,-80.395039,51.0,55.0
2024-06-12,6,2024,West Johnston Co.,Johnston,35.59095,-78.4622,61.0,52.0
2024-06-13,6,2024,Bryson City,Swain,35.434767,-83.442133,49.0,57.0
2024-06-13,6,2024,Castle Hayne,New Hanover,34.364167,-77.838611,47.0,30.0
2024-06-13,6,2024,Clemmons Middle,Forsyth,36.026612,-80.341962,54.0,59.0
2024-06-13,6,2024,Durham Armory,Durham,36.0329550008979,-78.904037,51.0,58.0
2024-06-13,6,2024,Frying Pan Mountain,Haywood,35.379167,-82.7925,47.0,
2024-06-13,6,2024,Garinger High School,Mecklenburg,35.2401000008895,-80.785683,58.0,50.0
2024-06-13,6,2024,Hattie Avenue,Forsyth,36.11094,-80.224501,64.0,58.0
2024-06-13,6,2024,Leggett,Edgecombe,35.988278,-77.5843,45.0,44.0
2024-06-13,6,2024,Linville Falls,Avery,35.972347,-81.933072,48.0,
2024-06-13,6,2024,Mendenhall School,Guilford,36.1090060008986,-79.802314,61.0,55.0
2024-06-13,6,2024,Millbrook School,Wake,35.856111,-78.574167,58.0,53.0
2024-06-13,6,2024,Pitt Agri. Center,Pitt,35.6412760008938,-77.360126,45.0,41.0
2024-06-13,6,2024,Rockwell,Rowan,35.551868,-80.395039,48.0,52.0
2024-06-13,6,2024,West Johnston Co.,Johnston,35.59095,-78.4622,61.0,54.0
2024-06-14,6,2024,Bryson City,Swain,35.434767,-83.442133,45.0,59.0
2024-06-14,6,2024,Castle Hayne,New Hanover,34.364167,-77.838611,49.0,36.0
2024-06-14,6,2024,Clemmons Middle,Forsyth,36.026612,-80.341962,58.0,65.0
2024-06-14,6,2024,Durham Armory,Durham,36.0329550008979,-78.904037,64.0,59.0
2024-06-14,6,2024,Frying Pan Mountain,Haywood,35.379167,-82.7925,47.0,45.0
2024-06-14,6,2024,Garinger High School,Mecklenburg,35.2401000008895,-80.785683,93.0,55.5
2024-06-14,6,2024,Hattie Avenue,Forsyth,36.11094,-80.224501,54.0,61.5
2024-06-14,6,2024,Leggett,Edgecombe,35.988278,-77.5843,54.0,55.0
2024-06-14,6,2024,Linville Falls,Avery,35.972347,-81.933072,47.0,50.0
2024-06-14,6,2024,Mendenhall School,Guilford,36.1090060008986,-79.802314,64.0,58.0
2024-06-14,6,2024,Millbrook School,Wake,35.856111,-78.574167,80.0,57.5
2024-06-14,6,2024,Pitt Agri. Center,Pitt,35.6412760008938,-77.360126,51.0,52.0
2024-06-14,6,2024,Rockwell,Rowan,35.551868,-80.395039,77.0,56.0
2024-06-14,6,2024,West Johnston Co.,Johnston,35.59095,-78.4622,71.0,56.0
2024-06-15,6,2024,Bryson City,Swain,35.434767,-83.442133,44.0,56.0
2024-06-15,6,2024,Castle Hayne,New Hanover,34.364167,-77.838611,50.0,54.0
2024-06-15,6,2024,Clemmons Middle,Forsyth,36.026612,-80.341962,87.0,57.0
2024-06-15,6,2024,Durham Armory,Durham,36.0329550008979,-78.904037,49.0,53.0
2024-06-15,6,2024,Frying Pan Mountain,Haywood,35.379167,-82.7925,44.0,
2024-06-15,6,2024,Garinger High School,Mecklenburg,35.2401000008895,-80.785683,64.0,57.0
2024-06-15,6,2024,Hattie Avenue,Forsyth,36.11094,-80.224501,77.0,57.0
2024-06-15,6,2024,Leggett,Edgecombe,35.988278,-77.5843,67.0,50.0
2024-06-15,6,2024,Linville Falls,Avery,35.972347,-81.933072,45.0,
2024-06-15,6,2024,Mendenhall School,Guilford,36.1090060008986,-79.802314,58.0,50.0
2024-06-15,6,2024,Millbrook School,Wake,35.856111,-78.574167,71.0,53.0
2024-06-15,6,2024,Pitt Agri. Center,Pitt,35.6412760008938,-77.360126,64.0,50.0
2024-06-15,6,2024,Rockwell,Rowan,35.551868,-80.395039,64.0,53.0
2024-06-15,6,2024,West Johnston Co.,Johnston,35.59095,-78.4622,71.0,54.0
2024-06-16,6,2024,Bryson City,Swain,35.434767,-83.442133,40.0,53.0
2024-06-16,6,2024,Castle Hayne,New Hanover,34.364167,-77.838611,64.0,25.0
2024-06-16,6,2024,Clemmons Middle,Forsyth,36.026612,-80.341962,44.0,52.0
2024-06-16,6,2024,Durham Armory,Durham,36.0329550008979,-78.904037,54.0,54.0
2024-06-16,6,2024,Frying Pan Mountain,Haywood,35.379167,-82.7925,34.0,
2024-06-16,6,2024,Garinger High School,Mecklenburg,35.2401000008895,-80.785683,44.0,59.0
2024-06-16,6,2024,Hattie Avenue,Forsyth,36.11094,-80.224501,45.0,52.0
2024-06-16,6,2024,Leggett,Edgecombe,35.988278,-77.5843,49.0,37.0
2024-06-16,6,2024,Linville Falls,Avery,35.972347,-81.933072,37.0,
2024-06-16,6,2024,Mendenhall School,Guilford,36.1090060008986,-79.802314,43.0,51.0
2024-06-16,6,2024,Millbrook School,Wake,35.856111,-78.574167,54.0,44.0
2024-06-16,6,2024,Pitt Agri. Center,Pitt,35.6412760008938,-77.360126,48.0,34.0
2024-06-16,6,2024,Rockwell,Rowan,35.551868,-80.395039,41.0,58.0
2024-06-16,6,2024,West Johnston Co.,Johnston,35.59095,-78.4622,64.0,48.0
2024-06-17,6,2024,Bryson City,Swain,35.434767,-83.442133,32.0,55.0
2024-06-17,6,2024,Castle Hayne,New Hanover,34.364167,-77.838611,44.0,26.0
2024-06-17,6,2024,Clemmons Middle,Forsyth,36.026612,-80.341962,44.0,56.0
2024-06-17,6,2024,Durham Armory,Durham,36.0329550008979,-78.904037,49.0,56.0
2024-06-17,6,2024,Frying Pan Mountain,Haywood,35.379167,-82.7925,35.0,41.0
2024-06-17,6,2024,Garinger High School,Mecklenburg,35.2401000008895,-80.785683,46.0,50.5
2024-06-17,6,2024,Hattie Avenue,Forsyth,36.11094,-80.224501,46.0,56.0
2024-06-17,6,2024,Leggett,Edgecombe,35.988278,-77.5843,45.0,49.0
2024-06-17,6,2024,Linville Falls,Avery,35.972347,-81.933072,33.0,56.0
2024-06-17,6,2024,Mendenhall School,Guilford,36.1090060008986,-79.802314,45.0,51.0
2024-06-17,6,2024,Millbrook School,Wake,35.856111,-78.574167,54.0,55.5
2024-06-17,6,2024,Old High School,Swain,35.498711,-83.310242,,63.0
2024-06-17,6,2024,Pitt Agri. Center,Pitt,35.6412760008938,-77.360126,42.0,48.0
2024-06-17,6,2024,Rockwell,Rowan,35.551868,-80.395039,38.0,52.0
2024-06-17,6,2024,West Johnston Co.,Johnston,35.59095,-78.4622,48.0,53.0
2024-06-18,6,2024,Bryson City,Swain,35.434767,-83.442133,40.0,55.0
2024-06-18,6,2024,Castle Hayne,New Hanover,34.364167,-77.838611,40.0,21.0
2024-06-18,6,2024,Clemmons Middle,Forsyth,36.026612,-80.341962,46.0,56.0
2024-06-18,6,2024,Durham Armory,Durham,36.0329550008979,-78.904037,48.0,50.0
2024-06-18,6,2024,Frying Pan Mountain,Haywood,35.379167,-82.7925,43.0,
2024-06-18,6,2024,Garinger High School,Mecklenburg,35.2401000008895,-80.785683,44.0,49.0
2024-06-18,6,2024,Hattie Avenue,Forsyth,36.11094,-80.224501,50.0,56.0
2024-06-18,6,2024,Leggett,Edgecombe,35.988278,-77.5843,44.0,39.0
2024-06-18,6,2024,Linville Falls,Avery,35.972347,-81.933072,42.0,
2024-06-18,6,2024,Mendenhall School,Guilford,36.1090060008986,-79.802314,47.0,52.0
2024-06-18,6,2024,Millbrook School,Wake,35.856111,-78.574167,47.0,44.0
2024-06-18,6,2024,Pitt Agri. Center,Pitt,35.6412760008938,-77.360126,39.0,34.0
2024-06-18,6,2024,Rockwell,Rowan,35.551868,-80.395039,38.0,52.0
2024-06-18,6,2024,West Johnston Co.,Johnston,35.59095,-78.4622,48.0,37.0
2024-06-19,6,2024,Bryson City,Swain,35.434767,-83.442133,33.0,51.0
2024-06-19,6,2024,Castle Hayne,New Hanover,34.364167,-77.838611,41.0,24.5
2024-06-19,6,2024,Clemmons Middle,Forsyth,36.026612,-80.341962,47.0,51.0
2024-06-19,6,2024,Durham Armory,Durham,36.0329550008979,-78.904037,42.0,52.0
2024-06-19,6,2024,Frying Pan Mountain,Haywood,35.379167,-82.7925,44.0,
2024-06-19,6,2024,Garinger High School,Mecklenburg,35.2401000008895,-80.785683,42.0,36.0
2024-06-19,6,2024,Hattie Avenue,Forsyth,36.11094,-80.224501,71.0,50.0
2024-06-19,6,2024,Leggett,Edgecombe,35.988278,-77.5843,39.0,32.0
2024-06-19,6,2024,Linville Falls,Avery,35.972347,-81.933072,38.0,
2024-06-19,6,2024,Mendenhall School,Guilford,36.1090060008986,-79.802314,51.0,34.0
2024-06-19,6,2024,Millbrook School,Wake,35.856111,-78.574167,43.0,41.0
2024-06-19,6,2024,Pitt Agri. Center,Pitt,35.6412760008938,-77.360126,39.0,28.0
2024-06-19,6,2024,Rockwell,Rowan,35.551868,-80.395039,,34.0
2024-06-19,6,2024,West Johnston Co.,Johnston,35.59095,-78.4622,43.0,36.0
2024-06-20,6,2024,Bryson City,Swain,35.434767,-83.442133,38.0,43.0
2024-06-20,6,2024,Castle Hayne,New Hanover,34.364167,-77.838611,39.0,24.5
2024-06-20,6,2024,Clemmons Middle,Forsyth,36.026612,-80.341962,46.0,51.0
2024-06-20,6,2024,Durham Armory,Durham,36.0329550008979,-78.904037,40.0,49.0
2024-06-20,6,2024,Frying Pan Mountain,Haywood,35.379167,-82.7925,46.0,
2024-06-20,6,2024,Garinger High School,Mecklenburg,35.2401000008895,-80.785683,40.0,47.0
2024-06-20,6,2024,Hattie Avenue,Forsyth,36.11094,-80.224501,58.0,47.5
2024-06-20,6,2024,Leggett,Edgecombe,35.988278,-77.5843,36.0,28.0
2024-06-20,6,2024,Linville Falls,Avery,35.972347,-81.933072,40.0,31.0
2024-06-20,6,2024,Mendenhall School,Guilford,36.1090060008986,-79.802314,44.0,48.0
2024-06-20,6,2024,Millbrook School,Wake,35.856111,-78.574167,42.0,39.0
2024-06-20,6,2024,Pitt Agri. Center,Pitt,35.6412760008938,-77.360126,33.0,27.0
2024-06-20,6,2024,Rockwell,Rowan,35.551868,-80.395039,,37.0
2024-06-20,6,2024,West Johnston Co.,Johnston,35.59095,-78.4622,40.0,33.0
2024-06-21,6,2024,Bryson City,Swain,35.434767,-83.442133,35.0,
2024-06-21,6,2024,Castle Hayne,New Hanover,34.364167,-77.838611,19.0,21.0
2024-06-21,6,2024,Clemmons Middle,Forsyth,36.026612,-80.341962,50.0,52.0
2024-06-21,6,2024,Durham Armory,Durham,36.0329550008979,-78.904037,48.0,53.0
2024-06-21,6,2024,Frying Pan Mountain,Haywood,35.379167,-82.7925,47.0,
2024-06-21,6,2024,Garinger High School,Mecklenburg,35.2401000008895,-80.785683,45.0,49.0
2024-06-21,6,2024,Hattie Avenue,Forsyth,36.11094,-80.224501,67.0,54.0
2024-06-21,6,2024,Leggett,Edgecombe,35.988278,-77.5843,40.0,38.0
2024-06-21,6,2024,Linville Falls,Avery,35.972347,-81.933072,42.0,
2024-06-21,6,2024,Mendenhall School,Guilford,36.1090060008986,-79.802314,51.0,53.0
2024-06-21,6,2024,Millbrook School,Wake,35.856111,-78.574167,46.0,44.0
2024-06-21,6,2024,Pitt Agri. Center,Pitt,35.6412760008938,-77.360126,34.0,29.0
2024-06-21,6,2024,Rockwell,Rowan,35.551868,-80.395039,38.0,42.0
2024-06-21,6,2024,West Johnston Co.,Johnston,35.59095,-78.4622,44.0,45.0
2024-06-22,6,2024,Bryson City,Swain,35.434767,-83.442133,37.0,
2024-06-22,6,2024,Castle Hayne,New Hanover,34.364167,-77.838611,19.0,23.0
2024-06-22,6,2024,Clemmons Middle,Forsyth,36.026612,-80.341962,33.0,41.0
2024-06-22,6,2024,Durham Armory,Durham,36.0329550008979,-78.904037,24.0,34.0
2024-06-22,6,2024,Garinger High School,Mecklenburg,35.2401000008895,-80.785683,28.0,29.0
2024-06-22,6,2024,Hattie Avenue,Forsyth,36.11094,-80.224501,36.0,43.0
2024-06-22,6,2024,Leggett,Edgecombe,35.988278,-77.5843,29.0,37.0
2024-06-22,6,2024,Linville Falls,Avery,35.972347,-81.933072,46.0,
2024-06-22,6,2024,Mendenhall School,Guilford,36.1090060008986,-79.802314,31.0,42.0
2024-06-22,6,2024,Millbrook School,Wake,35.856111,-78.574167,27.0,31.0
2024-06-22,6,2024,Pitt Agri. Center,Pitt,35.6412760008938,-77.360126,26.0,25.0
2024-06-22,6,2024,Rockwell,Rowan,35.551868,-80.395039,28.0,29.0
2024-06-22,6,2024,West Johnston Co.,Johnston,35.59095,-78.4622,30.0,32.0
2024-06-23,6,2024,Bryson City,Swain,35.434767,-83.442133,43.0,
2024-06-23,6,2024,Castle Hayne,New Hanover,34.364167,-77.838611,26.0,20.0
2024-06-23,6,2024,Clemmons Middle,Forsyth,36.026612,-80.341962,37.0,42.5
2024-06-23,6,2024,Durham Armory,Durham,36.0329550008979,-78.904037,29.0,39.0
2024-06-23,6,2024,Frying Pan Mountain,Haywood,35.379167,-82.7925,43.0,37.0
2024-06-23,6,2024,Garinger High School,Mecklenburg,35.2401000008895,-80.785683,32.0,39.0
2024-06-23,6,2024,Hattie Avenue,Forsyth,36.11094,-80.224501,39.0,44.5
2024-06-23,6,2024,Leggett,Edgecombe,35.988278,-77.5843,31.0,31.0
2024-06-23,6,2024,Linville Falls,Avery,35.972347,-81.933072,42.0,44.0
2024-06-23,6,2024,Mendenhall School,Guilford,36.1090060008986,-79.802314,34.0,44.0
2024-06-23,6,2024,Millbrook School,Wake,35.856111,-78.574167,30.0,31.5
2024-06-23,6,2024,Pitt Agri. Center,Pitt,35.6412760008938,-77.360126,27.0,26.0
2024-06-23,6,2024,Rockwell,Rowan,35.551868,-80.395039,31.0,33.0
2024-06-23,6,2024,West Johnston Co.,Johnston,35.59095,-78.4622,31.0,27.0
2024-06-24,6,2024,Bryson City,Swain,35.434767,-83.442133,51.0,
2024-06-24,6,2024,Castle Hayne,New Hanover,34.364167,-77.838611,38.0,46.5
2024-06-24,6,2024,Clemmons Middle,Forsyth,36.026612,-80.341962,51.0,37.0
2024-06-24,6,2024,Durham Armory,Durham,36.0329550008979,-78.904037,49.0,51.0
2024-06-24,6,2024,Garinger High School,Mecklenburg,35.2401000008895,-80.785683,64.0,49.0
2024-06-24,6,2024,Hattie Avenue,Forsyth,36.11094,-80.224501,61.0,38.0
2024-06-24,6,2024,Leggett,Edgecombe,35.988278,-77.5843,42.0,50.0
2024-06-24,6,2024,Linville Falls,Avery,35.972347,-81.933072,58.0,
2024-06-24,6,2024,Mendenhall School,Guilford,36.1090060008986,-79.802314,50.0,38.0
2024-06-24,6,2024,Millbrook School,Wake,35.856111,-78.574167,61.0,49.0
2024-06-24,6,2024,Old High School,Swain,35.498711,-83.310242,,29.0
2024-06-24,6,2024,Pitt Agri. Center,Pitt,35.6412760008938,-77.360126,42.0,50.0
2024-06-24,6,2024,Rockwell,Rowan,35.551868,-80.395039,51.0,39.0
2024-06-24,6,2024,West Johnston Co.,Johnston,35.59095,-78.4622,64.0,53.0
2024-06-25,6,2024,Bryson City,Swain,35.434767,-83.442133,41.0,
2024-06-25,6,2024,Castle Hayne,New Hanover,34.364167,-77.838611,43.0,36.0
2024-06-25,6,2024,Clemmons Middle,Forsyth,36.026612,-80.341962,64.0,42.0
2024-06-25,6,2024,Durham Armory,Durham,36.0329550008979,-78.904037,77.0,51.0
2024-06-25,6,2024,Frying Pan Mountain,Haywood,35.379167,-82.7925,54.0,
2024-06-25,6,2024,Garinger High School,Mecklenburg,35.2401000008895,-80.785683,115.0,52.0
2024-06-25,6,2024,Hattie Avenue,Forsyth,36.11094,-80.224501,71.0,43.0
2024-06-25,6,2024,Leggett,Edgecombe,35.988278,-77.5843,50.0,44.0
2024-06-25,6,2024,Linville Falls,Avery,35.972347,-81.933072,47.0,
2024-06-25,6,2024,Mendenhall School,Guilford,36.1090060008986,-79.802314,67.0,39.0
2024-06-25,6,2024,Millbrook School,Wake,35.856111,-78.574167,80.0,48.0
2024-06-25,6,2024,Pitt Agri. Center,Pitt,35.6412760008938,-77.360126,48.0,37.0
2024-06-25,6,2024,Rockwell,Rowan,35.551868,-80.395039,64.0,44.0
2024-06-25,6,2024,West Johnston Co.,Johnston,35.59095,-78.4622,77.0,47.0
2024-06-26,6,2024,Bryson City,Swain,35.434767,-83.442133,48.0,36.0
2024-06-26,6,2024,Castle Hayne,New Hanover,34.364167,-77.838611,30.0,16.0
2024-06-26,6,2024,Clemmons Middle,Forsyth,36.026612,-80.341962,100.0,60.0
2024-06-26,6,2024,Durham Armory,Durham,36.0329550008979,-78.904037,58.0,58.0
2024-06-26,6,2024,Frying Pan Mountain,Haywood,35.379167,-82.7925,90.0,
2024-06-26,6,2024,Garinger High School,Mecklenburg,35.2401000008895,-80.785683,74.0,59.0
2024-06-26,6,2024,Hattie Avenue,Forsyth,36.11094,-80.224501,105.0,61.0
2024-06-26,6,2024,Leggett,Edgecombe,35.988278,-77.5843,67.0,33.0
2024-06-26,6,2024,Linville Falls,Avery,35.972347,-81.933072,61.0,29.0
2024-06-26,6,2024,Mendenhall School,Guilford,36.1090060008986,-79.802314,84.0,62.0
2024-06-26,6,2024,Millbrook School,Wake,35.856111,-78.574167,74.0,56.5
2024-06-26,6,2024,Pitt Agri. Center,Pitt,35.6412760008938,-77.360126,46.0,48.0
2024-06-26,6,2024,Rockwell,Rowan,35.551868,-80.395039,67.0,60.0
2024-06-26,6,2024,West Johnston Co.,Johnston,35.59095,-78.4622,84.0,54.0
2024-06-27,6,2024,Bryson City,Swain,35.434767,-83.442133,34.0,45.0
2024-06-27,6,2024,Castle Hayne,New Hanover,34.364167,-77.838611,39.0,36.0
2024-06-27,6,2024,Clemmons Middle,Forsyth,36.026612,-80.341962,40.0,51.0
2024-06-27,6,2024,Durham Armory,Durham,36.0329550008979,-78.904037,43.0,54.0
2024-06-27,6,2024,Frying Pan Mountain,Haywood,35.379167,-82.7925,38.0,
2024-06-27,6,2024,Garinger High School,Mecklenburg,35.2401000008895,-80.785683,51.0,53.0
2024-06-27,6,2024,Hattie Avenue,Forsyth,36.11094,-80.224501,49.0,53.0
2024-06-27,6,2024,Leggett,Edgecombe,35.988278,-77.5843,44.0,49.0
2024-06-27,6,2024,Linville Falls,Avery,35.972347,-81.933072,36.0,
2024-06-27,6,2024,Mendenhall School,Guilford,36.1090060008986,-79.802314,46.0,41.0
2024-06-27,6,2024,Millbrook School,Wake,35.856111,-78.574167,45.0,48.0
2024-06-27,6,2024,Pitt Agri. Center,Pitt,35.6412760008938,-77.360126,43.0,48.0
2024-06-27,6,2024,Rockwell,Rowan,35.551868,-80.395039,45.0,52.0
2024-06-27,6,2024,West Johnston Co.,Johnston,35.59095,-78.4622,,47.0
2024-06-28,6,2024,Bryson City,Swain,35.434767,-83.442133,35.0,49.0
2024-06-28,6,2024,Castle Hayne,New Hanover,34.364167,-77.838611,45.0,37.0
2024-06-28,6,2024,Clemmons Middle,Forsyth,36.026612,-80.341962,67.0,53.0
2024-06-28,6,2024,Durham Armory,Durham,36.0329550008979,-78.904037,67.0,53.0
2024-06-28,6,2024,Frying Pan Mountain,Haywood,35.379167,-82.7925,39.0,
2024-06-28,6,2024,Garinger High School,Mecklenburg,35.2401000008895,-80.785683,51.0,56.0
2024-06-28,6,2024,Hattie Avenue,Forsyth,36.11094,-80.224501,77.0,55.0
2024-06-28,6,2024,Leggett,Edgecombe,35.988278,-77.5843,61.0,41.0
2024-06-28,6,2024,Linville Falls,Avery,35.972347,-81.933072,50.0,
2024-06-28,6,2024,Mendenhall School,Guilford,36.1090060008986,-79.802314,74.0,52.0
2024-06-28,6,2024,Millbrook School,Wake,35.856111,-78.574167,67.0,50.0
2024-06-28,6,2024,Pitt Agri. Center,Pitt,35.6412760008938,-77.360126,49.0,36.0
2024-06-28,6,2024,Rockwell,Rowan,35.551868,-80.395039,48.0,54.0
2024-06-28,6,2024,West Johnston Co.,Johnston,35.59095,-78.4622,64.0,52.0
2024-06-29,6,2024,Bryson City,Swain,35.434767,-83.442133,29.0,38.0
2024-06-29,6,2024,Castle Hayne,New Hanover,34.364167,-77.838611,30.0,19.0
2024-06-29,6,2024,Clemmons Middle,Forsyth,36.026612,-80.341962,36.0,41.0
2024-06-29,6,2024,Durham Armory,Durham,36.0329550008979,-78.904037,43.0,51.0
2024-06-29,6,2024,Frying Pan Mountain,Haywood,35.379167,-82.7925,33.0,14.0
2024-06-29,6,2024,Garinger High School,Mecklenburg,35.2401000008895,-80.785683,35.0,34.0
2024-06-29,6,2024,Hattie Avenue,Forsyth,36.11094,-80.224501,39.0,50.0
2024-06-29,6,2024,Leggett,Edgecombe,35.988278,-77.5843,36.0,46.0
2024-06-29,6,2024,Linville Falls,Avery,35.972347,-81.933072,28.0,33.0
2024-06-29,6,2024,Mendenhall School,Guilford,36.1090060008986,-79.802314,37.0,49.0
2024-06-29,6,2024,Millbrook School,Wake,35.856111,-78.574167,45.0,50.0
2024-06-29,6,2024,Pitt Agri. Center,Pitt,35.6412760008938,-77.360126,33.0,37.0
2024-06-29,6,2024,Rockwell,Rowan,35.551868,-80.395039,34.0,44.0
2024-06-29,6,2024,West Johnston Co.,Johnston,35.59095,-78.4622,42.0,47.0
2024-06-30,6,2024,Bryson City,Swain,35.434767,-83.442133,32.0,43.0
2024-06-30,6,2024,Castle Hayne,New Hanover,34.364167,-77.838611,24.0,17.5
2024-06-30,6,2024,Clemmons Middle,Forsyth,36.026612,-80.341962,36.0,37.0
2024-06-30,6,2024,Durham Armory,Durham,36.0329550008979,-78.904037,34.0,44.0
2024-06-30,6,2024,Garinger High School,Mecklenburg,35.2401000008895,-80.785683,42.0,36.0
2024-06-30,6,2024,Hattie Avenue,Forsyth,36.11094,-80.224501,37.0,46.0
2024-06-30,6,2024,Leggett,Edgecombe,35.988278,-77.5843,33.0,39.0
2024-06-30,6,2024,Linville Falls,Avery,35.972347,-81.933072,31.0,
2024-06-30,6,2024,Mendenhall School,Guilford,36.1090060008986,-79.802314,42.0,47.0
2024-06-30,6,2024,Millbrook School,Wake,35.856111,-78.574167,34.0,35.0
2024-06-30,6,2024,Pitt Agri. Center,Pitt,35.6412760008938,-77.360126,31.0,37.0
2024-06-30,6,2024,Rockwell,Rowan,35.551868,-80.395039,37.0,44.0
2024-06-30,6,2024,West Johnston Co.,Johnston,35.59095,-78.4622,32.0,33.0
2024-07-01,7,2024,Bryson City,Swain,35.434767,-83.442133,42.0,25.0
2024-07-01,7,2024,Castle Hayne,New Hanover,34.364167,-77.838611,30.0,26.0
2024-07-01,7,2024,Clemmons Middle,Forsyth,36.026612,-80.341962,49.0,34.0
2024-07-01,7,2024,Durham Armory,Durham,36.0329550008979,-78.904037,33.0,35.0
2024-07-01,7,2024,Frying Pan Mountain,Haywood,35.379167,-82.7925,44.0,
2024-07-01,7,2024,Garinger High School,Mecklenburg,35.2401000008895,-80.785683,50.0,41.0
2024-07-01,7,2024,Hattie Avenue,Forsyth,36.11094,-80.224501,48.0,37.0
2024-07-01,7,2024,Leggett,Edgecombe,35.988278,-77.5843,34.0,15.0
2024-07-01,7,2024,Linville Falls,Avery,35.972347,-81.933072,46.0,
2024-07-01,7,2024,Mendenhall School,Guilford,36.1090060008986,-79.802314,42.0,28.0
2024-07-01,7,2024,Millbrook School,Wake,35.856111,-78.574167,37.0,19.0
2024-07-01,7,2024,Pitt Agri. Center,Pitt,35.6412760008938,-77.360126,33.0,17.0
2024-07-01,7,2024,Rockwell,Rowan,35.551868,-80.395039,47.0,29.0
2024-07-01,7,2024,West Johnston Co.,Johnston,35.59095,-78.4622,36.0,19.0
2024-07-02,7,2024,Bryson City,Swain,35.434767,-83.442133,41.0,44.0
2024-07-02,7,2024,Castle Hayne,New Hanover,34.364167,-77.838611,41.0,15.0
2024-07-02,7,2024,Clemmons Middle,Forsyth,36.026612,-80.341962,71.0,22.0
2024-07-02,7,2024,Durham Armory,Durham,36.0329550008979,-78.904037,54.0,44.0
2024-07-02,7,2024,Frying Pan Mountain,Haywood,35.379167,-82.7925,44.0,
2024-07-02,7,2024,Garinger High School,Mecklenburg,35.2401000008895,-80.785683,49.0,28.5
2024-07-02,7,2024,Hattie Avenue,Forsyth,36.11094,-80.224501,84.0,24.0
2024-07-02,7,2024,Leggett,Edgecombe,35.988278,-77.5843,42.0,30.0
2024-07-02,7,2024,Linville Falls,Avery,35.972347,-81.933072,47.0,21.0
2024-07-02,7,2024,Mendenhall School,Guilford,36.1090060008986,-79.802314,58.0,26.0
2024-07-02,7,2024,Millbrook School,Wake,35.856111,-78.574167,54.0,27.5
2024-07-02,7,2024,Pitt Agri. Center,Pitt,35.6412760008938,-77.360126,44.0,28.0
2024-07-02,7,2024,Rockwell,Rowan,35.551868,-80.395039,47.0,27.0
2024-07-02,7,2024,West Johnston Co.,Johnston,35.59095,-78.4622,54.0,41.0
2024-07-03,7,2024,Bryson City,Swain,35.434767,-83.442133,39.0,38.0
2024-07-03,7,2024,Castle Hayne,New Hanover,34.364167,-77.838611,38.0,12.5
2024-07-03,7,2024,Clemmons Middle,Forsyth,36.026612,-80.341962,64.0,44.0
2024-07-03,7,2024,Durham Armory,Durham,36.0329550008979,-78.904037,67.0,54.0
2024-07-03,7,2024,Frying Pan Mountain,Haywood,35.379167,-82.7925,38.0,
2024-07-03,7,2024,Garinger High School,Mecklenburg,35.2401000008895,-80.785683,74.0,49.0
2024-07-03,7,2024,Hattie Avenue,Forsyth,36.11094,-80.224501,67.0,49.0
2024-07-03,7,2024,Leggett,Edgecombe,35.988278,-77.5843,50.0,39.0
2024-07-03,7,2024,Linville Falls,Avery,35.972347,-81.933072,47.0,
2024-07-03,7,2024,Mendenhall School,Guilford,36.1090060008986,-79.802314,51.0,51.0
2024-07-03,7,2024,Millbrook School,Wake,35.856111,-78.574167,71.0,42.0
2024-07-03,7,2024,Pitt Agri. Center,Pitt,35.6412760008938,-77.360126,47.0,23.0
2024-07-03,7,2024,Rockwell,Rowan,35.551868,-80.395039,74.0,51.0
2024-07-03,7,2024,West Johnston Co.,Johnston,35.59095,-78.4622,77.0,52.0
2024-07-04,7,2024,Bryson City,Swain,35.434767,-83.442133,36.0,53.0
2024-07-04,7,2024,Castle Hayne,New Hanover,34.364167,-77.838611,37.0,17.0
2024-07-04,7,2024,Clemmons Middle,Forsyth,36.026612,-80.341962,45.0,58.0
2024-07-04,7,2024,Durham Armory,Durham,36.0329550008979,-78.904037,42.0,56.0
2024-07-04,7,2024,Frying Pan Mountain,Haywood,35.379167,-82.7925,31.0,
2024-07-04,7,2024,Garinger High School,Mecklenburg,35.2401000008895,-80.785683,39.0,61.0
2024-07-04,7,2024,Hattie Avenue,Forsyth,36.11094,-80.224501,46.0,68.0
2024-07-04,7,2024,Leggett,Edgecombe,35.988278,-77.5843,48.0,42.0
2024-07-04,7,2024,Linville Falls,Avery,35.972347,-81.933072,38.0,
2024-07-04,7,2024,Mendenhall School,Guilford,36.1090060008986,-79.802314,46.0,61.0
2024-07-04,7,2024,Millbrook School,Wake,35.856111,-78.574167,45.0,56.0
2024-07-04,7,2024,Pitt Agri. Center,Pitt,35.6412760008938,-77.360126,45.0,36.0
2024-07-04,7,2024,Rockwell,Rowan,35.551868,-80.395039,41.0,53.0
2024-07-04,7,2024,West Johnston Co.,Johnston,35.59095,-78.4622,45.0,53.0
2024-07-05,7,2024,Bryson City,Swain,35.434767,-83.442133,23.0,37.0
2024-07-05,7,2024,Castle Hayne,New Hanover,34.364167,-77.838611,35.0,21.0
2024-07-05,7,2024,Clemmons Middle,Forsyth,36.026612,-80.341962,38.0,50.0
2024-07-05,7,2024,Durham Armory,Durham,36.0329550008979,-78.904037,32.0,60.0
2024-07-05,7,2024,Frying Pan Mountain,Haywood,35.379167,-82.7925,42.0,23.0
2024-07-05,7,2024,Garinger High School,Mecklenburg,35.2401000008895,-80.785683,37.0,52.5
2024-07-05,7,2024,Hattie Avenue,Forsyth,36.11094,-80.224501,41.0,57.0
2024-07-05,7,2024,Leggett,Edgecombe,35.988278,-77.5843,43.0,53.0
2024-07-05,7,2024,Linville Falls,Avery,35.972347,-81.933072,27.0,33.0
2024-07-05,7,2024,Mendenhall School,Guilford,36.1090060008986,-79.802314,41.0,65.0
2024-07-05,7,2024,Millbrook School,Wake,35.856111,-78.574167,41.0,55.5
2024-07-05,7,2024,Pitt Agri. Center,Pitt,35.6412760008938,-77.360126,41.0,47.0
2024-07-05,7,2024,Rockwell,Rowan,35.551868,-80.395039,39.0,52.0
2024-07-05,7,2024,West Johnston Co.,Johnston,35.59095,-78.4622,42.0,53.0
2024-07-06,7,2024,Bryson City,Swain,35.434767,-83.442133,32.0,26.0
2024-07-06,7,2024,Castle Hayne,New Hanover,34.364167,-77.838611,34.0,30.0
2024-07-06,7,2024,Clemmons Middle,Forsyth,36.026612,-80.341962,44.0,29.0
2024-07-06,7,2024,Durham Armory,Durham,36.0329550008979,-78.904037,39.0,44.0
2024-07-06,7,2024,Frying Pan Mountain,Haywood,35.379167,-82.7925,44.0,
2024-07-06,7,2024,Garinger High School,Mecklenburg,35.2401000008895,-80.785683,45.0,28.0
2024-07-06,7,2024,Hattie Avenue,Forsyth,36.11094,-80.224501,46.0,35.0
2024-07-06,7,2024,Leggett,Edgecombe,35.988278,-77.5843,45.0,51.0
2024-07-06,7,2024,Linville Falls,Avery,35.972347,-81.933072,31.0,
2024-07-06,7,2024,Mendenhall School,Guilford,36.1090060008986,-79.802314,51.0,35.0
2024-07-06,7,2024,Millbrook School,Wake,35.856111,-78.574167,48.0,47.0
2024-07-06,7,2024,Pitt Agri. Center,Pitt,35.6412760008938,-77.360126,40.0,50.0
2024-07-06,7,2024,Rockwell,Rowan,35.551868,-80.395039,40.0,36.0
2024-07-06,7,2024,West Johnston Co.,Johnston,35.59095,-78.4622,40.0,58.0
2024-07-07,7,2024,Bryson City,Swain,35.434767,-83.442133,26.0,28.0
2024-07-07,7,2024,Castle Hayne,New Hanover,34.364167,-77.838611,31.0,23.5
2024-07-07,7,2024,Clemmons Middle,Forsyth,36.026612,-80.341962,29.0,32.0
2024-07-07,7,2024,Durham Armory,Durham,36.0329550008979,-78.904037,28.0,42.0
2024-07-07,7,2024,Frying Pan Mountain,Haywood,35.379167,-82.7925,34.0,
2024-07-07,7,2024,Garinger High School,Mecklenburg,35.2401000008895,-80.785683,35.0,27.0
2024-07-07,7,2024,Hattie Avenue,Forsyth,36.11094,-80.224501,31.0,39.0
2024-07-07,7,2024,Leggett,Edgecombe,35.988278,-77.5843,35.0,44.0
2024-07-07,7,2024,Linville Falls,Avery,35.972347,-81.933072,30.0,
2024-07-07,7,2024,Mendenhall School,Guilford,36.1090060008986,-79.802314,29.0,38.0
2024-07-07,7,2024,Millbrook School,Wake,35.856111,-78.574167,28.0,51.0
2024-07-07,7,2024,Pitt Agri. Center,Pitt,35.6412760008938,-77.360126,38.0,47.0
2024-07-07,7,2024,Rockwell,Rowan,35.551868,-80.395039,36.0,34.0
2024-07-07,7,2024,West Johnston Co.,Johnston,35.59095,-78.4622,31.0,46.0
2024-07-08,7,2024,Bryson City,Swain,35.434767,-83.442133,31.0,26.0
2024-07-08,7,2024,Castle Hayne,New Hanover,34.364167,-77.838611,27.0,15.0
2024-07-08,7,2024,Clemmons Middle,Forsyth,36.026612,-80.341962,44.0,34.0
2024-07-08,7,2024,Durham Armory,Durham,36.0329550008979,-78.904037,35.0,40.0
2024-07-08,7,2024,Frying Pan Mountain,Haywood,35.379167,-82.7925,36.0,21.0
2024-07-08,7,2024,Garinger High School,Mecklenburg,35.2401000008895,-80.785683,74.0,29.0
2024-07-08,7,2024,Hattie Avenue,Forsyth,36.11094,-80.224501,58.0,46.0
2024-07-08,7,2024,Leggett,Edgecombe,35.988278,-77.5843,39.0,
2024-07-08,7,2024,Linville Falls,Avery,35.972347,-81.933072,26.0,25.0
2024-07-08,7,2024,Mendenhall School,Guilford,36.1090060008986,-79.802314,47.0,43.0
2024-07-08,7,2024,Millbrook School,Wake,35.856111,-78.574167,44.0,44.5
2024-07-08,7,2024,Pitt Agri. Center,Pitt,35.6412760008938,-77.360126,33.0,32.0
2024-07-08,7,2024,Rockwell,Rowan,35.551868,-80.395039,39.0,28.0
2024-07-08,7,2024,West Johnston Co.,Johnston,35.59095,-78.4622,39.0,41.0
2024-07-09,7,2024,Bryson City,Swain,35.434767,-83.442133,25.0,27.0
2024-07-09,7,2024,Castle Hayne,New Hanover,34.364167,-77.838611,24.0,12.5
2024-07-09,7,2024,Clemmons Middle,Forsyth,36.026612,-80.341962,50.0,36.0
2024-07-09,7,2024,Durham Armory,Durham,36.0329550008979,-78.904037,,41.0
2024-07-09,7,2024,Frying Pan Mountain,Haywood,35.379167,-82.7925,26.0,
2024-07-09,7,2024,Garinger High School,Mecklenburg,35.2401000008895,-80.785683,45.0,38.0
2024-07-09,7,2024,Hattie Avenue,Forsyth,36.11094,-80.224501,64.0,43.0
2024-07-09,7,2024,Leggett,Edgecombe,35.988278,-77.5843,33.0,
2024-07-09,7,2024,Linville Falls,Avery,35.972347,-81.933072,31.0,
2024-07-09,7,2024,Mendenhall School,Guilford,36.1090060008986,-79.802314,43.0,53.0
2024-07-09,7,2024,Millbrook School,Wake,35.856111,-78.574167,42.0,42.0
2024-07-09,7,2024,Old High School,Swain,35.498711,-83.310242,25.0,
2024-07-09,7,2024,Pitt Agri. Center,Pitt,35.6412760008938,-77.360126,30.0,25.0
2024-07-09,7,2024,Rockwell,Rowan,35.551868,-80.395039,45.0,46.0
2024-07-09,7,2024,West Johnston Co.,Johnston,35.59095,-78.4622,39.0,44.0
2024-07-10,7,2024,Bryson City,Swain,35.434767,-83.442133,36.0,19.0
2024-07-10,7,2024,Castle Hayne,New Hanover,34.364167,-77.838611,29.0,12.5
2024-07-10,7,2024,Clemmons Middle,Forsyth,36.026612,-80.341962,46.0,30.0
2024-07-10,7,2024,Durham Armory,Durham,36.0329550008979,-78.904037,38.0,51.0
2024-07-10,7,2024,Frying Pan Mountain,Haywood,35.379167,-82.7925,50.0,
2024-07-10,7,2024,Garinger High School,Mecklenburg,35.2401000008895,-80.785683,41.0,28.0
2024-07-10,7,2024,Hattie Avenue,Forsyth,36.11094,-80.224501,48.0,35.0
2024-07-10,7,2024,Leggett,Edgecombe,35.988278,-77.5843,32.0,21.0
2024-07-10,7,2024,Linville Falls,Avery,35.972347,-81.933072,44.0,
2024-07-10,7,2024,Mendenhall School,Guilford,36.1090060008986,-79.802314,40.0,37.0
2024-07-10,7,2024,Millbrook School,Wake,35.856111,-78.574167,36.0,46.0
2024-07-10,7,2024,Old High School,Swain,35.498711,-83.310242,36.0,
2024-07-10,7,2024,Pitt Agri. Center,Pitt,35.6412760008938,-77.360126,27.0,19.0
2024-07-10,7,2024,Rockwell,Rowan,35.551868,-80.395039,44.0,33.0
2024-07-10,7,2024,West Johnston Co.,Johnston,35.59095,-78.4622,37.0,46.0
2024-07-11,7,2024,Bryson City,Swain,35.434767,-83.442133,41.0,26.0
2024-07-11,7,2024,Castle Hayne,New Hanover,34.364167,-77.838611,26.0,14.5
2024-07-11,7,2024,Clemmons Middle,Forsyth,36.026612,-80.341962,51.0,22.5
2024-07-11,7,2024,Durham Armory,Durham,36.0329550008979,-78.904037,45.0,37.0
2024-07-11,7,2024,Frying Pan Mountain,Haywood,35.379167,-82.7925,58.0,18.0
2024-07-11,7,2024,Garinger High School,Mecklenburg,35.2401000008895,-80.785683,74.0,24.5
2024-07-11,7,2024,Hattie Avenue,Forsyth,36.11094,-80.224501,61.0,26.5
2024-07-11,7,2024,Leggett,Edgecombe,35.988278,-77.5843,26.0,24.0
2024-07-11,7,2024,Linville Falls,Avery,35.972347,-81.933072,42.0,20.0
2024-07-11,7,2024,Mendenhall School,Guilford,36.1090060008986,-79.802314,49.0,22.0
2024-07-11,7,2024,Millbrook School,Wake,35.856111,-78.574167,44.0,32.0
2024-07-11,7,2024,Old High School,Swain,35.498711,-83.310242,44.0,
2024-07-11,7,2024,Pitt Agri. Center,Pitt,35.6412760008938,-77.360126,20.0,18.0
2024-07-11,7,2024,Rockwell,Rowan,35.551868,-80.395039,67.0,19.0
2024-07-11,7,2024,West Johnston Co.,Johnston,35.59095,-78.4622,42.0,39.0
2024-07-12,7,2024,Bryson City,Swain,35.434767,-83.442133,42.0,40.0
2024-07-12,7,2024,Castle Hayne,New Hanover,34.364167,-77.838611,29.0,32.5
2024-07-12,7,2024,Clemmons Middle,Forsyth,36.026612,-80.341962,30.0,28.0
2024-07-12,7,2024,Durham Armory,Durham,36.0329550008979,-78.904037,24.0,21.0
2024-07-12,7,2024,Frying Pan Mountain,Haywood,35.379167,-82.7925,45.0,
2024-07-12,7,2024,Garinger High School,Mecklenburg,35.2401000008895,-80.785683,32.0,37.0
2024-07-12,7,2024,Hattie Avenue,Forsyth,36.11094,-80.224501,32.0,30.0
2024-07-12,7,2024,Leggett,Edgecombe,35.988278,-77.5843,24.0,11.0
2024-07-12,7,2024,Linville Falls,Avery,35.972347,-81.933072,43.0,
2024-07-12,7,2024,Mendenhall School,Guilford,36.1090060008986,-79.802314,30.0,26.0
2024-07-12,7,2024,Millbrook School,Wake,35.856111,-78.574167,22.0,19.0
2024-07-12,7,2024,Old High School,Swain,35.498711,-83.310242,37.0,
2024-07-12,7,2024,Pitt Agri. Center,Pitt,35.6412760008938,-77.360126,22.0,27.0
2024-07-12,7,2024,Rockwell,Rowan,35.551868,-80.395039,29.0,39.0
2024-07-12,7,2024,West Johnston Co.,Johnston,35.59095,-78.4622,21.0,22.0
2024-07-13,7,2024,Bryson City,Swain,35.434767,-83.442133,44.0,52.0
2024-07-13,7,2024,Castle Hayne,New Hanover,34.364167,-77.838611,35.0,24.5
2024-07-13,7,2024,Clemmons Middle,Forsyth,36.026612,-80.341962,46.0,25.0
2024-07-13,7,2024,Durham Armory,Durham,36.0329550008979,-78.904037,32.0,24.0
2024-07-13,7,2024,Frying Pan Mountain,Haywood,35.379167,-82.7925,58.0,
2024-07-13,7,2024,Garinger High School,Mecklenburg,35.2401000008895,-80.785683,77.0,31.0
2024-07-13,7,2024,Hattie Avenue,Forsyth,36.11094,-80.224501,51.0,29.0
2024-07-13,7,2024,Leggett,Edgecombe,35.988278,-77.5843,28.0,29.0
2024-07-13,7,2024,Linville Falls,Avery,35.972347,-81.933072,40.0,
2024-07-13,7,2024,Mendenhall School,Guilford,36.1090060008986,-79.802314,44.0,27.0
2024-07-13,7,2024,Millbrook School,Wake,35.856111,-78.574167,36.0,31.0
2024-07-13,7,2024,Old High School,Swain,35.498711,-83.310242,39.0,
2024-07-13,7,2024,Pitt Agri. Center,Pitt,35.6412760008938,-77.360126,31.0,37.0
2024-07-13,7,2024,Rockwell,Rowan,35.551868,-80.395039,47.0,28.0
2024-07-13,7,2024,West Johnston Co.,Johnston,35.59095,-78.4622,31.0,35.0
2024-07-14,7,2024,Bryson City,Swain,35.434767,-83.442133,40.0,51.0
2024-07-14,7,2024,Castle Hayne,New Hanover,34.364167,-77.838611,44.0,47.5
2024-07-14,7,2024,Clemmons Middle,Forsyth,36.026612,-80.341962,44.0,53.0
2024-07-14,7,2024,Durham Armory,Durham,36.0329550008979,-78.904037,47.0,56.0
2024-07-14,7,2024,Frying Pan Mountain,Haywood,35.379167,-82.7925,61.0,43.0
2024-07-14,7,2024,Garinger High School,Mecklenburg,35.2401000008895,-80.785683,50.0,53.0
2024-07-14,7,2024,Hattie Avenue,Forsyth,36.11094,-80.224501,50.0,55.5
2024-07-14,7,2024,Leggett,Edgecombe,35.988278,-77.5843,41.0,53.0
2024-07-14,7,2024,Linville Falls,Avery,35.972347,-81.933072,47.0,40.0
2024-07-14,7,2024,Mendenhall School,Guilford,36.1090060008986,-79.802314,58.0,54.0
2024-07-14,7,2024,Millbrook School,Wake,35.856111,-78.574167,47.0,55.0
2024-07-14,7,2024,Old High School,Swain,35.498711,-83.310242,35.0,53.0
2024-07-14,7,2024,Pitt Agri. Center,Pitt,35.6412760008938,-77.360126,47.0,56.0
2024-07-14,7,2024,Rockwell,Rowan,35.551868,-80.395039,48.0,54.0
2024-07-14,7,2024,West Johnston Co.,Johnston,35.59095,-78.4622,46.0,55.0
2024-07-15,7,2024,Bryson City,Swain,35.434767,-83.442133,38.0,53.0
2024-07-15,7,2024,Castle Hayne,New Hanover,34.364167,-77.838611,41.0,56.0
2024-07-15,7,2024,Clemmons Middle,Forsyth,36.026612,-80.341962,50.0,55.0
2024-07-15,7,2024,Durham Armory,Durham,36.0329550008979,-78.904037,77.0,64.0
2024-07-15,7,2024,Frying Pan Mountain,Haywood,35.379167,-82.7925,42.0,
2024-07-15,7,2024,Garinger High School,Mecklenburg,35.2401000008895,-80.785683,80.0,57.0
2024-07-15,7,2024,Hattie Avenue,Forsyth,36.11094,-80.224501,64.0,58.0
2024-07-15,7,2024,Leggett,Edgecombe,35.988278,-77.5843,46.0,58.0
2024-07-15,7,2024,Linville Falls,Avery,35.972347,-81.933072,40.0,
2024-07-15,7,2024,Mendenhall School,Guilford,36.1090060008986,-79.802314,100.0,59.0
2024-07-15,7,2024,Millbrook School,Wake,35.856111,-78.574167,93.0,65.0
2024-07-15,7,2024,Old High School,Swain,35.498711,-83.310242,31.0,
2024-07-15,7,2024,Pitt Agri. Center,Pitt,35.6412760008938,-77.360126,49.0,62.0
2024-07-15,7,2024,Rockwell,Rowan,35.551868,-80.395039,61.0,55.0
2024-07-15,7,2024,West Johnston Co.,Johnston,35.59095,-78.4622,51.0,61.0
2024-07-16,7,2024,Bryson City,Swain,35.434767,-83.442133,29.0,45.0
2024-07-16,7,2024,Castle Hayne,New Hanover,34.364167,-77.838611,40.0,50.5
2024-07-16,7,2024,Clemmons Middle,Forsyth,36.026612,-80.341962,43.0,55.0
2024-07-16,7,2024,Durham Armory,Durham,36.0329550008979,-78.904037,45.0,63.0
2024-07-16,7,2024,Garinger High School,Mecklenburg,35.2401000008895,-80.785683,49.0,53.0
2024-07-16,7,2024,Hattie Avenue,Forsyth,36.11094,-80.224501,47.0,59.0
2024-07-16,7,2024,Leggett,Edgecombe,35.988278,-77.5843,50.0,60.0
2024-07-16,7,2024,Linville Falls,Avery,35.972347,-81.933072,28.0,
2024-07-16,7,2024,Mendenhall School,Guilford,36.1090060008986,-79.802314,64.0,58.0
2024-07-16,7,2024,Millbrook School,Wake,35.856111,-78.574167,58.0,67.0
2024-07-16,7,2024,Old High School,Swain,35.498711,-83.310242,25.0,
2024-07-16,7,2024,Pitt Agri. Center,Pitt,35.6412760008938,-77.360126,44.0,63.0
2024-07-16,7,2024,Rockwell,Rowan,35.551868,-80.395039,46.0,52.0
2024-07-16,7,2024,West Johnston Co.,Johnston,35.59095,-78.4622,67.0,62.0
2024-07-17,7,2024,Bryson City,Swain,35.434767,-83.442133,30.0,41.0
2024-07-17,7,2024,Castle Hayne,New Hanover,34.364167,-77.838611,33.0,31.0
2024-07-17,7,2024,Clemmons Middle,Forsyth,36.026612,-80.341962,44.0,44.0
2024-07-17,7,2024,Durham Armory,Durham,36.0329550008979,-78.904037,42.0,56.0
2024-07-17,7,2024,Frying Pan Mountain,Haywood,35.379167,-82.7925,43.0,39.0
2024-07-17,7,2024,Garinger High School,Mecklenburg,35.2401000008895,-80.785683,46.0,45.0
2024-07-17,7,2024,Hattie Avenue,Forsyth,36.11094,-80.224501,45.0,50.5
2024-07-17,7,2024,Leggett,Edgecombe,35.988278,-77.5843,40.0,55.0
2024-07-17,7,2024,Linville Falls,Avery,35.972347,-81.933072,28.0,39.0
2024-07-17,7,2024,Mendenhall School,Guilford,36.1090060008986,-79.802314,51.0,51.0
2024-07-17,7,2024,Millbrook School,Wake,35.856111,-78.574167,,59.0
2024-07-17,7,2024,Old High School,Swain,35.498711,-83.310242,30.0,44.0
2024-07-17,7,2024,Pitt Agri. Center,Pitt,35.6412760008938,-77.360126,35.0,53.0
2024-07-17,7,2024,Rockwell,Rowan,35.551868,-80.395039,50.0,48.0
2024-07-17,7,2024,West Johnston Co.,Johnston,35.59095,-78.4622,43.0,55.0
2024-07-18,7,2024,Bryson City,Swain,35.434767,-83.442133,40.0,29.0
2024-07-18,7,2024,Castle Hayne,New Hanover,34.364167,-77.838611,29.0,28.5
2024-07-18,7,2024,Clemmons Middle,Forsyth,36.026612,-80.341962,43.0,34.0
2024-07-18,7,2024,Durham Armory,Durham,36.0329550008979,-78.904037,38.0,49.0
2024-07-18,7,2024,Frying Pan Mountain,Haywood,35.379167,-82.7925,39.0,
2024-07-18,7,2024,Garinger High School,Mecklenburg,35.2401000008895,-80.785683,47.0,40.0
2024-07-18,7,2024,Hattie Avenue,Forsyth,36.11094,-80.224501,44.0,39.0
2024-07-18,7,2024,Leggett,Edgecombe,35.988278,-77.5843,36.0,40.0
2024-07-18,7,2024,Linville Falls,Avery,35.972347,-81.933072,33.0,
2024-07-18,7,2024,Mendenhall School,Guilford,36.1090060008986,-79.802314,46.0,46.0
2024-07-18,7,2024,Millbrook School,Wake,35.856111,-78.574167,,47.0
2024-07-18,7,2024,Old High School,Swain,35.498711,-83.310242,36.0,
2024-07-18,7,2024,Pitt Agri. Center,Pitt,35.6412760008938,-77.360126,34.0,41.0
2024-07-18,7,2024,Rockwell,Rowan,35.551868,-80.395039,46.0,34.0
2024-07-18,7,2024,West Johnston Co.,Johnston,35.59095,-78.4622,39.0,52.0
2024-07-19,7,2024,Bryson City,Swain,35.434767,-83.442133,27.0,26.0
2024-07-19,7,2024,Castle Hayne,New Hanover,34.364167,-77.838611,22.0,
2024-07-19,7,2024,Clemmons Middle,Forsyth,36.026612,-80.341962,46.0,41.0
2024-07-19,7,2024,Durham Armory,Durham,36.0329550008979,-78.904037,37.0,53.0
2024-07-19,7,2024,Frying Pan Mountain,Haywood,35.379167,-82.7925,41.0,
2024-07-19,7,2024,Garinger High School,Mecklenburg,35.2401000008895,-80.785683,32.0,31.0
2024-07-19,7,2024,Hattie Avenue,Forsyth,36.11094,-80.224501,46.0,46.0
2024-07-19,7,2024,Leggett,Edgecombe,35.988278,-77.5843,33.0,36.0
2024-07-19,7,2024,Linville Falls,Avery,35.972347,-81.933072,37.0,
2024-07-19,7,2024,Mendenhall School,Guilford,36.1090060008986,-79.802314,42.0,45.0
2024-07-19,7,2024,Millbrook School,Wake,35.856111,-78.574167,35.0,48.0
2024-07-19,7,2024,Old High School,Swain,35.498711,-83.310242,29.0,
2024-07-19,7,2024,Pitt Agri. Center,Pitt,35.6412760008938,-77.360126,33.0,33.0
2024-07-19,7,2024,Rockwell,Rowan,35.551868,-80.395039,36.0,32.0
2024-07-19,7,2024,West Johnston Co.,Johnston,35.59095,-78.4622,36.0,37.0
2024-07-20,7,2024,Bryson City,Swain,35.434767,-83.442133,28.0,17.0
2024-07-20,7,2024,Castle Hayne,New Hanover,34.364167,-77.838611,20.0,
2024-07-20,7,2024,Clemmons Middle,Forsyth,36.026612,-80.341962,32.0,24.0
2024-07-20,7,2024,Durham Armory,Durham,36.0329550008979,-78.904037,32.0,33.0
2024-07-20,7,2024,Frying Pan Mountain,Haywood,35.379167,-82.7925,31.0,11.0
2024-07-20,7,2024,Garinger High School,Mecklenburg,35.2401000008895,-80.785683,33.0,36.5
2024-07-20,7,2024,Hattie Avenue,Forsyth,36.11094,-80.224501,32.0,26.0
2024-07-20,7,2024,Leggett,Edgecombe,35.988278,-77.5843,32.0,31.0
2024-07-20,7,2024,Linville Falls,Avery,35.972347,-81.933072,31.0,21.0
2024-07-20,7,2024,Mendenhall School,Guilford,36.1090060008986,-79.802314,33.0,28.0
2024-07-20,7,2024,Millbrook School,Wake,35.856111,-78.574167,34.0,32.5
2024-07-20,7,2024,Old High School,Swain,35.498711,-83.310242,31.0,26.0
2024-07-20,7,2024,Pitt Agri. Center,Pitt,35.6412760008938,-77.360126,32.0,24.0
2024-07-20,7,2024,Rockwell,Rowan,35.551868,-80.395039,38.0,17.0
2024-07-20,7,2024,West Johnston Co.,Johnston,35.59095,-78.4622,32.0,34.0
2024-07-21,7,2024,Bryson City,Swain,35.434767,-83.442133,27.0,14.0
2024-07-21,7,2024,Castle Hayne,New Hanover,34.364167,-77.838611,26.0,
2024-07-21,7,2024,Clemmons Middle,Forsyth,36.026612,-80.341962,31.0,19.0
2024-07-21,7,2024,Durham Armory,Durham,36.0329550008979,-78.904037,42.0,34.0
2024-07-21,7,2024,Frying Pan Mountain,Haywood,35.379167,-82.7925,35.0,
2024-07-21,7,2024,Garinger High School,Mecklenburg,35.2401000008895,-80.785683,24.0,13.0
2024-07-21,7,2024,Hattie Avenue,Forsyth,36.11094,-80.224501,37.0,27.0
2024-07-21,7,2024,Leggett,Edgecombe,35.988278,-77.5843,32.0,31.0
2024-07-21,7,2024,Linville Falls,Avery,35.972347,-81.933072,25.0,
2024-07-21,7,2024,Mendenhall School,Guilford,36.1090060008986,-79.802314,44.0,31.0
2024-07-21,7,2024,Millbrook School,Wake,35.856111,-78.574167,40.0,33.0
2024-07-21,7,2024,Old High School,Swain,35.498711,-83.310242,26.0,
2024-07-21,7,2024,Pitt Agri. Center,Pitt,35.6412760008938,-77.360126,32.0,24.0
2024-07-21,7,2024,Rockwell,Rowan,35.551868,-80.395039,29.0,22.0
2024-07-21,7,2024,West Johnston Co.,Johnston,35.59095,-78.4622,31.0,29.0
2024-07-22,7,2024,Bryson City,Swain,35.434767,-83.442133,30.0,25.0
2024-07-22,7,2024,Castle Hayne,New Hanover,34.364167,-77.838611,18.0,
2024-07-22,7,2024,Clemmons Middle,Forsyth,36.026612,-80.341962,36.0,22.0
2024-07-22,7,2024,Durham Armory,Durham,36.0329550008979,-78.904037,29.0,22.0
2024-07-22,7,2024,Frying Pan Mountain,Haywood,35.379167,-82.7925,36.0,
2024-07-22,7,2024,Garinger High School,Mecklenburg,35.2401000008895,-80.785683,33.0,18.0
2024-07-22,7,2024,Hattie Avenue,Forsyth,36.11094,-80.224501,38.0,27.0
2024-07-22,7,2024,Leggett,Edgecombe,35.988278,-77.5843,28.0,18.0
2024-07-22,7,2024,Linville Falls,Avery,35.972347,-81.933072,30.0,
2024-07-22,7,2024,Mendenhall School,Guilford,36.1090060008986,-79.802314,39.0,26.0
2024-07-22,7,2024,Millbrook School,Wake,35.856111,-78.574167,31.0,20.0
2024-07-22,7,2024,Old High School,Swain,35.498711,-83.310242,31.0,
2024-07-22,7,2024,Pitt Agri. Center,Pitt,35.6412760008938,-77.360126,25.0,18.0
2024-07-22,7,2024,Rockwell,Rowan,35.551868,-80.395039,32.0,17.0
2024-07-22,7,2024,West Johnston Co.,Johnston,35.59095,-78.4622,27.0,13.0
2024-07-23,7,2024,Bryson City,Swain,35.434767,-83.442133,27.0,28.0
2024-07-23,7,2024,Castle Hayne,New Hanover,34.364167,-77.838611,23.0,
2024-07-23,7,2024,Clemmons Middle,Forsyth,36.026612,-80.341962,38.0,30.5
2024-07-23,7,2024,Durham Armory,Durham,36.0329550008979,-78.904037,31.0,34.0
2024-07-23,7,2024,Frying Pan Mountain,Haywood,35.379167,-82.7925,36.0,18.0
2024-07-23,7,2024,Garinger High School,Mecklenburg,35.2401000008895,-80.785683,31.0,24.0
2024-07-23,7,2024,Hattie Avenue,Forsyth,36.11094,-80.224501,41.0,30.0
2024-07-23,7,2024,Leggett,Edgecombe,35.988278,-77.5843,27.0,
2024-07-23,7,2024,Linville Falls,Avery,35.972347,-81.933072,30.0,24.0
2024-07-23,7,2024,Mendenhall School,Guilford,36.1090060008986,-79.802314,39.0,31.0
2024-07-23,7,2024,Millbrook School,Wake,35.856111,-78.574167,32.0,30.0
2024-07-23,7,2024,Old High School,Swain,35.498711,-83.310242,28.0,31.0
2024-07-23,7,2024,Pitt Agri. Center,Pitt,35.6412760008938,-77.360126,26.0,52.0
2024-07-23,7,2024,Rockwell,Rowan,35.551868,-80.395039,35.0,29.0
2024-07-23,7,2024,West Johnston Co.,Johnston,35.59095,-78.4622,28.0,43.0
2024-07-24,7,2024,Bryson City,Swain,35.434767,-83.442133,26.0,28.0
2024-07-24,7,2024,Castle Hayne,New Hanover,34.364167,-77.838611,26.0,
2024-07-24,7,2024,Clemmons Middle,Forsyth,36.026612,-80.341962,34.0,32.0
2024-07-24,7,2024,Durham Armory,Durham,36.0329550008979,-78.904037,29.0,23.0
2024-07-24,7,2024,Frying Pan Mountain,Haywood,35.379167,-82.7925,30.0,
2024-07-24,7,2024,Garinger High School,Mecklenburg,35.2401000008895,-80.785683,37.0,18.0
2024-07-24,7,2024,Hattie Avenue,Forsyth,36.11094,-80.224501,38.0,40.0
2024-07-24,7,2024,Leggett,Edgecombe,35.988278,-77.5843,31.0,
2024-07-24,7,2024,Linville Falls,Avery,35.972347,-81.933072,30.0,
2024-07-24,7,2024,Mendenhall School,Guilford,36.1090060008986,-79.802314,40.0,31.0
2024-07-24,7,2024,Millbrook School,Wake,35.856111,-78.574167,31.0,28.0
2024-07-24,7,2024,Old High School,Swain,35.498711,-83.310242,29.0,
2024-07-24,7,2024,Pitt Agri. Center,Pitt,35.6412760008938,-77.360126,25.0,28.0
2024-07-24,7,2024,Rockwell,Rowan,35.551868,-80.395039,40.0,25.0
2024-07-24,7,2024,West Johnston Co.,Johnston,35.59095,-78.4622,30.0,27.0
2024-07-25,7,2024,Bryson City,Swain,35.434767,-83.442133,19.0,6.0
2024-07-25,7,2024,Castle Hayne,New Hanover,34.364167,-77.838611,18.0,22.0
2024-07-25,7,2024,Clemmons Middle,Forsyth,36.026612,-80.341962,23.0,22.0
2024-07-25,7,2024,Durham Armory,Durham,36.0329550008979,-78.904037,24.0,21.0
2024-07-25,7,2024,Frying Pan Mountain,Haywood,35.379167,-82.7925,31.0,
2024-07-25,7,2024,Garinger High School,Mecklenburg,35.2401000008895,-80.785683,29.0,21.0
2024-07-25,7,2024,Hattie Avenue,Forsyth,36.11094,-80.224501,27.0,26.0
2024-07-25,7,2024,Leggett,Edgecombe,35.988278,-77.5843,23.0,
2024-07-25,7,2024,Linville Falls,Avery,35.972347,-81.933072,23.0,
2024-07-25,7,2024,Mendenhall School,Guilford,36.1090060008986,-79.802314,27.0,22.0
2024-07-25,7,2024,Millbrook School,Wake,35.856111,-78.574167,24.0,23.0
2024-07-25,7,2024,Old High School,Swain,35.498711,-83.310242,17.0,
2024-07-25,7,2024,Pitt Agri. Center,Pitt,35.6412760008938,-77.360126,24.0,27.0
2024-07-25,7,2024,Rockwell,Rowan,35.551868,-80.395039,31.0,22.0
2024-07-25,7,2024,West Johnston Co.,Johnston,35.59095,-78.4622,27.0,24.0
2024-07-26,7,2024,Bryson City,Swain,35.434767,-83.442133,24.0,42.0
2024-07-26,7,2024,Castle Hayne,New Hanover,34.364167,-77.838611,23.0,14.0
2024-07-26,7,2024,Clemmons Middle,Forsyth,36.026612,-80.341962,36.0,50.0
2024-07-26,7,2024,Durham Armory,Durham,36.0329550008979,-78.904037,30.0,47.0
2024-07-26,7,2024,Frying Pan Mountain,Haywood,35.379167,-82.7925,42.0,46.0
2024-07-26,7,2024,Garinger High School,Mecklenburg,35.2401000008895,-80.785683,36.0,39.5
2024-07-26,7,2024,Hattie Avenue,Forsyth,36.11094,-80.224501,38.0,50.5
2024-07-26,7,2024,Leggett,Edgecombe,35.988278,-77.5843,30.0,
2024-07-26,7,2024,Linville Falls,Avery,35.972347,-81.933072,31.0,56.0
2024-07-26,7,2024,Mendenhall School,Guilford,36.1090060008986,-79.802314,33.0,51.0
2024-07-26,7,2024,Millbrook School,Wake,35.856111,-78.574167,30.0,40.5
2024-07-26,7,2024,Old High School,Swain,35.498711,-83.310242,23.0,43.0
2024-07-26,7,2024,Pitt Agri. Center,Pitt,35.6412760008938,-77.360126,24.0,20.0
2024-07-26,7,2024,Rockwell,Rowan,35.551868,-80.395039,31.0,44.0
2024-07-26,7,2024,West Johnston Co.,Johnston,35.59095,-78.4622,26.0,32.0
2024-07-27,7,2024,Bryson City,Swain,35.434767,-83.442133,31.0,55.0
2024-07-27,7,2024,Castle Hayne,New Hanover,34.364167,-77.838611,41.0,32.0
2024-07-27,7,2024,Clemmons Middle,Forsyth,36.026612,-80.341962,49.0,59.0
2024-07-27,7,2024,Durham Armory,Durham,36.0329550008979,-78.904037,42.0,59.0
2024-07-27,7,2024,Frying Pan Mountain,Haywood,35.379167,-82.7925,32.0,
2024-07-27,7,2024,Garinger High School,Mecklenburg,35.2401000008895,-80.785683,42.0,56.0
2024-07-27,7,2024,Hattie Avenue,Forsyth,36.11094,-80.224501,49.0,63.0
2024-07-27,7,2024,Leggett,Edgecombe,35.988278,-77.5843,38.0,
2024-07-27,7,2024,Linville Falls,Avery,35.972347,-81.933072,35.0,
2024-07-27,7,2024,Mendenhall School,Guilford,36.1090060008986,-79.802314,47.0,60.0
2024-07-27,7,2024,Millbrook School,Wake,35.856111,-78.574167,40.0,53.0
2024-07-27,7,2024,Old High School,Swain,35.498711,-83.310242,33.0,
2024-07-27,7,2024,Pitt Agri. Center,Pitt,35.6412760008938,-77.360126,43.0,25.0
2024-07-27,7,2024,Rockwell,Rowan,35.551868,-80.395039,42.0,56.0
2024-07-27,7,2024,West Johnston Co.,Johnston,35.59095,-78.4622,42.0,49.0
2024-07-28,7,2024,Bryson City,Swain,35.434767,-83.442133,25.0,52.0
2024-07-28,7,2024,Castle Hayne,New Hanover,34.364167,-77.838611,45.0,42.5
2024-07-28,7,2024,Clemmons Middle,Forsyth,36.026612,-80.341962,43.0,59.0
2024-07-28,7,2024,Durham Armory,Durham,36.0329550008979,-78.904037,47.0,56.0
2024-07-28,7,2024,Frying Pan Mountain,Haywood,35.379167,-82.7925,28.0,
2024-07-28,7,2024,Garinger High School,Mecklenburg,35.2401000008895,-80.785683,44.0,57.0
2024-07-28,7,2024,Hattie Avenue,Forsyth,36.11094,-80.224501,47.0,62.0
2024-07-28,7,2024,Leggett,Edgecombe,35.988278,-77.5843,44.0,
2024-07-28,7,2024,Linville Falls,Avery,35.972347,-81.933072,31.0,
2024-07-28,7,2024,Mendenhall School,Guilford,36.1090060008986,-79.802314,46.0,61.0
2024-07-28,7,2024,Millbrook School,Wake,35.856111,-78.574167,49.0,50.0
2024-07-28,7,2024,Old High School,Swain,35.498711,-83.310242,29.0,
2024-07-28,7,2024,Pitt Agri. Center,Pitt,35.6412760008938,-77.360126,46.0,42.0
2024-07-28,7,2024,Rockwell,Rowan,35.551868,-80.395039,40.0,58.0
2024-07-28,7,2024,West Johnston Co.,Johnston,35.59095,-78.4622,50.0,52.0
2024-07-29,7,2024,Bryson City,Swain,35.434767,-83.442133,26.0,29.0
2024-07-29,7,2024,Castle Hayne,New Hanover,34.364167,-77.838611,38.0,53.0
2024-07-29,7,2024,Clemmons Middle,Forsyth,36.026612,-80.341962,31.0,48.5
2024-07-29,7,2024,Durham Armory,Durham,36.0329550008979,-78.904037,32.0,57.0
2024-07-29,7,2024,Frying Pan Mountain,Haywood,35.379167,-82.7925,35.0,18.0
2024-07-29,7,2024,Garinger High School,Mecklenburg,35.2401000008895,-80.785683,,48.0
2024-07-29,7,2024,Hattie Avenue,Forsyth,36.11094,-80.224501,33.0,54.0
2024-07-29,7,2024,Leggett,Edgecombe,35.988278,-77.5843,38.0,
2024-07-29,7,2024,Linville Falls,Avery,35.972347,-81.933072,26.0,24.0
2024-07-29,7,2024,Mendenhall School,Guilford,36.1090060008986,-79.802314,33.0,53.0
2024-07-29,7,2024,Millbrook School,Wake,35.856111,-78.574167,29.0,54.5
2024-07-29,7,2024,Old High School,Swain,35.498711,-83.310242,23.0,31.0
2024-07-29,7,2024,Pitt Agri. Center,Pitt,35.6412760008938,-77.360126,40.0,55.0
2024-07-29,7,2024,Rockwell,Rowan,35.551868,-80.395039,23.0,49.0
2024-07-29,7,2024,West Johnston Co.,Johnston,35.59095,-78.4622,29.0,53.0
2024-07-30,7,2024,Bryson City,Swain,35.434767,-83.442133,24.0,28.0
2024-07-30,7,2024,Castle Hayne,New Hanover,34.364167,-77.838611,40.0,36.5
2024-07-30,7,2024,Clemmons Middle,Forsyth,36.026612,-80.341962,44.0,34.0
2024-07-30,7,2024,Durham Armory,Durham,36.0329550008979,-78.904037,30.0,55.0
2024-07-30,7,2024,Frying Pan Mountain,Haywood,35.379167,-82.7925,51.0,
2024-07-30,7,2024,Garinger High School,Mecklenburg,35.2401000008895,-80.785683,34.0,21.0
2024-07-30,7,2024,Hattie Avenue,Forsyth,36.11094,-80.224501,47.0,43.0
2024-07-30,7,2024,Leggett,Edgecombe,35.988278,-77.5843,35.0,52.0
2024-07-30,7,2024,Linville Falls,Avery,35.972347,-81.933072,35.0,
2024-07-30,7,2024,Mendenhall School,Guilford,36.1090060008986,-79.802314,48.0,39.0
2024-07-30,7,2024,Millbrook School,Wake,35.856111,-78.574167,37.0,55.0
2024-07-30,7,2024,Old High School,Swain,35.498711,-83.310242,25.0,
2024-07-30,7,2024,Pitt Agri. Center,Pitt,35.6412760008938,-77.360126,38.0,52.0
2024-07-30,7,2024,Rockwell,Rowan,35.551868,-80.395039,43.0,26.0
2024-07-30,7,2024,West Johnston Co.,Johnston,35.59095,-78.4622,38.0,49.0
2024-07-31,7,2024,Bryson City,Swain,35.434767,-83.442133,28.0,26.0
2024-07-31,7,2024,Castle Hayne,New Hanover,34.364167,-77.838611,44.0,29.0
2024-07-31,7,2024,Clemmons Middle,Forsyth,36.026612,-80.341962,43.0,37.0
2024-07-31,7,2024,Durham Armory,Durham,36.0329550008979,-78.904037,47.0,46.0
2024-07-31,7,2024,Frying Pan Mountain,Haywood,35.379167,-82.7925,44.0,
2024-07-31,7,2024,Garinger High School,Mecklenburg,35.2401000008895,-80.785683,54.0,22.0
2024-07-31,7,2024,Hattie Avenue,Forsyth,36.11094,-80.224501,47.0,44.0
2024-07-31,7,2024,Leggett,Edgecombe,35.988278,-77.5843,41.0,46.0
2024-07-31,7,2024,Linville Falls,Avery,35.972347,-81.933072,39.0,
2024-07-31,7,2024,Mendenhall School,Guilford,36.1090060008986,-79.802314,51.0,37.0
2024-07-31,7,2024,Millbrook School,Wake,35.856111,-78.574167,50.0,50.0
2024-07-31,7,2024,Old High School,Swain,35.498711,-83.310242,27.0,
2024-07-31,7,2024,Pitt Agri. Center,Pitt,35.6412760008938,-77.360126,42.0,41.0
2024-07-31,7,2024,Rockwell,Rowan,35.551868,-80.395039,48.0,26.0
2024-07-31,7,2024,West Johnston Co.,Johnston,35.59095,-78.4622,43.0,52.0
2024-08-01,8,2024,Bryson City,Swain,35.434767,-83.442133,21.0,37.0
2024-08-01,8,2024,Castle Hayne,New Hanover,34.364167,-77.838611,41.0,46.5
2024-08-01,8,2024,Clemmons Middle,Forsyth,36.026612,-80.341962,43.0,38.0
2024-08-01,8,2024,Durham Armory,Durham,36.0329550008979,-78.904037,42.0,52.0
2024-08-01,8,2024,Frying Pan Mountain,Haywood,35.379167,-82.7925,27.0,31.0
2024-08-01,8,2024,Garinger High School,Mecklenburg,35.2401000008895,-80.785683,77.0,40.0
2024-08-01,8,2024,Hattie Avenue,Forsyth,36.11094,-80.224501,46.0,42.0
2024-08-01,8,2024,Leggett,Edgecombe,35.988278,-77.5843,44.0,53.0
2024-08-01,8,2024,Linville Falls,Avery,35.972347,-81.933072,26.0,31.0
2024-08-01,8,2024,Mendenhall School,Guilford,36.1090060008986,-79.802314,45.0,47.0
2024-08-01,8,2024,Millbrook School,Wake,35.856111,-78.574167,54.0,52.5
2024-08-01,8,2024,Old High School,Swain,35.498711,-83.310242,20.0,42.0
2024-08-01,8,2024,Pitt Agri. Center,Pitt,35.6412760008938,-77.360126,44.0,55.0
2024-08-01,8,2024,Rockwell,Rowan,35.551868,-80.395039,46.0,45.0
2024-08-01,8,2024,West Johnston Co.,Johnston,35.59095,-78.4622,47.0,56.0
2024-08-02,8,2024,Bryson City,Swain,35.434767,-83.442133,27.0,70.0
2024-08-02,8,2024,Castle Hayne,New Hanover,34.364167,-77.838611,33.0,41.0
2024-08-02,8,2024,Clemmons Middle,Forsyth,36.026612,-80.341962,35.0,50.0
2024-08-02,8,2024,Durham Armory,Durham,36.0329550008979,-78.904037,36.0,55.0
2024-08-02,8,2024,Frying Pan Mountain,Haywood,35.379167,-82.7925,43.0,
2024-08-02,8,2024,Garinger High School,Mecklenburg,35.2401000008895,-80.785683,31.0,60.0
2024-08-02,8,2024,Hattie Avenue,Forsyth,36.11094,-80.224501,37.0,54.0
2024-08-02,8,2024,Leggett,Edgecombe,35.988278,-77.5843,35.0,57.0
2024-08-02,8,2024,Linville Falls,Avery,35.972347,-81.933072,27.0,
2024-08-02,8,2024,Mendenhall School,Guilford,36.1090060008986,-79.802314,38.0,56.0
2024-08-02,8,2024,Millbrook School,Wake,35.856111,-78.574167,39.0,54.0
2024-08-02,8,2024,Old High School,Swain,35.498711,-83.310242,28.0,
2024-08-02,8,2024,Pitt Agri. Center,Pitt,35.6412760008938,-77.360126,33.0,53.0
2024-08-02,8,2024,Rockwell,Rowan,35.551868,-80.395039,35.0,55.0
2024-08-02,8,2024,West Johnston Co.,Johnston,35.59095,-78.4622,33.0,54.0
2024-08-03,8,2024,Bryson City,Swain,35.434767,-83.442133,42.0,54.0
2024-08-03,8,2024,Castle Hayne,New Hanover,34.364167,-77.838611,19.0,42.0
2024-08-03,8,2024,Clemmons Middle,Forsyth,36.026612,-80.341962,36.0,56.0
2024-08-03,8,2024,Durham Armory,Durham,36.0329550008979,-78.904037,34.0,57.0
2024-08-03,8,2024,Frying Pan Mountain,Haywood,35.379167,-82.7925,42.0,
2024-08-03,8,2024,Garinger High School,Mecklenburg,35.2401000008895,-80.785683,32.0,58.0
2024-08-03,8,2024,Hattie Avenue,Forsyth,36.11094,-80.224501,38.0,62.0
2024-08-03,8,2024,Leggett,Edgecombe,35.988278,-77.5843,29.0,54.0
2024-08-03,8,2024,Linville Falls,Avery,35.972347,-81.933072,34.0,
2024-08-03,8,2024,Mendenhall School,Guilford,36.1090060008986,-79.802314,34.0,59.0
2024-08-03,8,2024,Millbrook School,Wake,35.856111,-78.574167,31.0,55.0
2024-08-03,8,2024,Old High School,Swain,35.498711,-83.310242,39.0,
2024-08-03,8,2024,Pitt Agri. Center,Pitt,35.6412760008938,-77.360126,27.0,48.0
2024-08-03,8,2024,Rockwell,Rowan,35.551868,-80.395039,31.0,58.0
2024-08-04,8,2024,Bryson City,Swain,35.434767,-83.442133,37.0,31.0
2024-08-04,8,2024,Castle Hayne,New Hanover,34.364167,-77.838611,23.0,21.5
2024-08-04,8,2024,Clemmons Middle,Forsyth,36.026612,-80.341962,42.0,38.5
2024-08-04,8,2024,Durham Armory,Durham,36.0329550008979,-78.904037,35.0,43.0
2024-08-04,8,2024,Frying Pan Mountain,Haywood,35.379167,-82.7925,41.0,22.0
2024-08-04,8,2024,Garinger High School,Mecklenburg,35.2401000008895,-80.785683,44.0,44.0
2024-08-04,8,2024,Hattie Avenue,Forsyth,36.11094,-80.224501,41.0,41.0
2024-08-04,8,2024,Leggett,Edgecombe,35.988278,-77.5843,31.0,31.0
2024-08-04,8,2024,Linville Falls,Avery,35.972347,-81.933072,38.0,29.0
2024-08-04,8,2024,Mendenhall School,Guilford,36.1090060008986,-79.802314,44.0,43.0
2024-08-04,8,2024,Millbrook School,Wake,35.856111,-78.574167,31.0,37.5
2024-08-04,8,2024,Old High School,Swain,35.498711,-83.310242,40.0,49.0
2024-08-04,8,2024,Pitt Agri. Center,Pitt,35.6412760008938,-77.360126,30.0,18.0
2024-08-04,8,2024,Rockwell,Rowan,35.551868,-80.395039,41.0,36.0
2024-08-04,8,2024,West Johnston Co.,Johnston,35.59095,-78.4622,32.0,26.0
2024-08-05,8,2024,Bryson City,Swain,35.434767,-83.442133,42.0,44.0
2024-08-05,8,2024,Clemmons Middle,Forsyth,36.026612,-80.341962,44.0,34.0
2024-08-05,8,2024,Durham Armory,Durham,36.0329550008979,-78.904037,40.0,36.0
2024-08-05,8,2024,Frying Pan Mountain,Haywood,35.379167,-82.7925,37.0,
2024-08-05,8,2024,Garinger High School,Mecklenburg,35.2401000008895,-80.785683,24.0,17.0
2024-08-05,8,2024,Hattie Avenue,Forsyth,36.11094,-80.224501,47.0,46.0
2024-08-05,8,2024,Leggett,Edgecombe,35.988278,-77.5843,22.0,14.0
2024-08-05,8,2024,Linville Falls,Avery,35.972347,-81.933072,40.0,
2024-08-05,8,2024,Mendenhall School,Guilford,36.1090060008986,-79.802314,42.0,41.0
2024-08-05,8,2024,Millbrook School,Wake,35.856111,-78.574167,30.0,32.0
2024-08-05,8,2024,Old High School,Swain,35.498711,-83.310242,37.0,
2024-08-05,8,2024,Pitt Agri. Center,Pitt,35.6412760008938,-77.360126,19.0,17.0
2024-08-05,8,2024,Rockwell,Rowan,35.551868,-80.395039,31.0,29.0
2024-08-05,8,2024,West Johnston Co.,Johnston,35.59095,-78.4622,24.0,24.0
2024-08-06,8,2024,Bryson City,Swain,35.434767,-83.442133,31.0,39.0
2024-08-06,8,2024,Castle Hayne,New Hanover,34.364167,-77.838611,24.0,25.0
2024-08-06,8,2024,Clemmons Middle,Forsyth,36.026612,-80.341962,24.0,19.0
2024-08-06,8,2024,Durham Armory,Durham,36.0329550008979,-78.904037,17.0,18.0
2024-08-06,8,2024,Frying Pan Mountain,Haywood,35.379167,-82.7925,27.0,
2024-08-06,8,2024,Garinger High School,Mecklenburg,35.2401000008895,-80.785683,17.0,14.0
2024-08-06,8,2024,Hattie Avenue,Forsyth,36.11094,-80.224501,26.0,22.0
2024-08-06,8,2024,Leggett,Edgecombe,35.988278,-77.5843,15.0,12.0
2024-08-06,8,2024,Linville Falls,Avery,35.972347,-81.933072,25.0,
2024-08-06,8,2024,Mendenhall School,Guilford,36.1090060008986,-79.802314,20.0,18.0
2024-08-06,8,2024,Millbrook School,Wake,35.856111,-78.574167,15.0,23.0
2024-08-06,8,2024,Old High School,Swain,35.498711,-83.310242,28.0,
2024-08-06,8,2024,Pitt Agri. Center,Pitt,35.6412760008938,-77.360126,14.0,12.0
2024-08-06,8,2024,Rockwell,Rowan,35.551868,-80.395039,17.0,11.0
2024-08-06,8,2024,West Johnston Co.,Johnston,35.59095,-78.4622,17.0,17.0
2024-08-07,8,2024,Bryson City,Swain,35.434767,-83.442133,35.0,38.0
2024-08-07,8,2024,Castle Hayne,New Hanover,34.364167,-77.838611,37.0,33.0
2024-08-07,8,2024,Clemmons Middle,Forsyth,36.026612,-80.341962,24.0,21.0
2024-08-07,8,2024,Durham Armory,Durham,36.0329550008979,-78.904037,24.0,18.0
2024-08-07,8,2024,Frying Pan Mountain,Haywood,35.379167,-82.7925,31.0,19.0
2024-08-07,8,2024,Garinger High School,Mecklenburg,35.2401000008895,-80.785683,28.0,12.5
2024-08-07,8,2024,Hattie Avenue,Forsyth,36.11094,-80.224501,26.0,31.5
2024-08-07,8,2024,Leggett,Edgecombe,35.988278,-77.5843,19.0,17.0
2024-08-07,8,2024,Linville Falls,Avery,35.972347,-81.933072,28.0,12.0
2024-08-07,8,2024,Mendenhall School,Guilford,36.1090060008986,-79.802314,22.0,26.0
2024-08-07,8,2024,Millbrook School,Wake,35.856111,-78.574167,25.0,25.5
2024-08-07,8,2024,Old High School,Swain,35.498711,-83.310242,35.0,49.0
2024-08-07,8,2024,Pitt Agri. Center,Pitt,35.6412760008938,-77.360126,19.0,11.0
2024-08-07,8,2024,Rockwell,Rowan,35.551868,-80.395039,29.0,8.0
2024-08-07,8,2024,West Johnston Co.,Johnston,35.59095,-78.4622,28.0,14.0
2024-08-08,8,2024,Bryson City,Swain,35.434767,-83.442133,22.0,24.0
2024-08-08,8,2024,Castle Hayne,New Hanover,34.364167,-77.838611,39.0,44.0
2024-08-08,8,2024,Clemmons Middle,Forsyth,36.026612,-80.341962,28.0,13.0
2024-08-08,8,2024,Durham Armory,Durham,36.0329550008979,-78.904037,27.0,16.0
2024-08-08,8,2024,Frying Pan Mountain,Haywood,35.379167,-82.7925,31.0,
2024-08-08,8,2024,Garinger High School,Mecklenburg,35.2401000008895,-80.785683,27.0,0.0
2024-08-08,8,2024,Hattie Avenue,Forsyth,36.11094,-80.224501,30.0,15.0
2024-08-08,8,2024,Leggett,Edgecombe,35.988278,-77.5843,33.0,27.0
2024-08-08,8,2024,Linville Falls,Avery,35.972347,-81.933072,26.0,
2024-08-08,8,2024,Mendenhall School,Guilford,36.1090060008986,-79.802314,27.0,14.0
2024-08-08,8,2024,Millbrook School,Wake,35.856111,-78.574167,27.0,20.0
2024-08-08,8,2024,Old High School,Swain,35.498711,-83.310242,19.0,
2024-08-08,8,2024,Pitt Agri. Center,Pitt,35.6412760008938,-77.360126,33.0,32.0
2024-08-08,8,2024,Rockwell,Rowan,35.551868,-80.395039,27.0,6.0
2024-08-08,8,2024,West Johnston Co.,Johnston,35.59095,-78.4622,30.0,14.0
2024-08-09,8,2024,Bryson City,Swain,35.434767,-83.442133,42.0,41.0
2024-08-09,8,2024,Castle Hayne,New Hanover,34.364167,-77.838611,36.0,23.0
2024-08-09,8,2024,Clemmons Middle,Forsyth,36.026612,-80.341962,31.0,22.0
2024-08-09,8,2024,Durham Armory,Durham,36.0329550008979,-78.904037,28.0,21.0
2024-08-09,8,2024,Frying Pan Mountain,Haywood,35.379167,-82.7925,37.0,
2024-08-09,8,2024,Garinger High School,Mecklenburg,35.2401000008895,-80.785683,47.0,22.0
2024-08-09,8,2024,Hattie Avenue,Forsyth,36.11094,-80.224501,32.0,28.0
2024-08-09,8,2024,Leggett,Edgecombe,35.988278,-77.5843,30.0,27.0
2024-08-09,8,2024,Linville Falls,Avery,35.972347,-81.933072,35.0,
2024-08-09,8,2024,Mendenhall School,Guilford,36.1090060008986,-79.802314,34.0,25.0
2024-08-09,8,2024,Millbrook School,Wake,35.856111,-78.574167,27.0,23.0
2024-08-09,8,2024,Old High School,Swain,35.498711,-83.310242,27.0,
2024-08-09,8,2024,Pitt Agri. Center,Pitt,35.6412760008938,-77.360126,31.0,28.0
2024-08-09,8,2024,Rockwell,Rowan,35.551868,-80.395039,39.0,22.0
2024-08-09,8,2024,West Johnston Co.,Johnston,35.59095,-78.4622,31.0,22.0
2024-08-10,8,2024,Bryson City,Swain,35.434767,-83.442133,38.0,48.0
2024-08-10,8,2024,Castle Hayne,New Hanover,34.364167,-77.838611,37.0,56.5
2024-08-10,8,2024,Clemmons Middle,Forsyth,36.026612,-80.341962,39.0,43.0
2024-08-10,8,2024,Durham Armory,Durham,36.0329550008979,-78.904037,42.0,52.0
2024-08-10,8,2024,Frying Pan Mountain,Haywood,35.379167,-82.7925,41.0,37.0
2024-08-10,8,2024,Garinger High School,Mecklenburg,35.2401000008895,-80.785683,47.0,46.5
2024-08-10,8,2024,Hattie Avenue,Forsyth,36.11094,-80.224501,44.0,53.5
2024-08-10,8,2024,Leggett,Edgecombe,35.988278,-77.5843,32.0,47.0
2024-08-10,8,2024,Linville Falls,Avery,35.972347,-81.933072,40.0,43.0
2024-08-10,8,2024,Mendenhall School,Guilford,36.1090060008986,-79.802314,43.0,46.0
2024-08-10,8,2024,Millbrook School,Wake,35.856111,-78.574167,40.0,53.0
2024-08-10,8,2024,Old High School,Swain,35.498711,-83.310242,32.0,49.0
2024-08-10,8,2024,Pitt Agri. Center,Pitt,35.6412760008938,-77.360126,27.0,44.0
2024-08-10,8,2024,Rockwell,Rowan,35.551868,-80.395039,44.0,48.0
2024-08-10,8,2024,West Johnston Co.,Johnston,35.59095,-78.4622,38.0,55.0
2024-08-11,8,2024,Bryson City,Swain,35.434767,-83.442133,36.0,43.0
2024-08-11,8,2024,Castle Hayne,New Hanover,34.364167,-77.838611,30.0,37.0
2024-08-11,8,2024,Clemmons Middle,Forsyth,36.026612,-80.341962,67.0,51.0
2024-08-11,8,2024,Durham Armory,Durham,36.0329550008979,-78.904037,31.0,53.0
2024-08-11,8,2024,Frying Pan Mountain,Haywood,35.379167,-82.7925,44.0,
2024-08-11,8,2024,Garinger High School,Mecklenburg,35.2401000008895,-80.785683,43.0,49.0
2024-08-11,8,2024,Hattie Avenue,Forsyth,36.11094,-80.224501,77.0,53.0
2024-08-11,8,2024,Leggett,Edgecombe,35.988278,-77.5843,26.0,52.0
2024-08-11,8,2024,Linville Falls,Avery,35.972347,-81.933072,37.0,
2024-08-11,8,2024,Mendenhall School,Guilford,36.1090060008986,-79.802314,38.0,51.0
2024-08-11,8,2024,Millbrook School,Wake,35.856111,-78.574167,33.0,55.0
2024-08-11,8,2024,Old High School,Swain,35.498711,-83.310242,33.0,
2024-08-11,8,2024,Pitt Agri. Center,Pitt,35.6412760008938,-77.360126,31.0,42.0
2024-08-11,8,2024,Rockwell,Rowan,35.551868,-80.395039,42.0,52.0
2024-08-11,8,2024,West Johnston Co.,Johnston,35.59095,-78.4622,31.0,52.0
2024-08-12,8,2024,Bryson City,Swain,35.434767,-83.442133,32.0,33.0
2024-08-12,8,2024,Castle Hayne,New Hanover,34.364167,-77.838611,31.0,39.5
2024-08-12,8,2024,Clemmons Middle,Forsyth,36.026612,-80.341962,44.0,43.0
2024-08-12,8,2024,Durham Armory,Durham,36.0329550008979,-78.904037,36.0,54.0
2024-08-12,8,2024,Frying Pan Mountain,Haywood,35.379167,-82.7925,32.0,
2024-08-12,8,2024,Garinger High School,Mecklenburg,35.2401000008895,-80.785683,42.0,48.0
2024-08-12,8,2024,Hattie Avenue,Forsyth,36.11094,-80.224501,44.0,47.0
2024-08-12,8,2024,Leggett,Edgecombe,35.988278,-77.5843,29.0,52.0
2024-08-12,8,2024,Linville Falls,Avery,35.972347,-81.933072,34.0,
2024-08-12,8,2024,Mendenhall School,Guilford,36.1090060008986,-79.802314,36.0,44.0
2024-08-12,8,2024,Millbrook School,Wake,35.856111,-78.574167,33.0,56.0
2024-08-12,8,2024,Old High School,Swain,35.498711,-83.310242,34.0,
2024-08-12,8,2024,Pitt Agri. Center,Pitt,35.6412760008938,-77.360126,31.0,51.0
2024-08-12,8,2024,Rockwell,Rowan,35.551868,-80.395039,43.0,51.0
2024-08-12,8,2024,West Johnston Co.,Johnston,35.59095,-78.4622,32.0,52.0
2024-08-13,8,2024,Bryson City,Swain,35.434767,-83.442133,39.0,33.0
2024-08-13,8,2024,Castle Hayne,New Hanover,34.364167,-77.838611,43.0,36.0
2024-08-13,8,2024,Clemmons Middle,Forsyth,36.026612,-80.341962,20.0,41.0
2024-08-13,8,2024,Durham Armory,Durham,36.0329550008979,-78.904037,26.0,57.0
2024-08-13,8,2024,Frying Pan Mountain,Haywood,35.379167,-82.7925,45.0,34.0
2024-08-13,8,2024,Garinger High School,Mecklenburg,35.2401000008895,-80.785683,32.0,53.5
2024-08-13,8,2024,Hattie Avenue,Forsyth,36.11094,-80.224501,28.0,43.0
2024-08-13,8,2024,Leggett,Edgecombe,35.988278,-77.5843,37.0,47.0
2024-08-13,8,2024,Linville Falls,Avery,35.972347,-81.933072,31.0,36.0
2024-08-13,8,2024,Mendenhall School,Guilford,36.1090060008986,-79.802314,21.0,48.0
2024-08-13,8,2024,Millbrook School,Wake,35.856111,-78.574167,37.0,53.5
2024-08-13,8,2024,Old High School,Swain,35.498711,-83.310242,34.0,41.0
2024-08-13,8,2024,Pitt Agri. Center,Pitt,35.6412760008938,-77.360126,41.0,47.0
2024-08-13,8,2024,Rockwell,Rowan,35.551868,-80.395039,30.0,49.0
2024-08-13,8,2024,West Johnston Co.,Johnston,35.59095,-78.4622,37.0,49.0
2024-08-14,8,2024,Bryson City,Swain,35.434767,-83.442133,36.0,34.0
2024-08-14,8,2024,Clemmons Middle,Forsyth,36.026612,-80.341962,48.0,43.0
2024-08-14,8,2024,Durham Armory,Durham,36.0329550008979,-78.904037,42.0,53.0
2024-08-14,8,2024,Frying Pan Mountain,Haywood,35.379167,-82.7925,34.0,
2024-08-14,8,2024,Garinger High School,Mecklenburg,35.2401000008895,-80.785683,51.0,46.0
2024-08-14,8,2024,Hattie Avenue,Forsyth,36.11094,-80.224501,46.0,52.0
2024-08-14,8,2024,Leggett,Edgecombe,35.988278,-77.5843,35.0,39.0
2024-08-14,8,2024,Linville Falls,Avery,35.972347,-81.933072,35.0,
2024-08-14,8,2024,Mendenhall School,Guilford,36.1090060008986,-79.802314,37.0,44.0
2024-08-14,8,2024,Millbrook School,Wake,35.856111,-78.574167,43.0,52.0
2024-08-14,8,2024,Old High School,Swain,35.498711,-83.310242,34.0,
2024-08-14,8,2024,Pitt Agri. Center,Pitt,35.6412760008938,-77.360126,36.0,49.0
2024-08-14,8,2024,Rockwell,Rowan,35.551868,-80.395039,44.0,41.0
2024-08-14,8,2024,West Johnston Co.,Johnston,35.59095,-78.4622,46.0,47.0
2024-08-15,8,2024,Bryson City,Swain,35.434767,-83.442133,39.0,44.0
2024-08-15,8,2024,Castle Hayne,New Hanover,34.364167,-77.838611,44.0,51.0
2024-08-15,8,2024,Clemmons Middle,Forsyth,36.026612,-80.341962,44.0,52.0
2024-08-15,8,2024,Durham Armory,Durham,36.0329550008979,-78.904037,40.0,55.0
2024-08-15,8,2024,Frying Pan Mountain,Haywood,35.379167,-82.7925,42.0,
2024-08-15,8,2024,Garinger High School,Mecklenburg,35.2401000008895,-80.785683,44.0,52.0
2024-08-15,8,2024,Hattie Avenue,Forsyth,36.11094,-80.224501,47.0,54.0
2024-08-15,8,2024,Leggett,Edgecombe,35.988278,-77.5843,45.0,56.0
2024-08-15,8,2024,Linville Falls,Avery,35.972347,-81.933072,44.0,
2024-08-15,8,2024,Mendenhall School,Guilford,36.1090060008986,-79.802314,45.0,50.0
2024-08-15,8,2024,Millbrook School,Wake,35.856111,-78.574167,40.0,55.0
2024-08-15,8,2024,Old High School,Swain,35.498711,-83.310242,40.0,
2024-08-15,8,2024,Pitt Agri. Center,Pitt,35.6412760008938,-77.360126,48.0,60.0
2024-08-15,8,2024,Rockwell,Rowan,35.551868,-80.395039,39.0,41.0
2024-08-15,8,2024,West Johnston Co.,Johnston,35.59095,-78.4622,42.0,52.0
2024-08-16,8,2024,Bryson City,Swain,35.434767,-83.442133,34.0,42.0
2024-08-16,8,2024,Castle Hayne,New Hanover,34.364167,-77.838611,49.0,61.0
2024-08-16,8,2024,Clemmons Middle,Forsyth,36.026612,-80.341962,50.0,53.0
2024-08-16,8,2024,Durham Armory,Durham,36.0329550008979,-78.904037,48.0,59.0
2024-08-16,8,2024,Frying Pan Mountain,Haywood,35.379167,-82.7925,41.0,39.0
2024-08-16,8,2024,Garinger High School,Mecklenburg,35.2401000008895,-80.785683,42.0,55.5
2024-08-16,8,2024,Hattie Avenue,Forsyth,36.11094,-80.224501,51.0,58.0
2024-08-16,8,2024,Leggett,Edgecombe,35.988278,-77.5843,46.0,63.0
2024-08-16,8,2024,Linville Falls,Avery,35.972347,-81.933072,32.0,41.0
2024-08-16,8,2024,Mendenhall School,Guilford,36.1090060008986,-79.802314,47.0,59.0
2024-08-16,8,2024,Millbrook School,Wake,35.856111,-78.574167,61.0,62.5
2024-08-16,8,2024,Old High School,Swain,35.498711,-83.310242,34.0,46.0
2024-08-16,8,2024,Pitt Agri. Center,Pitt,35.6412760008938,-77.360126,46.0,68.0
2024-08-16,8,2024,Rockwell,Rowan,35.551868,-80.395039,51.0,57.0
2024-08-16,8,2024,West Johnston Co.,Johnston,35.59095,-78.4622,46.0,57.0
2024-08-17,8,2024,Bryson City,Swain,35.434767,-83.442133,36.0,24.0
2024-08-17,8,2024,Castle Hayne,New Hanover,34.364167,-77.838611,44.0,61.0
2024-08-17,8,2024,Clemmons Middle,Forsyth,36.026612,-80.341962,35.0,32.0
2024-08-17,8,2024,Durham Armory,Durham,36.0329550008979,-78.904037,39.0,62.0
2024-08-17,8,2024,Frying Pan Mountain,Haywood,35.379167,-82.7925,44.0,
2024-08-17,8,2024,Garinger High School,Mecklenburg,35.2401000008895,-80.785683,41.0,46.0
2024-08-17,8,2024,Hattie Avenue,Forsyth,36.11094,-80.224501,39.0,42.0
2024-08-17,8,2024,Leggett,Edgecombe,35.988278,-77.5843,37.0,62.0
2024-08-17,8,2024,Linville Falls,Avery,35.972347,-81.933072,37.0,
2024-08-17,8,2024,Mendenhall School,Guilford,36.1090060008986,-79.802314,41.0,54.0
2024-08-17,8,2024,Millbrook School,Wake,35.856111,-78.574167,42.0,65.0
2024-08-17,8,2024,Old High School,Swain,35.498711,-83.310242,36.0,
2024-08-17,8,2024,Pitt Agri. Center,Pitt,35.6412760008938,-77.360126,41.0,65.0
2024-08-17,8,2024,Rockwell,Rowan,35.551868,-80.395039,38.0,44.0
2024-08-17,8,2024,West Johnston Co.,Johnston,35.59095,-78.4622,43.0,63.0
2024-08-18,8,2024,Bryson City,Swain,35.434767,-83.442133,34.0,21.0
2024-08-18,8,2024,Castle Hayne,New Hanover,34.364167,-77.838611,40.0,53.0
2024-08-18,8,2024,Clemmons Middle,Forsyth,36.026612,-80.341962,37.0,33.0
2024-08-18,8,2024,Durham Armory,Durham,36.0329550008979,-78.904037,36.0,53.0
2024-08-18,8,2024,Frying Pan Mountain,Haywood,35.379167,-82.7925,43.0,
2024-08-18,8,2024,Garinger High School,Mecklenburg,35.2401000008895,-80.785683,44.0,28.0
2024-08-18,8,2024,Hattie Avenue,Forsyth,36.11094,-80.224501,40.0,39.0
2024-08-18,8,2024,Leggett,Edgecombe,35.988278,-77.5843,39.0,55.0
2024-08-18,8,2024,Linville Falls,Avery,35.972347,-81.933072,40.0,
2024-08-18,8,2024,Mendenhall School,Guilford,36.1090060008986,-79.802314,43.0,34.0
2024-08-18,8,2024,Millbrook School,Wake,35.856111,-78.574167,41.0,52.0
2024-08-18,8,2024,Old High School,Swain,35.498711,-83.310242,31.0,
2024-08-18,8,2024,Pitt Agri. Center,Pitt,35.6412760008938,-77.360126,41.0,54.0
2024-08-18,8,2024,Rockwell,Rowan,35.551868,-80.395039,41.0,27.0
2024-08-18,8,2024,West Johnston Co.,Johnston,35.59095,-78.4622,44.0,44.0
2024-08-19,8,2024,Bryson City,Swain,35.434767,-83.442133,29.0,14.0
2024-08-19,8,2024,Castle Hayne,New Hanover,34.364167,-77.838611,37.0,37.0
2024-08-19,8,2024,Clemmons Middle,Forsyth,36.026612,-80.341962,29.0,25.0
2024-08-19,8,2024,Durham Armory,Durham,36.0329550008979,-78.904037,36.0,31.0
2024-08-19,8,2024,Frying Pan Mountain,Haywood,35.379167,-82.7925,33.0,8.0
2024-08-19,8,2024,Garinger High School,Mecklenburg,35.2401000008895,-80.785683,40.0,28.5
2024-08-19,8,2024,Hattie Avenue,Forsyth,36.11094,-80.224501,32.0,27.0
2024-08-19,8,2024,Leggett,Edgecombe,35.988278,-77.5843,33.0,32.0
2024-08-19,8,2024,Linville Falls,Avery,35.972347,-81.933072,32.0,18.0
2024-08-19,8,2024,Mendenhall School,Guilford,36.1090060008986,-79.802314,34.0,23.0
2024-08-19,8,2024,Millbrook School,Wake,35.856111,-78.574167,41.0,29.0
2024-08-19,8,2024,Old High School,Swain,35.498711,-83.310242,28.0,16.0
2024-08-19,8,2024,Pitt Agri. Center,Pitt,35.6412760008938,-77.360126,36.0,26.0
2024-08-19,8,2024,Rockwell,Rowan,35.551868,-80.395039,37.0,16.0
2024-08-19,8,2024,West Johnston Co.,Johnston,35.59095,-78.4622,43.0,33.0
2024-08-20,8,2024,Bryson City,Swain,35.434767,-83.442133,37.0,33.0
2024-08-20,8,2024,Castle Hayne,New Hanover,34.364167,-77.838611,32.0,18.0
2024-08-20,8,2024,Clemmons Middle,Forsyth,36.026612,-80.341962,37.0,43.0
2024-08-20,8,2024,Durham Armory,Durham,36.0329550008979,-78.904037,31.0,49.0
2024-08-20,8,2024,Frying Pan Mountain,Haywood,35.379167,-82.7925,40.0,
2024-08-20,8,2024,Garinger High School,Mecklenburg,35.2401000008895,-80.785683,44.0,34.0
2024-08-20,8,2024,Hattie Avenue,Forsyth,36.11094,-80.224501,38.0,47.0
2024-08-20,8,2024,Leggett,Edgecombe,35.988278,-77.5843,32.0,32.0
2024-08-20,8,2024,Linville Falls,Avery,35.972347,-81.933072,36.0,
2024-08-20,8,2024,Mendenhall School,Guilford,36.1090060008986,-79.802314,36.0,41.0
2024-08-20,8,2024,Millbrook School,Wake,35.856111,-78.574167,31.0,33.0
2024-08-20,8,2024,Old High School,Swain,35.498711,-83.310242,37.0,
2024-08-20,8,2024,Pitt Agri. Center,Pitt,35.6412760008938,-77.360126,30.0,18.0
2024-08-20,8,2024,Rockwell,Rowan,35.551868,-80.395039,40.0,37.0
2024-08-20,8,2024,West Johnston Co.,Johnston,35.59095,-78.4622,32.0,28.0
2024-08-21,8,2024,Bryson City,Swain,35.434767,-83.442133,37.0,40.0
2024-08-21,8,2024,Castle Hayne,New Hanover,34.364167,-77.838611,39.0,33.0
2024-08-21,8,2024,Clemmons Middle,Forsyth,36.026612,-80.341962,45.0,43.0
2024-08-21,8,2024,Durham Armory,Durham,36.0329550008979,-78.904037,39.0,52.0
2024-08-21,8,2024,Frying Pan Mountain,Haywood,35.379167,-82.7925,32.0,
2024-08-21,8,2024,Garinger High School,Mecklenburg,35.2401000008895,-80.785683,44.0,37.0
2024-08-21,8,2024,Hattie Avenue,Forsyth,36.11094,-80.224501,43.0,43.0
2024-08-21,8,2024,Leggett,Edgecombe,35.988278,-77.5843,36.0,24.0
2024-08-21,8,2024,Linville Falls,Avery,35.972347,-81.933072,36.0,
2024-08-21,8,2024,Mendenhall School,Guilford,36.1090060008986,-79.802314,41.0,37.0
2024-08-21,8,2024,Millbrook School,Wake,35.856111,-78.574167,38.0,32.0
2024-08-21,8,2024,Old High School,Swain,35.498711,-83.310242,37.0,
2024-08-21,8,2024,Pitt Agri. Center,Pitt,35.6412760008938,-77.360126,37.0,26.0
2024-08-21,8,2024,Rockwell,Rowan,35.551868,-80.395039,41.0,39.0
2024-08-21,8,2024,West Johnston Co.,Johnston,35.59095,-78.4622,41.0,25.0
2024-08-22,8,2024,Bryson City,Swain,35.434767,-83.442133,43.0,48.0
2024-08-22,8,2024,Castle Hayne,New Hanover,34.364167,-77.838611,40.0,24.0
2024-08-22,8,2024,Clemmons Middle,Forsyth,36.026612,-80.341962,48.0,47.0
2024-08-22,8,2024,Durham Armory,Durham,36.0329550008979,-78.904037,40.0,46.0
2024-08-22,8,2024,Frying Pan Mountain,Haywood,35.379167,-82.7925,44.0,32.0
2024-08-22,8,2024,Garinger High School,Mecklenburg,35.2401000008895,-80.785683,42.0,40.5
2024-08-22,8,2024,Hattie Avenue,Forsyth,36.11094,-80.224501,54.0,52.0
2024-08-22,8,2024,Leggett,Edgecombe,35.988278,-77.5843,38.0,24.0
2024-08-22,8,2024,Linville Falls,Avery,35.972347,-81.933072,40.0,38.0
2024-08-22,8,2024,Mendenhall School,Guilford,36.1090060008986,-79.802314,43.0,41.0
2024-08-22,8,2024,Millbrook School,Wake,35.856111,-78.574167,41.0,37.5
2024-08-22,8,2024,Old High School,Swain,35.498711,-83.310242,43.0,49.0
2024-08-22,8,2024,Pitt Agri. Center,Pitt,35.6412760008938,-77.360126,39.0,30.0
2024-08-22,8,2024,Rockwell,Rowan,35.551868,-80.395039,38.0,29.0
2024-08-22,8,2024,West Johnston Co.,Johnston,35.59095,-78.4622,43.0,32.0
2024-08-23,8,2024,Bryson City,Swain,35.434767,-83.442133,46.0,52.0
2024-08-23,8,2024,Castle Hayne,New Hanover,34.364167,-77.838611,35.0,31.0
2024-08-23,8,2024,Clemmons Middle,Forsyth,36.026612,-80.341962,54.0,50.0
2024-08-23,8,2024,Durham Armory,Durham,36.0329550008979,-78.904037,42.0,54.0
2024-08-23,8,2024,Frying Pan Mountain,Haywood,35.379167,-82.7925,49.0,
2024-08-23,8,2024,Garinger High School,Mecklenburg,35.2401000008895,-80.785683,42.0,52.0
2024-08-23,8,2024,Hattie Avenue,Forsyth,36.11094,-80.224501,48.0,52.0
2024-08-23,8,2024,Leggett,Edgecombe,35.988278,-77.5843,41.0,33.0
2024-08-23,8,2024,Linville Falls,Avery,35.972347,-81.933072,43.0,
2024-08-23,8,2024,Mendenhall School,Guilford,36.1090060008986,-79.802314,42.0,53.0
2024-08-23,8,2024,Millbrook School,Wake,35.856111,-78.574167,42.0,46.0
2024-08-23,8,2024,Old High School,Swain,35.498711,-83.310242,44.0,
2024-08-23,8,2024,Pitt Agri. Center,Pitt,35.6412760008938,-77.360126,43.0,39.0
2024-08-23,8,2024,Rockwell,Rowan,35.551868,-80.395039,41.0,47.0
2024-08-23,8,2024,West Johnston Co.,Johnston,35.59095,-78.4622,44.0,38.0
2024-08-24,8,2024,Bryson City,Swain,35.434767,-83.442133,37.0,52.0
2024-08-24,8,2024,Castle Hayne,New Hanover,34.364167,-77.838611,34.0,30.0
2024-08-24,8,2024,Clemmons Middle,Forsyth,36.026612,-80.341962,49.0,54.0
2024-08-24,8,2024,Durham Armory,Durham,36.0329550008979,-78.904037,51.0,55.0
2024-08-24,8,2024,Frying Pan Mountain,Haywood,35.379167,-82.7925,50.0,
2024-08-24,8,2024,Garinger High School,Mecklenburg,35.2401000008895,-80.785683,47.0,55.0
2024-08-24,8,2024,Hattie Avenue,Forsyth,36.11094,-80.224501,45.0,56.0
2024-08-24,8,2024,Leggett,Edgecombe,35.988278,-77.5843,41.0,32.0
2024-08-24,8,2024,Linville Falls,Avery,35.972347,-81.933072,40.0,
2024-08-24,8,2024,Mendenhall School,Guilford,36.1090060008986,-79.802314,45.0,54.0
2024-08-24,8,2024,Millbrook School,Wake,35.856111,-78.574167,43.0,42.0
2024-08-24,8,2024,Old High School,Swain,35.498711,-83.310242,38.0,
2024-08-24,8,2024,Pitt Agri. Center,Pitt,35.6412760008938,-77.360126,36.0,31.0
2024-08-24,8,2024,Rockwell,Rowan,35.551868,-80.395039,44.0,52.0
2024-08-24,8,2024,West Johnston Co.,Johnston,35.59095,-78.4622,46.0,49.0
2024-08-25,8,2024,Bryson City,Swain,35.434767,-83.442133,41.0,49.0
2024-08-25,8,2024,Castle Hayne,New Hanover,34.364167,-77.838611,27.0,20.5
2024-08-25,8,2024,Clemmons Middle,Forsyth,36.026612,-80.341962,51.0,56.0
2024-08-25,8,2024,Durham Armory,Durham,36.0329550008979,-78.904037,48.0,57.0
2024-08-25,8,2024,Frying Pan Mountain,Haywood,35.379167,-82.7925,74.0,47.0
2024-08-25,8,2024,Garinger High School,Mecklenburg,35.2401000008895,-80.785683,48.0,56.0
2024-08-25,8,2024,Hattie Avenue,Forsyth,36.11094,-80.224501,49.0,57.0
2024-08-25,8,2024,Leggett,Edgecombe,35.988278,-77.5843,33.0,34.0
2024-08-25,8,2024,Linville Falls,Avery,35.972347,-81.933072,44.0,48.0
2024-08-25,8,2024,Mendenhall School,Guilford,36.1090060008986,-79.802314,46.0,54.0
2024-08-25,8,2024,Millbrook School,Wake,35.856111,-78.574167,45.0,55.5
2024-08-25,8,2024,Old High School,Swain,35.498711,-83.310242,39.0,2.0
2024-08-25,8,2024,Pitt Agri. Center,Pitt,35.6412760008938,-77.360126,32.0,32.0
2024-08-25,8,2024,Rockwell,Rowan,35.551868,-80.395039,45.0,53.0
2024-08-25,8,2024,West Johnston Co.,Johnston,35.59095,-78.4622,44.0,41.0
2024-08-26,8,2024,Bryson City,Swain,35.434767,-83.442133,44.0,55.0
2024-08-26,8,2024,Castle Hayne,New Hanover,34.364167,-77.838611,23.0,13.5
2024-08-26,8,2024,Clemmons Middle,Forsyth,36.026612,-80.341962,54.0,59.0
2024-08-26,8,2024,Durham Armory,Durham,36.0329550008979,-78.904037,97.0,60.0
2024-08-26,8,2024,Frying Pan Mountain,Haywood,35.379167,-82.7925,54.0,
2024-08-26,8,2024,Garinger High School,Mecklenburg,35.2401000008895,-80.785683,71.0,59.0
2024-08-26,8,2024,Hattie Avenue,Forsyth,36.11094,-80.224501,105.0,64.0
2024-08-26,8,2024,Leggett,Edgecombe,35.988278,-77.5843,42.0,48.0
2024-08-26,8,2024,Linville Falls,Avery,35.972347,-81.933072,39.0,
2024-08-26,8,2024,Mendenhall School,Guilford,36.1090060008986,-79.802314,122.0,59.0
2024-08-26,8,2024,Millbrook School,Wake,35.856111,-78.574167,61.0,60.0
2024-08-26,8,2024,Old High School,Swain,35.498711,-83.310242,43.0,
2024-08-26,8,2024,Pitt Agri. Center,Pitt,35.6412760008938,-77.360126,41.0,43.0
2024-08-26,8,2024,Rockwell,Rowan,35.551868,-80.395039,49.0,55.0
2024-08-26,8,2024,West Johnston Co.,Johnston,35.59095,-78.4622,46.0,52.0
2024-08-27,8,2024,Bryson City,Swain,35.434767,-83.442133,44.0,56.0
2024-08-27,8,2024,Castle Hayne,New Hanover,34.364167,-77.838611,28.0,14.0
2024-08-27,8,2024,Clemmons Middle,Forsyth,36.026612,-80.341962,97.0,63.0
2024-08-27,8,2024,Durham Armory,Durham,36.0329550008979,-78.904037,58.0,69.0
2024-08-27,8,2024,Frying Pan Mountain,Haywood,35.379167,-82.7925,61.0,
2024-08-27,8,2024,Garinger High School,Mecklenburg,35.2401000008895,-80.785683,136.0,60.0
2024-08-27,8,2024,Hattie Avenue,Forsyth,36.11094,-80.224501,112.0,69.0
2024-08-27,8,2024,Leggett,Edgecombe,35.988278,-77.5843,49.0,57.0
2024-08-27,8,2024,Linville Falls,Avery,35.972347,-81.933072,41.0,
2024-08-27,8,2024,Mendenhall School,Guilford,36.1090060008986,-79.802314,54.0,64.0
2024-08-27,8,2024,Millbrook School,Wake,35.856111,-78.574167,112.0,66.0
2024-08-27,8,2024,Old High School,Swain,35.498711,-83.310242,45.0,
2024-08-27,8,2024,Pitt Agri. Center,Pitt,35.6412760008938,-77.360126,47.0,50.0
2024-08-27,8,2024,Rockwell,Rowan,35.551868,-80.395039,97.0,64.0
2024-08-27,8,2024,West Johnston Co.,Johnston,35.59095,-78.4622,,58.0
2024-08-28,8,2024,Bryson City,Swain,35.434767,-83.442133,42.0,55.0
2024-08-28,8,2024,Castle Hayne,New Hanover,34.364167,-77.838611,34.0,22.5
2024-08-28,8,2024,Clemmons Middle,Forsyth,36.026612,-80.341962,58.0,64.0
2024-08-28,8,2024,Durham Armory,Durham,36.0329550008979,-78.904037,58.0,73.0
2024-08-28,8,2024,Frying Pan Mountain,Haywood,35.379167,-82.7925,48.0,54.0
2024-08-28,8,2024,Garinger High School,Mecklenburg,35.2401000008895,-80.785683,71.0,60.5
2024-08-28,8,2024,Hattie Avenue,Forsyth,36.11094,-80.224501,71.0,68.0
2024-08-28,8,2024,Leggett,Edgecombe,35.988278,-77.5843,80.0,64.0
2024-08-28,8,2024,Linville Falls,Avery,35.972347,-81.933072,46.0,54.0
2024-08-28,8,2024,Mendenhall School,Guilford,36.1090060008986,-79.802314,87.0,67.0
2024-08-28,8,2024,Millbrook School,Wake,35.856111,-78.574167,97.0,71.0
2024-08-28,8,2024,Old High School,Swain,35.498711,-83.310242,38.0,59.0
2024-08-28,8,2024,Pitt Agri. Center,Pitt,35.6412760008938,-77.360126,67.0,62.0
2024-08-28,8,2024,Rockwell,Rowan,35.551868,-80.395039,90.0,68.0
2024-08-28,8,2024,West Johnston Co.,Johnston,35.59095,-78.4622,48.0,62.0
2024-08-29,8,2024,Bryson City,Swain,35.434767,-83.442133,46.0,55.0
2024-08-29,8,2024,Castle Hayne,New Hanover,34.364167,-77.838611,34.0,20.5
2024-08-29,8,2024,Clemmons Middle,Forsyth,36.026612,-80.341962,50.0,60.0
2024-08-29,8,2024,Durham Armory,Durham,36.0329550008979,-78.904037,54.0,66.0
2024-08-29,8,2024,Frying Pan Mountain,Haywood,35.379167,-82.7925,50.0,
2024-08-29,8,2024,Garinger High School,Mecklenburg,35.2401000008895,-80.785683,93.0,58.0
2024-08-29,8,2024,Hattie Avenue,Forsyth,36.11094,-80.224501,67.0,66.0
2024-08-29,8,2024,Leggett,Edgecombe,35.988278,-77.5843,49.0,63.0
2024-08-29,8,2024,Linville Falls,Avery,35.972347,-81.933072,39.0,
2024-08-29,8,2024,Mendenhall School,Guilford,36.1090060008986,-79.802314,67.0,63.0
2024-08-29,8,2024,Millbrook School,Wake,35.856111,-78.574167,51.0,67.0
2024-08-29,8,2024,Old High School,Swain,35.498711,-83.310242,44.0,
2024-08-29,8,2024,Pitt Agri. Center,Pitt,35.6412760008938,-77.360126,45.0,57.0
2024-08-29,8,2024,Rockwell,Rowan,35.551868,-80.395039,71.0,60.0
2024-08-29,8,2024,West Johnston Co.,Johnston,35.59095,-78.4622,49.0,60.0
2024-08-30,8,2024,Bryson City,Swain,35.434767,-83.442133,39.0,57.0
2024-08-30,8,2024,Castle Hayne,New Hanover,34.364167,-77.838611,24.0,15.5
2024-08-30,8,2024,Clemmons Middle,Forsyth,36.026612,-80.341962,46.0,52.0
2024-08-30,8,2024,Durham Armory,Durham,36.0329550008979,-78.904037,43.0,58.0
2024-08-30,8,2024,Frying Pan Mountain,Haywood,35.379167,-82.7925,42.0,
2024-08-30,8,2024,Garinger High School,Mecklenburg,35.2401000008895,-80.785683,44.0,44.0
2024-08-30,8,2024,Hattie Avenue,Forsyth,36.11094,-80.224501,64.0,55.0
2024-08-30,8,2024,Leggett,Edgecombe,35.988278,-77.5843,35.0,34.0
2024-08-30,8,2024,Linville Falls,Avery,35.972347,-81.933072,30.0,
2024-08-30,8,2024,Mendenhall School,Guilford,36.1090060008986,-79.802314,51.0,54.0
2024-08-30,8,2024,Millbrook School,Wake,35.856111,-78.574167,43.0,56.0
2024-08-30,8,2024,Old High School,Swain,35.498711,-83.310242,35.0,
2024-08-30,8,2024,Pitt Agri. Center,Pitt,35.6412760008938,-77.360126,35.0,53.0
2024-08-30,8,2024,Rockwell,Rowan,35.551868,-80.395039,50.0,55.0
2024-08-30,8,2024,West Johnston Co.,Johnston,35.59095,-78.4622,35.0,46.0
2024-08-31,8,2024,Bryson City,Swain,35.434767,-83.442133,32.0,52.0
2024-08-31,8,2024,Castle Hayne,New Hanover,34.364167,-77.838611,34.0,20.0
2024-08-31,8,2024,Clemmons Middle,Forsyth,36.026612,-80.341962,42.0,43.0
2024-08-31,8,2024,Durham Armory,Durham,36.0329550008979,-78.904037,40.0,51.0
2024-08-31,8,2024,Frying Pan Mountain,Haywood,35.379167,-82.7925,40.0,39.0
2024-08-31,8,2024,Garinger High School,Mecklenburg,35.2401000008895,-80.785683,51.0,45.0
2024-08-31,8,2024,Hattie Avenue,Forsyth,36.11094,-80.224501,46.0,54.5
2024-08-31,8,2024,Leggett,Edgecombe,35.988278,-77.5843,32.0,47.0
2024-08-31,8,2024,Linville Falls,Avery,35.972347,-81.933072,34.0,45.0
2024-08-31,8,2024,Mendenhall School,Guilford,36.1090060008986,-79.802314,45.0,52.0
2024-08-31,8,2024,Millbrook School,Wake,35.856111,-78.574167,49.0,55.5
2024-08-31,8,2024,Old High School,Swain,35.498711,-83.310242,36.0,52.0
2024-08-31,8,2024,Pitt Agri. Center,Pitt,35.6412760008938,-77.360126,38.0,39.0
2024-08-31,8,2024,Rockwell,Rowan,35.551868,-80.395039,42.0,54.0
2024-08-31,8,2024,West Johnston Co.,Johnston,35.59095,-78.4622,43.0,54.0
2024-09-01,9,2024,Bryson City,Swain,35.434767,-83.442133,30.0,29.0
2024-09-01,9,2024,Castle Hayne,New Hanover,34.364167,-77.838611,26.0,13.5
2024-09-01,9,2024,Clemmons Middle,Forsyth,36.026612,-80.341962,35.0,31.0
2024-09-01,9,2024,Durham Armory,Durham,36.0329550008979,-78.904037,34.0,42.0
2024-09-01,9,2024,Frying Pan Mountain,Haywood,35.379167,-82.7925,36.0,
2024-09-01,9,2024,Garinger High School,Mecklenburg,35.2401000008895,-80.785683,31.0,34.0
2024-09-01,9,2024,Hattie Avenue,Forsyth,36.11094,-80.224501,39.0,37.0
2024-09-01,9,2024,Leggett,Edgecombe,35.988278,-77.5843,24.0,47.0
2024-09-01,9,2024,Linville Falls,Avery,35.972347,-81.933072,31.0,
2024-09-01,9,2024,Mendenhall School,Guilford,36.1090060008986,-79.802314,39.0,39.0
2024-09-01,9,2024,Millbrook School,Wake,35.856111,-78.574167,32.0,54.0
2024-09-01,9,2024,Old High School,Swain,35.498711,-83.310242,31.0,
2024-09-01,9,2024,Pitt Agri. Center,Pitt,35.6412760008938,-77.360126,33.0,43.0
2024-09-01,9,2024,Rockwell,Rowan,35.551868,-80.395039,36.0,32.0
2024-09-01,9,2024,West Johnston Co.,Johnston,35.59095,-78.4622,31.0,43.0
2024-09-02,9,2024,Bryson City,Swain,35.434767,-83.442133,29.0,19.0
2024-09-02,9,2024,Castle Hayne,New Hanover,34.364167,-77.838611,22.0,11.5
2024-09-02,9,2024,Clemmons Middle,Forsyth,36.026612,-80.341962,39.0,35.0
2024-09-02,9,2024,Durham Armory,Durham,36.0329550008979,-78.904037,31.0,42.0
2024-09-02,9,2024,Frying Pan Mountain,Haywood,35.379167,-82.7925,39.0,
2024-09-02,9,2024,Garinger High School,Mecklenburg,35.2401000008895,-80.785683,40.0,32.0
2024-09-02,9,2024,Hattie Avenue,Forsyth,36.11094,-80.224501,37.0,43.0
2024-09-02,9,2024,Leggett,Edgecombe,35.988278,-77.5843,20.0,33.0
2024-09-02,9,2024,Linville Falls,Avery,35.972347,-81.933072,32.0,
2024-09-02,9,2024,Mendenhall School,Guilford,36.1090060008986,-79.802314,33.0,40.0
2024-09-02,9,2024,Millbrook School,Wake,35.856111,-78.574167,30.0,44.0
2024-09-02,9,2024,Old High School,Swain,35.498711,-83.310242,33.0,
2024-09-02,9,2024,Pitt Agri. Center,Pitt,35.6412760008938,-77.360126,26.0,26.0
2024-09-02,9,2024,Rockwell,Rowan,35.551868,-80.395039,37.0,36.0
2024-09-02,9,2024,West Johnston Co.,Johnston,35.59095,-78.4622,29.0,32.0
2024-09-03,9,2024,Bryson City,Swain,35.434767,-83.442133,31.0,28.0
2024-09-03,9,2024,Castle Hayne,New Hanover,34.364167,-77.838611,32.0,34.0
2024-09-03,9,2024,Clemmons Middle,Forsyth,36.026612,-80.341962,33.0,20.0
2024-09-03,9,2024,Durham Armory,Durham,36.0329550008979,-78.904037,31.0,36.0
2024-09-03,9,2024,Frying Pan Mountain,Haywood,35.379167,-82.7925,30.0,13.0
2024-09-03,9,2024,Garinger High School,Mecklenburg,35.2401000008895,-80.785683,38.0,24.5
2024-09-03,9,2024,Hattie Avenue,Forsyth,36.11094,-80.224501,33.0,21.0
2024-09-03,9,2024,Leggett,Edgecombe,35.988278,-77.5843,31.0,21.0
2024-09-03,9,2024,Linville Falls,Avery,35.972347,-81.933072,31.0,17.0
2024-09-03,9,2024,Mendenhall School,Guilford,36.1090060008986,-79.802314,30.0,16.0
2024-09-03,9,2024,Millbrook School,Wake,35.856111,-78.574167,34.0,21.5
2024-09-03,9,2024,Old High School,Swain,35.498711,-83.310242,26.0,32.5
2024-09-03,9,2024,Pitt Agri. Center,Pitt,35.6412760008938,-77.360126,33.0,23.0
2024-09-03,9,2024,Rockwell,Rowan,35.551868,-80.395039,36.0,18.0
2024-09-03,9,2024,West Johnston Co.,Johnston,35.59095,-78.4622,35.0,19.0
2024-09-04,9,2024,Bryson City,Swain,35.434767,-83.442133,30.0,22.0
2024-09-04,9,2024,Castle Hayne,New Hanover,34.364167,-77.838611,32.0,22.5
2024-09-04,9,2024,Clemmons Middle,Forsyth,36.026612,-80.341962,41.0,23.0
2024-09-04,9,2024,Durham Armory,Durham,36.0329550008979,-78.904037,31.0,39.0
2024-09-04,9,2024,Frying Pan Mountain,Haywood,35.379167,-82.7925,32.0,
2024-09-04,9,2024,Garinger High School,Mecklenburg,35.2401000008895,-80.785683,38.0,24.0
2024-09-04,9,2024,Hattie Avenue,Forsyth,36.11094,-80.224501,41.0,24.0
2024-09-04,9,2024,Leggett,Edgecombe,35.988278,-77.5843,32.0,23.0
2024-09-04,9,2024,Linville Falls,Avery,35.972347,-81.933072,37.0,
2024-09-04,9,2024,Mendenhall School,Guilford,36.1090060008986,-79.802314,32.0,27.0
2024-09-04,9,2024,Millbrook School,Wake,35.856111,-78.574167,31.0,26.0
2024-09-04,9,2024,Old High School,Swain,35.498711,-83.310242,28.0,
2024-09-04,9,2024,Pitt Agri. Center,Pitt,35.6412760008938,-77.360126,30.0,21.0
2024-09-04,9,2024,Rockwell,Rowan,35.551868,-80.395039,,26.0
2024-09-04,9,2024,West Johnston Co.,Johnston,35.59095,-78.4622,35.0,18.0
2024-09-05,9,2024,Bryson City,Swain,35.434767,-83.442133,34.0,32.0
2024-09-05,9,2024,Castle Hayne,New Hanover,34.364167,-77.838611,29.0,23.5
2024-09-05,9,2024,Clemmons Middle,Forsyth,36.026612,-80.341962,40.0,28.0
2024-09-05,9,2024,Durham Armory,Durham,36.0329550008979,-78.904037,36.0,36.0
2024-09-05,9,2024,Frying Pan Mountain,Haywood,35.379167,-82.7925,43.0,
2024-09-05,9,2024,Garinger High School,Mecklenburg,35.2401000008895,-80.785683,44.0,29.0
2024-09-05,9,2024,Hattie Avenue,Forsyth,36.11094,-80.224501,41.0,31.0
2024-09-05,9,2024,Leggett,Edgecombe,35.988278,-77.5843,31.0,23.0
2024-09-05,9,2024,Linville Falls,Avery,35.972347,-81.933072,30.0,
2024-09-05,9,2024,Mendenhall School,Guilford,36.1090060008986,-79.802314,37.0,26.0
2024-09-05,9,2024,Millbrook School,Wake,35.856111,-78.574167,33.0,31.0
2024-09-05,9,2024,Old High School,Swain,35.498711,-83.310242,36.0,
2024-09-05,9,2024,Pitt Agri. Center,Pitt,35.6412760008938,-77.360126,32.0,26.0
2024-09-05,9,2024,Rockwell,Rowan,35.551868,-80.395039,42.0,29.0
2024-09-05,9,2024,West Johnston Co.,Johnston,35.59095,-78.4622,33.0,27.0
2024-09-06,9,2024,Bryson City,Swain,35.434767,-83.442133,30.0,31.0
2024-09-06,9,2024,Castle Hayne,New Hanover,34.364167,-77.838611,25.0,24.0
2024-09-06,9,2024,Clemmons Middle,Forsyth,36.026612,-80.341962,51.0,33.0
2024-09-06,9,2024,Durham Armory,Durham,36.0329550008979,-78.904037,36.0,47.0
2024-09-06,9,2024,Frying Pan Mountain,Haywood,35.379167,-82.7925,38.0,21.0
2024-09-06,9,2024,Garinger High School,Mecklenburg,35.2401000008895,-80.785683,43.0,40.0
2024-09-06,9,2024,Hattie Avenue,Forsyth,36.11094,-80.224501,48.0,34.5
2024-09-06,9,2024,Leggett,Edgecombe,35.988278,-77.5843,32.0,32.0
2024-09-06,9,2024,Linville Falls,Avery,35.972347,-81.933072,32.0,26.0
2024-09-06,9,2024,Mendenhall School,Guilford,36.1090060008986,-79.802314,45.0,34.0
2024-09-06,9,2024,Millbrook School,Wake,35.856111,-78.574167,38.0,41.0
2024-09-06,9,2024,Old High School,Swain,35.498711,-83.310242,31.0,31.0
2024-09-06,9,2024,Pitt Agri. Center,Pitt,35.6412760008938,-77.360126,31.0,23.0
2024-09-06,9,2024,Rockwell,Rowan,35.551868,-80.395039,36.0,37.0
2024-09-06,9,2024,West Johnston Co.,Johnston,35.59095,-78.4622,38.0,30.0
2024-09-07,9,2024,Bryson City,Swain,35.434767,-83.442133,33.0,24.0
2024-09-07,9,2024,Castle Hayne,New Hanover,34.364167,-77.838611,22.0,11.5
2024-09-07,9,2024,Clemmons Middle,Forsyth,36.026612,-80.341962,36.0,31.0
2024-09-07,9,2024,Durham Armory,Durham,36.0329550008979,-78.904037,39.0,52.0
2024-09-07,9,2024,Frying Pan Mountain,Haywood,35.379167,-82.7925,33.0,
2024-09-07,9,2024,Garinger High School,Mecklenburg,35.2401000008895,-80.785683,42.0,36.0
2024-09-07,9,2024,Hattie Avenue,Forsyth,36.11094,-80.224501,36.0,34.0
2024-09-07,9,2024,Leggett,Edgecombe,35.988278,-77.5843,21.0,31.0
2024-09-07,9,2024,Linville Falls,Avery,35.972347,-81.933072,32.0,
2024-09-07,9,2024,Mendenhall School,Guilford,36.1090060008986,-79.802314,36.0,33.0
2024-09-07,9,2024,Millbrook School,Wake,35.856111,-78.574167,38.0,46.0
2024-09-07,9,2024,Old High School,Swain,35.498711,-83.310242,33.0,
2024-09-07,9,2024,Pitt Agri. Center,Pitt,35.6412760008938,-77.360126,23.0,21.0
2024-09-07,9,2024,Rockwell,Rowan,35.551868,-80.395039,38.0,31.0
2024-09-07,9,2024,West Johnston Co.,Johnston,35.59095,-78.4622,37.0,41.0
2024-09-08,9,2024,Bryson City,Swain,35.434767,-83.442133,31.0,13.0
2024-09-08,9,2024,Castle Hayne,New Hanover,34.364167,-77.838611,19.0,19.5
2024-09-08,9,2024,Clemmons Middle,Forsyth,36.026612,-80.341962,38.0,18.0
2024-09-08,9,2024,Durham Armory,Durham,36.0329550008979,-78.904037,36.0,40.0
2024-09-08,9,2024,Frying Pan Mountain,Haywood,35.379167,-82.7925,31.0,
2024-09-08,9,2024,Garinger High School,Mecklenburg,35.2401000008895,-80.785683,33.0,21.0
2024-09-08,9,2024,Hattie Avenue,Forsyth,36.11094,-80.224501,41.0,20.0
2024-09-08,9,2024,Leggett,Edgecombe,35.988278,-77.5843,31.0,17.0
2024-09-08,9,2024,Linville Falls,Avery,35.972347,-81.933072,32.0,
2024-09-08,9,2024,Mendenhall School,Guilford,36.1090060008986,-79.802314,37.0,21.0
2024-09-08,9,2024,Millbrook School,Wake,35.856111,-78.574167,33.0,24.0
2024-09-08,9,2024,Old High School,Swain,35.498711,-83.310242,33.0,
2024-09-08,9,2024,Pitt Agri. Center,Pitt,35.6412760008938,-77.360126,28.0,12.0
2024-09-08,9,2024,Rockwell,Rowan,35.551868,-80.395039,34.0,20.0
2024-09-08,9,2024,West Johnston Co.,Johnston,35.59095,-78.4622,34.0,20.0
2024-09-09,9,2024,Bryson City,Swain,35.434767,-83.442133,31.0,28.0
2024-09-09,9,2024,Castle Hayne,New Hanover,34.364167,-77.838611,37.0,14.5
2024-09-09,9,2024,Clemmons Middle,Forsyth,36.026612,-80.341962,42.0,29.0
2024-09-09,9,2024,Durham Armory,Durham,36.0329550008979,-78.904037,40.0,51.0
2024-09-09,9,2024,Frying Pan Mountain,Haywood,35.379167,-82.7925,37.0,17.0
2024-09-09,9,2024,Garinger High School,Mecklenburg,35.2401000008895,-80.785683,42.0,35.5
2024-09-09,9,2024,Hattie Avenue,Forsyth,36.11094,-80.224501,47.0,34.5
2024-09-09,9,2024,Leggett,Edgecombe,35.988278,-77.5843,33.0,10.0
2024-09-09,9,2024,Linville Falls,Avery,35.972347,-81.933072,35.0,18.0
2024-09-09,9,2024,Mendenhall School,Guilford,36.1090060008986,-79.802314,44.0,31.0
2024-09-09,9,2024,Millbrook School,Wake,35.856111,-78.574167,35.0,35.5
2024-09-09,9,2024,Old High School,Swain,35.498711,-83.310242,33.0,22.0
2024-09-09,9,2024,Pitt Agri. Center,Pitt,35.6412760008938,-77.360126,34.0,18.0
2024-09-09,9,2024,Rockwell,Rowan,35.551868,-80.395039,35.0,33.0
2024-09-09,9,2024,West Johnston Co.,Johnston,35.59095,-78.4622,36.0,31.0
2024-09-10,9,2024,Bryson City,Swain,35.434767,-83.442133,33.0,28.0
2024-09-10,9,2024,Castle Hayne,New Hanover,34.364167,-77.838611,40.0,18.0
2024-09-10,9,2024,Clemmons Middle,Forsyth,36.026612,-80.341962,64.0,29.0
2024-09-10,9,2024,Durham Armory,Durham,36.0329550008979,-78.904037,41.0,52.0
2024-09-10,9,2024,Frying Pan Mountain,Haywood,35.379167,-82.7925,58.0,
2024-09-10,9,2024,Garinger High School,Mecklenburg,35.2401000008895,-80.785683,51.0,47.0
2024-09-10,9,2024,Hattie Avenue,Forsyth,36.11094,-80.224501,47.0,32.0
2024-09-10,9,2024,Leggett,Edgecombe,35.988278,-77.5843,38.0,28.0
2024-09-10,9,2024,Linville Falls,Avery,35.972347,-81.933072,39.0,
2024-09-10,9,2024,Mendenhall School,Guilford,36.1090060008986,-79.802314,45.0,36.0
2024-09-10,9,2024,Millbrook School,Wake,35.856111,-78.574167,54.0,52.0
2024-09-10,9,2024,Old High School,Swain,35.498711,-83.310242,36.0,
2024-09-10,9,2024,Pitt Agri. Center,Pitt,35.6412760008938,-77.360126,38.0,26.0
2024-09-10,9,2024,Rockwell,Rowan,35.551868,-80.395039,,50.0
2024-09-10,9,2024,West Johnston Co.,Johnston,35.59095,-78.4622,48.0,44.0
2024-09-11,9,2024,Bryson City,Swain,35.434767,-83.442133,44.0,36.0
2024-09-11,9,2024,Castle Hayne,New Hanover,34.364167,-77.838611,42.0,25.0
2024-09-11,9,2024,Clemmons Middle,Forsyth,36.026612,-80.341962,50.0,38.0
2024-09-11,9,2024,Durham Armory,Durham,36.0329550008979,-78.904037,45.0,55.0
2024-09-11,9,2024,Frying Pan Mountain,Haywood,35.379167,-82.7925,46.0,
2024-09-11,9,2024,Garinger High School,Mecklenburg,35.2401000008895,-80.785683,42.0,55.0
2024-09-11,9,2024,Hattie Avenue,Forsyth,36.11094,-80.224501,64.0,43.0
2024-09-11,9,2024,Leggett,Edgecombe,35.988278,-77.5843,44.0,30.0
2024-09-11,9,2024,Linville Falls,Avery,35.972347,-81.933072,54.0,
2024-09-11,9,2024,Mendenhall School,Guilford,36.1090060008986,-79.802314,49.0,43.0
2024-09-11,9,2024,Millbrook School,Wake,35.856111,-78.574167,46.0,52.0
2024-09-11,9,2024,Old High School,Swain,35.498711,-83.310242,46.0,
2024-09-11,9,2024,Pitt Agri. Center,Pitt,35.6412760008938,-77.360126,42.0,36.0
2024-09-11,9,2024,Rockwell,Rowan,35.551868,-80.395039,,47.0
2024-09-11,9,2024,West Johnston Co.,Johnston,35.59095,-78.4622,46.0,45.0
2024-09-12,9,2024,Bryson City,Swain,35.434767,-83.442133,38.0,37.0
2024-09-12,9,2024,Castle Hayne,New Hanover,34.364167,-77.838611,40.0,28.5
2024-09-12,9,2024,Clemmons Middle,Forsyth,36.026612,-80.341962,51.0,47.0
2024-09-12,9,2024,Durham Armory,Durham,36.0329550008979,-78.904037,42.0,56.0
2024-09-12,9,2024,Frying Pan Mountain,Haywood,35.379167,-82.7925,42.0,26.0
2024-09-12,9,2024,Garinger High School,Mecklenburg,35.2401000008895,-80.785683,45.0,48.0
2024-09-12,9,2024,Hattie Avenue,Forsyth,36.11094,-80.224501,46.0,48.0
2024-09-12,9,2024,Leggett,Edgecombe,35.988278,-77.5843,38.0,37.0
2024-09-12,9,2024,Linville Falls,Avery,35.972347,-81.933072,50.0,38.0
2024-09-12,9,2024,Mendenhall School,Guilford,36.1090060008986,-79.802314,45.0,50.0
2024-09-12,9,2024,Millbrook School,Wake,35.856111,-78.574167,42.0,42.5
2024-09-12,9,2024,Old High School,Swain,35.498711,-83.310242,33.0,43.0
2024-09-12,9,2024,Pitt Agri. Center,Pitt,35.6412760008938,-77.360126,38.0,32.0
2024-09-12,9,2024,Rockwell,Rowan,35.551868,-80.395039,,45.0
2024-09-12,9,2024,West Johnston Co.,Johnston,35.59095,-78.4622,43.0,39.0
2024-09-13,9,2024,Bryson City,Swain,35.434767,-83.442133,31.0,22.0
2024-09-13,9,2024,Castle Hayne,New Hanover,34.364167,-77.838611,24.0,12.0
2024-09-13,9,2024,Clemmons Middle,Forsyth,36.026612,-80.341962,29.0,37.0
2024-09-13,9,2024,Durham Armory,Durham,36.0329550008979,-78.904037,20.0,45.0
2024-09-13,9,2024,Frying Pan Mountain,Haywood,35.379167,-82.7925,31.0,
2024-09-13,9,2024,Garinger High School,Mecklenburg,35.2401000008895,-80.785683,31.0,27.0
2024-09-13,9,2024,Hattie Avenue,Forsyth,36.11094,-80.224501,29.0,41.0
2024-09-13,9,2024,Leggett,Edgecombe,35.988278,-77.5843,25.0,27.0
2024-09-13,9,2024,Linville Falls,Avery,35.972347,-81.933072,35.0,
2024-09-13,9,2024,Mendenhall School,Guilford,36.1090060008986,-79.802314,24.0,34.0
2024-09-13,9,2024,Millbrook School,Wake,35.856111,-78.574167,24.0,30.0
2024-09-13,9,2024,Old High School,Swain,35.498711,-83.310242,26.0,
2024-09-13,9,2024,Pitt Agri. Center,Pitt,35.6412760008938,-77.360126,23.0,15.0
2024-09-13,9,2024,Rockwell,Rowan,35.551868,-80.395039,29.0,32.0
2024-09-13,9,2024,West Johnston Co.,Johnston,35.59095,-78.4622,27.0,19.0
2024-09-14,9,2024,Bryson City,Swain,35.434767,-83.442133,31.0,27.0
2024-09-14,9,2024,Castle Hayne,New Hanover,34.364167,-77.838611,24.0,15.5
2024-09-14,9,2024,Clemmons Middle,Forsyth,36.026612,-80.341962,31.0,27.0
2024-09-14,9,2024,Durham Armory,Durham,36.0329550008979,-78.904037,29.0,34.0
2024-09-14,9,2024,Frying Pan Mountain,Haywood,35.379167,-82.7925,30.0,
2024-09-14,9,2024,Garinger High School,Mecklenburg,35.2401000008895,-80.785683,32.0,26.0
2024-09-14,9,2024,Hattie Avenue,Forsyth,36.11094,-80.224501,31.0,31.0
2024-09-14,9,2024,Leggett,Edgecombe,35.988278,-77.5843,28.0,32.0
2024-09-14,9,2024,Linville Falls,Avery,35.972347,-81.933072,33.0,
2024-09-14,9,2024,Mendenhall School,Guilford,36.1090060008986,-79.802314,29.0,28.0
2024-09-14,9,2024,Millbrook School,Wake,35.856111,-78.574167,31.0,41.0
2024-09-14,9,2024,Old High School,Swain,35.498711,-83.310242,31.0,
2024-09-14,9,2024,Pitt Agri. Center,Pitt,35.6412760008938,-77.360126,27.0,24.0
2024-09-14,9,2024,Rockwell,Rowan,35.551868,-80.395039,31.0,18.0
2024-09-14,9,2024,West Johnston Co.,Johnston,35.59095,-78.4622,32.0,27.0
2024-09-15,9,2024,Bryson City,Swain,35.434767,-83.442133,30.0,29.0
2024-09-15,9,2024,Castle Hayne,New Hanover,34.364167,-77.838611,27.0,35.5
2024-09-15,9,2024,Clemmons Middle,Forsyth,36.026612,-80.341962,29.0,33.0
2024-09-15,9,2024,Durham Armory,Durham,36.0329550008979,-78.904037,26.0,43.0
2024-09-15,9,2024,Frying Pan Mountain,Haywood,35.379167,-82.7925,31.0,6.0
2024-09-15,9,2024,Garinger High School,Mecklenburg,35.2401000008895,-80.785683,28.0,33.5
2024-09-15,9,2024,Hattie Avenue,Forsyth,36.11094,-80.224501,29.0,35.5
2024-09-15,9,2024,Leggett,Edgecombe,35.988278,-77.5843,26.0,37.0
2024-09-15,9,2024,Linville Falls,Avery,35.972347,-81.933072,31.0,19.0
2024-09-15,9,2024,Mendenhall School,Guilford,36.1090060008986,-79.802314,25.0,34.0
2024-09-15,9,2024,Millbrook School,Wake,35.856111,-78.574167,29.0,45.5
2024-09-15,9,2024,Old High School,Swain,35.498711,-83.310242,31.0,36.0
2024-09-15,9,2024,Pitt Agri. Center,Pitt,35.6412760008938,-77.360126,28.0,38.0
2024-09-15,9,2024,Rockwell,Rowan,35.551868,-80.395039,28.0,32.0
2024-09-15,9,2024,West Johnston Co.,Johnston,35.59095,-78.4622,30.0,36.0
2024-09-16,9,2024,Bryson City,Swain,35.434767,-83.442133,,28.0
2024-09-16,9,2024,Castle Hayne,New Hanover,34.364167,-77.838611,32.0,2.0
2024-09-16,9,2024,Clemmons Middle,Forsyth,36.026612,-80.341962,28.0,34.0
2024-09-16,9,2024,Durham Armory,Durham,36.0329550008979,-78.904037,27.0,38.0
2024-09-16,9,2024,Frying Pan Mountain,Haywood,35.379167,-82.7925,37.0,
2024-09-16,9,2024,Garinger High School,Mecklenburg,35.2401000008895,-80.785683,27.0,28.0
2024-09-16,9,2024,Hattie Avenue,Forsyth,36.11094,-80.224501,29.0,37.0
2024-09-16,9,2024,Leggett,Edgecombe,35.988278,-77.5843,25.0,29.0
2024-09-16,9,2024,Linville Falls,Avery,35.972347,-81.933072,31.0,
2024-09-16,9,2024,Mendenhall School,Guilford,36.1090060008986,-79.802314,26.0,29.0
2024-09-16,9,2024,Millbrook School,Wake,35.856111,-78.574167,28.0,35.0
2024-09-16,9,2024,Old High School,Swain,35.498711,-83.310242,42.0,
2024-09-16,9,2024,Pitt Agri. Center,Pitt,35.6412760008938,-77.360126,27.0,29.0
2024-09-16,9,2024,Rockwell,Rowan,35.551868,-80.395039,26.0,27.0
2024-09-16,9,2024,West Johnston Co.,Johnston,35.59095,-78.4622,30.0,24.0
2024-09-17,9,2024,Bryson City,Swain,35.434767,-83.442133,,22.0
2024-09-17,9,2024,Castle Hayne,New Hanover,34.364167,-77.838611,31.0,2.0
2024-09-17,9,2024,Clemmons Middle,Forsyth,36.026612,-80.341962,20.0,20.0
2024-09-17,9,2024,Durham Armory,Durham,36.0329550008979,-78.904037,21.0,12.0
2024-09-17,9,2024,Frying Pan Mountain,Haywood,35.379167,-82.7925,27.0,
2024-09-17,9,2024,Garinger High School,Mecklenburg,35.2401000008895,-80.785683,19.0,11.0
2024-09-17,9,2024,Hattie Avenue,Forsyth,36.11094,-80.224501,21.0,20.0
2024-09-17,9,2024,Leggett,Edgecombe,35.988278,-77.5843,24.0,8.0
2024-09-17,9,2024,Linville Falls,Avery,35.972347,-81.933072,30.0,
2024-09-17,9,2024,Mendenhall School,Guilford,36.1090060008986,-79.802314,21.0,18.0
2024-09-17,9,2024,Millbrook School,Wake,35.856111,-78.574167,21.0,22.0
2024-09-17,9,2024,Old High School,Swain,35.498711,-83.310242,21.0,
2024-09-17,9,2024,Pitt Agri. Center,Pitt,35.6412760008938,-77.360126,24.0,16.0
2024-09-17,9,2024,Rockwell,Rowan,35.551868,-80.395039,24.0,10.0
2024-09-17,9,2024,West Johnston Co.,Johnston,35.59095,-78.4622,25.0,20.0
2024-09-18,9,2024,Bryson City,Swain,35.434767,-83.442133,19.0,11.0
2024-09-18,9,2024,Castle Hayne,New Hanover,34.364167,-77.838611,,27.0
2024-09-18,9,2024,Clemmons Middle,Forsyth,36.026612,-80.341962,40.0,41.0
2024-09-18,9,2024,Durham Armory,Durham,36.0329550008979,-78.904037,27.0,28.0
2024-09-18,9,2024,Frying Pan Mountain,Haywood,35.379167,-82.7925,35.0,4.0
2024-09-18,9,2024,Garinger High School,Mecklenburg,35.2401000008895,-80.785683,30.0,48.0
2024-09-18,9,2024,Hattie Avenue,Forsyth,36.11094,-80.224501,36.0,32.5
2024-09-18,9,2024,Leggett,Edgecombe,35.988278,-77.5843,23.0,19.0
2024-09-18,9,2024,Linville Falls,Avery,35.972347,-81.933072,28.0,26.0
2024-09-18,9,2024,Mendenhall School,Guilford,36.1090060008986,-79.802314,33.0,34.0
2024-09-18,9,2024,Millbrook School,Wake,35.856111,-78.574167,36.0,32.0
2024-09-18,9,2024,Old High School,Swain,35.498711,-83.310242,20.0,11.0
2024-09-18,9,2024,Pitt Agri. Center,Pitt,35.6412760008938,-77.360126,28.0,14.0
2024-09-18,9,2024,Rockwell,Rowan,35.551868,-80.395039,31.0,52.0
2024-09-18,9,2024,West Johnston Co.,Johnston,35.59095,-78.4622,,37.0
2024-09-19,9,2024,Bryson City,Swain,35.434767,-83.442133,24.0,18.0
2024-09-19,9,2024,Castle Hayne,New Hanover,34.364167,-77.838611,28.0,26.0
2024-09-19,9,2024,Clemmons Middle,Forsyth,36.026612,-80.341962,27.0,17.0
2024-09-19,9,2024,Durham Armory,Durham,36.0329550008979,-78.904037,21.0,17.0
2024-09-19,9,2024,Frying Pan Mountain,Haywood,35.379167,-82.7925,35.0,
2024-09-19,9,2024,Garinger High School,Mecklenburg,35.2401000008895,-80.785683,31.0,30.0
2024-09-19,9,2024,Hattie Avenue,Forsyth,36.11094,-80.224501,23.0,18.0
2024-09-19,9,2024,Leggett,Edgecombe,35.988278,-77.5843,21.0,22.0
2024-09-19,9,2024,Linville Falls,Avery,35.972347,-81.933072,22.0,
2024-09-19,9,2024,Mendenhall School,Guilford,36.1090060008986,-79.802314,25.0,16.0
2024-09-19,9,2024,Millbrook School,Wake,35.856111,-78.574167,21.0,26.0
2024-09-19,9,2024,Old High School,Swain,35.498711,-83.310242,26.0,
2024-09-19,9,2024,Pitt Agri. Center,Pitt,35.6412760008938,-77.360126,24.0,17.0
2024-09-19,9,2024,Rockwell,Rowan,35.551868,-80.395039,29.0,14.0
2024-09-19,9,2024,West Johnston Co.,Johnston,35.59095,-78.4622,,16.0
2024-09-20,9,2024,Bryson City,Swain,35.434767,-83.442133,32.0,26.0
2024-09-20,9,2024,Castle Hayne,New Hanover,34.364167,-77.838611,35.0,20.5
2024-09-20,9,2024,Clemmons Middle,Forsyth,36.026612,-80.341962,36.0,27.0
2024-09-20,9,2024,Durham Armory,Durham,36.0329550008979,-78.904037,33.0,38.0
2024-09-20,9,2024,Frying Pan Mountain,Haywood,35.379167,-82.7925,50.0,
2024-09-20,9,2024,Garinger High School,Mecklenburg,35.2401000008895,-80.785683,44.0,34.0
2024-09-20,9,2024,Hattie Avenue,Forsyth,36.11094,-80.224501,32.0,32.0
2024-09-20,9,2024,Leggett,Edgecombe,35.988278,-77.5843,42.0,37.0
2024-09-20,9,2024,Linville Falls,Avery,35.972347,-81.933072,37.0,
2024-09-20,9,2024,Mendenhall School,Guilford,36.1090060008986,-79.802314,30.0,24.0
2024-09-20,9,2024,Millbrook School,Wake,35.856111,-78.574167,40.0,42.0
2024-09-20,9,2024,Old High School,Swain,35.498711,-83.310242,37.0,
2024-09-20,9,2024,Pitt Agri. Center,Pitt,35.6412760008938,-77.360126,41.0,28.0
2024-09-20,9,2024,Rockwell,Rowan,35.551868,-80.395039,36.0,30.0
2024-09-20,9,2024,West Johnston Co.,Johnston,35.59095,-78.4622,39.0,35.0
2024-09-21,9,2024,Bryson City,Swain,35.434767,-83.442133,40.0,41.0
2024-09-21,9,2024,Castle Hayne,New Hanover,34.364167,-77.838611,37.0,14.5
2024-09-21,9,2024,Clemmons Middle,Forsyth,36.026612,-80.341962,44.0,44.5
2024-09-21,9,2024,Durham Armory,Durham,36.0329550008979,-78.904037,37.0,53.0
2024-09-21,9,2024,Frying Pan Mountain,Haywood,35.379167,-82.7925,47.0,28.0
2024-09-21,9,2024,Garinger High School,Mecklenburg,35.2401000008895,-80.785683,46.0,50.0
2024-09-21,9,2024,Hattie Avenue,Forsyth,36.11094,-80.224501,45.0,51.0
2024-09-21,9,2024,Leggett,Edgecombe,35.988278,-77.5843,38.0,23.0
2024-09-21,9,2024,Linville Falls,Avery,35.972347,-81.933072,35.0,33.0
2024-09-21,9,2024,Mendenhall School,Guilford,36.1090060008986,-79.802314,44.0,53.0
2024-09-21,9,2024,Millbrook School,Wake,35.856111,-78.574167,42.0,39.5
2024-09-21,9,2024,Old High School,Swain,35.498711,-83.310242,37.0,37.0
2024-09-21,9,2024,Pitt Agri. Center,Pitt,35.6412760008938,-77.360126,39.0,21.0
2024-09-21,9,2024,Rockwell,Rowan,35.551868,-80.395039,44.0,47.0
2024-09-21,9,2024,West Johnston Co.,Johnston,35.59095,-78.4622,41.0,42.0
2024-09-22,9,2024,Bryson City,Swain,35.434767,-83.442133,39.0,30.0
2024-09-22,9,2024,Castle Hayne,New Hanover,34.364167,-77.838611,31.0,24.0
2024-09-22,9,2024,Clemmons Middle,Forsyth,36.026612,-80.341962,54.0,46.0
2024-09-22,9,2024,Durham Armory,Durham,36.0329550008979,-78.904037,30.0,43.0
2024-09-22,9,2024,Frying Pan Mountain,Haywood,35.379167,-82.7925,45.0,
2024-09-22,9,2024,Garinger High School,Mecklenburg,35.2401000008895,-80.785683,48.0,52.0
2024-09-22,9,2024,Hattie Avenue,Forsyth,36.11094,-80.224501,49.0,52.0
2024-09-22,9,2024,Leggett,Edgecombe,35.988278,-77.5843,30.0,34.0
2024-09-22,9,2024,Linville Falls,Avery,35.972347,-81.933072,37.0,
2024-09-22,9,2024,Mendenhall School,Guilford,36.1090060008986,-79.802314,39.0,49.0
2024-09-22,9,2024,Millbrook School,Wake,35.856111,-78.574167,30.0,46.0
2024-09-22,9,2024,Old High School,Swain,35.498711,-83.310242,32.0,
2024-09-22,9,2024,Pitt Agri. Center,Pitt,35.6412760008938,-77.360126,32.0,26.0
2024-09-22,9,2024,Rockwell,Rowan,35.551868,-80.395039,46.0,48.0
2024-09-22,9,2024,West Johnston Co.,Johnston,35.59095,-78.4622,33.0,44.0
2024-09-23,9,2024,Bryson City,Swain,35.434767,-83.442133,38.0,42.0
2024-09-23,9,2024,Castle Hayne,New Hanover,34.364167,-77.838611,35.0,21.0
2024-09-23,9,2024,Clemmons Middle,Forsyth,36.026612,-80.341962,19.0,53.0
2024-09-23,9,2024,Durham Armory,Durham,36.0329550008979,-78.904037,31.0,53.0
2024-09-23,9,2024,Frying Pan Mountain,Haywood,35.379167,-82.7925,41.0,
2024-09-23,9,2024,Garinger High School,Mecklenburg,35.2401000008895,-80.785683,19.0,52.0
2024-09-23,9,2024,Hattie Avenue,Forsyth,36.11094,-80.224501,19.0,56.0
2024-09-23,9,2024,Leggett,Edgecombe,35.988278,-77.5843,31.0,23.0
2024-09-23,9,2024,Linville Falls,Avery,35.972347,-81.933072,34.0,
2024-09-23,9,2024,Mendenhall School,Guilford,36.1090060008986,-79.802314,19.0,53.0
2024-09-23,9,2024,Millbrook School,Wake,35.856111,-78.574167,35.0,48.0
2024-09-23,9,2024,Old High School,Swain,35.498711,-83.310242,37.0,
2024-09-23,9,2024,Pitt Agri. Center,Pitt,35.6412760008938,-77.360126,33.0,25.0
2024-09-23,9,2024,Rockwell,Rowan,35.551868,-80.395039,19.0,55.0
2024-09-23,9,2024,West Johnston Co.,Johnston,35.59095,-78.4622,33.0,40.0
2024-09-24,9,2024,Bryson City,Swain,35.434767,-83.442133,30.0,51.0
2024-09-24,9,2024,Castle Hayne,New Hanover,34.364167,-77.838611,32.0,23.5
2024-09-24,9,2024,Clemmons Middle,Forsyth,36.026612,-80.341962,24.0,53.0
2024-09-24,9,2024,Durham Armory,Durham,36.0329550008979,-78.904037,24.0,56.0
2024-09-24,9,2024,Frying Pan Mountain,Haywood,35.379167,-82.7925,37.0,51.0
2024-09-24,9,2024,Garinger High School,Mecklenburg,35.2401000008895,-80.785683,33.0,56.0
2024-09-24,9,2024,Hattie Avenue,Forsyth,36.11094,-80.224501,24.0,55.5
2024-09-24,9,2024,Leggett,Edgecombe,35.988278,-77.5843,20.0,27.0
2024-09-24,9,2024,Linville Falls,Avery,35.972347,-81.933072,31.0,38.0
2024-09-24,9,2024,Mendenhall School,Guilford,36.1090060008986,-79.802314,22.0,57.0
2024-09-24,9,2024,Millbrook School,Wake,35.856111,-78.574167,24.0,47.5
2024-09-24,9,2024,Old High School,Swain,35.498711,-83.310242,32.0,53.0
2024-09-24,9,2024,Pitt Agri. Center,Pitt,35.6412760008938,-77.360126,26.0,25.0
2024-09-24,9,2024,Rockwell,Rowan,35.551868,-80.395039,30.0,51.0
2024-09-24,9,2024,West Johnston Co.,Johnston,35.59095,-78.4622,24.0,41.0
2024-09-25,9,2024,Bryson City,Swain,35.434767,-83.442133,26.0,36.0
2024-09-25,9,2024,Castle Hayne,New Hanover,34.364167,-77.838611,36.0,18.5
2024-09-25,9,2024,Clemmons Middle,Forsyth,36.026612,-80.341962,33.0,34.0
2024-09-25,9,2024,Durham Armory,Durham,36.0329550008979,-78.904037,32.0,50.0
2024-09-25,9,2024,Garinger High School,Mecklenburg,35.2401000008895,-80.785683,37.0,32.0
2024-09-25,9,2024,Hattie Avenue,Forsyth,36.11094,-80.224501,35.0,37.0
2024-09-25,9,2024,Leggett,Edgecombe,35.988278,-77.5843,26.0,29.0
2024-09-25,9,2024,Linville Falls,Avery,35.972347,-81.933072,36.0,
2024-09-25,9,2024,Mendenhall School,Guilford,36.1090060008986,-79.802314,34.0,39.0
2024-09-25,9,2024,Millbrook School,Wake,35.856111,-78.574167,32.0,44.0
2024-09-25,9,2024,Old High School,Swain,35.498711,-83.310242,30.0,
2024-09-25,9,2024,Pitt Agri. Center,Pitt,35.6412760008938,-77.360126,30.0,26.0
2024-09-25,9,2024,Rockwell,Rowan,35.551868,-80.395039,35.0,33.0
2024-09-25,9,2024,West Johnston Co.,Johnston,35.59095,-78.4622,33.0,34.0
2024-09-26,9,2024,Bryson City,Swain,35.434767,-83.442133,22.0,3.0
2024-09-26,9,2024,Castle Hayne,New Hanover,34.364167,-77.838611,28.0,11.5
2024-09-26,9,2024,Clemmons Middle,Forsyth,36.026612,-80.341962,23.0,23.0
2024-09-26,9,2024,Durham Armory,Durham,36.0329550008979,-78.904037,20.0,30.0
2024-09-26,9,2024,Garinger High School,Mecklenburg,35.2401000008895,-80.785683,26.0,13.0
2024-09-26,9,2024,Hattie Avenue,Forsyth,36.11094,-80.224501,23.0,29.0
2024-09-26,9,2024,Leggett,Edgecombe,35.988278,-77.5843,19.0,17.0
2024-09-26,9,2024,Linville Falls,Avery,35.972347,-81.933072,37.0,
2024-09-26,9,2024,Mendenhall School,Guilford,36.1090060008986,-79.802314,19.0,23.0
2024-09-26,9,2024,Millbrook School,Wake,35.856111,-78.574167,20.0,28.0
2024-09-26,9,2024,Old High School,Swain,35.498711,-83.310242,15.0,
2024-09-26,9,2024,Pitt Agri. Center,Pitt,35.6412760008938,-77.360126,24.0,17.0
2024-09-26,9,2024,Rockwell,Rowan,35.551868,-80.395039,24.0,22.0
2024-09-26,9,2024,West Johnston Co.,Johnston,35.59095,-78.4622,19.0,23.0
2024-09-27,9,2024,Castle Hayne,New Hanover,34.364167,-77.838611,,26.5
2024-09-27,9,2024,Clemmons Middle,Forsyth,36.026612,-80.341962,25.0,20.0
2024-09-27,9,2024,Durham Armory,Durham,36.0329550008979,-78.904037,21.0,32.0
2024-09-27,9,2024,Hattie Avenue,Forsyth,36.11094,-80.224501,23.0,27.0
2024-09-27,9,2024,Leggett,Edgecombe,35.988278,-77.5843,20.0,19.0
2024-09-27,9,2024,Mendenhall School,Guilford,36.1090060008986,-79.802314,24.0,26.0
2024-09-27,9,2024,Millbrook School,Wake,35.856111,-78.574167,22.0,31.0
2024-09-27,9,2024,Old High School,Swain,35.498711,-83.310242,41.0,9.0
2024-09-27,9,2024,Pitt Agri. Center,Pitt,35.6412760008938,-77.360126,22.0,22.0
2024-09-27,9,2024,Rockwell,Rowan,35.551868,-80.395039,25.0,23.0
2024-09-27,9,2024,West Johnston Co.,Johnston,35.59095,-78.4622,24.0,24.0
2024-09-28,9,2024,Bryson City,Swain,35.434767,-83.442133,28.0,23.0
2024-09-28,9,2024,Castle Hayne,New Hanover,34.364167,-77.838611,41.0,20.5
2024-09-28,9,2024,Clemmons Middle,Forsyth,36.026612,-80.341962,38.0,43.0
2024-09-28,9,2024,Durham Armory,Durham,36.0329550008979,-78.904037,39.0,54.0
2024-09-28,9,2024,Garinger High School,Mecklenburg,35.2401000008895,-80.785683,36.0,56.0
2024-09-28,9,2024,Hattie Avenue,Forsyth,36.11094,-80.224501,39.0,56.0
2024-09-28,9,2024,Leggett,Edgecombe,35.988278,-77.5843,34.0,32.0
2024-09-28,9,2024,Mendenhall School,Guilford,36.1090060008986,-79.802314,40.0,52.0
2024-09-28,9,2024,Millbrook School,Wake,35.856111,-78.574167,40.0,51.0
2024-09-28,9,2024,Old High School,Swain,35.498711,-83.310242,32.0,
2024-09-28,9,2024,Pitt Agri. Center,Pitt,35.6412760008938,-77.360126,36.0,32.0
2024-09-28,9,2024,Rockwell,Rowan,35.551868,-80.395039,37.0,52.0
2024-09-28,9,2024,West Johnston Co.,Johnston,35.59095,-78.4622,40.0,40.0
2024-09-29,9,2024,Bryson City,Swain,35.434767,-83.442133,18.0,7.0
2024-09-29,9,2024,Castle Hayne,New Hanover,34.364167,-77.838611,36.0,33.0
2024-09-29,9,2024,Clemmons Middle,Forsyth,36.026612,-80.341962,38.0,43.0
2024-09-29,9,2024,Durham Armory,Durham,36.0329550008979,-78.904037,36.0,56.0
2024-09-29,9,2024,Garinger High School,Mecklenburg,35.2401000008895,-80.785683,34.0,54.0
2024-09-29,9,2024,Hattie Avenue,Forsyth,36.11094,-80.224501,38.0,58.0
2024-09-29,9,2024,Leggett,Edgecombe,35.988278,-77.5843,33.0,
2024-09-29,9,2024,Mendenhall School,Guilford,36.1090060008986,-79.802314,32.0,57.0
2024-09-29,9,2024,Millbrook School,Wake,35.856111,-78.574167,34.0,55.0
2024-09-29,9,2024,Old High School,Swain,35.498711,-83.310242,19.0,
2024-09-29,9,2024,Pitt Agri. Center,Pitt,35.6412760008938,-77.360126,31.0,34.0
2024-09-29,9,2024,Rockwell,Rowan,35.551868,-80.395039,34.0,52.0
2024-09-29,9,2024,West Johnston Co.,Johnston,35.59095,-78.4622,31.0,47.0
2024-09-30,9,2024,Bryson City,Swain,35.434767,-83.442133,19.0,11.0
2024-09-30,9,2024,Castle Hayne,New Hanover,34.364167,-77.838611,36.0,26.5
2024-09-30,9,2024,Clemmons Middle,Forsyth,36.026612,-80.341962,31.0,46.0
2024-09-30,9,2024,Durham Armory,Durham,36.0329550008979,-78.904037,22.0,57.0
2024-09-30,9,2024,Garinger High School,Mecklenburg,35.2401000008895,-80.785683,34.0,56.5
2024-09-30,9,2024,Hattie Avenue,Forsyth,36.11094,-80.224501,32.0,59.0
2024-09-30,9,2024,Leggett,Edgecombe,35.988278,-77.5843,24.0,
2024-09-30,9,2024,Mendenhall School,Guilford,36.1090060008986,-79.802314,25.0,59.0
2024-09-30,9,2024,Millbrook School,Wake,35.856111,-78.574167,27.0,55.0
2024-09-30,9,2024,Old High School,Swain,35.498711,-83.310242,24.0,17.0
2024-09-30,9,2024,Pitt Agri. Center,Pitt,35.6412760008938,-77.360126,25.0,50.0
2024-09-30,9,2024,Rockwell,Rowan,35.551868,-80.395039,28.0,58.0
2024-09-30,9,2024,West Johnston Co.,Johnston,35.59095,-78.4622,31.0,49.0
2024-10-01,10,2024,Bryson City,Swain,35.434767,-83.442133,21.0,7.0
2024-10-01,10,2024,Castle Hayne,New Hanover,34.364167,-77.838611,33.0,44.5
2024-10-01,10,2024,Clemmons Middle,Forsyth,36.026612,-80.341962,22.0,18.0
2024-10-01,10,2024,Durham Armory,Durham,36.0329550008979,-78.904037,18.0,31.0
2024-10-01,10,2024,Garinger High School,Mecklenburg,35.2401000008895,-80.785683,28.0,43.0
2024-10-01,10,2024,Hattie Avenue,Forsyth,36.11094,-80.224501,22.0,22.0
2024-10-01,10,2024,Leggett,Edgecombe,35.988278,-77.5843,23.0,19.0
2024-10-01,10,2024,Mendenhall School,Guilford,36.1090060008986,-79.802314,21.0,11.0
2024-10-01,10,2024,Millbrook School,Wake,35.856111,-78.574167,20.0,25.0
2024-10-01,10,2024,Old High School,Swain,35.498711,-83.310242,21.0,
2024-10-01,10,2024,Pitt Agri. Center,Pitt,35.6412760008938,-77.360126,26.0,19.0
2024-10-01,10,2024,Rockwell,Rowan,35.551868,-80.395039,29.0,25.0
2024-10-01,10,2024,West Johnston Co.,Johnston,35.59095,-78.4622,20.0,16.0
2024-10-02,10,2024,Bryson City,Swain,35.434767,-83.442133,28.0,15.0
2024-10-02,10,2024,Castle Hayne,New Hanover,34.364167,-77.838611,23.0,13.5
2024-10-02,10,2024,Clemmons Middle,Forsyth,36.026612,-80.341962,31.0,20.0
2024-10-02,10,2024,Durham Armory,Durham,36.0329550008979,-78.904037,23.0,33.0
2024-10-02,10,2024,Garinger High School,Mecklenburg,35.2401000008895,-80.785683,35.0,24.0
2024-10-02,10,2024,Hattie Avenue,Forsyth,36.11094,-80.224501,32.0,24.0
2024-10-02,10,2024,Leggett,Edgecombe,35.988278,-77.5843,21.0,26.0
2024-10-02,10,2024,Mendenhall School,Guilford,36.1090060008986,-79.802314,29.0,18.0
2024-10-02,10,2024,Millbrook School,Wake,35.856111,-78.574167,23.0,31.0
2024-10-02,10,2024,Old High School,Swain,35.498711,-83.310242,26.0,
2024-10-02,10,2024,Pitt Agri. Center,Pitt,35.6412760008938,-77.360126,22.0,17.0
2024-10-02,10,2024,Rockwell,Rowan,35.551868,-80.395039,35.0,18.0
2024-10-02,10,2024,West Johnston Co.,Johnston,35.59095,-78.4622,23.0,19.0
2024-10-03,10,2024,Bryson City,Swain,35.434767,-83.442133,26.0,24.0
2024-10-03,10,2024,Castle Hayne,New Hanover,34.364167,-77.838611,28.0,13.5
2024-10-03,10,2024,Clemmons Middle,Forsyth,36.026612,-80.341962,32.0,36.0
2024-10-03,10,2024,Durham Armory,Durham,36.0329550008979,-78.904037,28.0,37.0
2024-10-03,10,2024,Garinger High School,Mecklenburg,35.2401000008895,-80.785683,36.0,42.5
2024-10-03,10,2024,Hattie Avenue,Forsyth,36.11094,-80.224501,33.0,44.0
2024-10-03,10,2024,Leggett,Edgecombe,35.988278,-77.5843,29.0,16.0
2024-10-03,10,2024,Mendenhall School,Guilford,36.1090060008986,-79.802314,29.0,37.0
2024-10-03,10,2024,Millbrook School,Wake,35.856111,-78.574167,27.0,33.0
2024-10-03,10,2024,Old High School,Swain,35.498711,-83.310242,31.0,30.0
2024-10-03,10,2024,Pitt Agri. Center,Pitt,35.6412760008938,-77.360126,28.0,19.0
2024-10-03,10,2024,Rockwell,Rowan,35.551868,-80.395039,31.0,49.0
2024-10-03,10,2024,West Johnston Co.,Johnston,35.59095,-78.4622,30.0,22.0
2024-10-04,10,2024,Bryson City,Swain,35.434767,-83.442133,27.0,37.0
2024-10-04,10,2024,Castle Hayne,New Hanover,34.364167,-77.838611,35.0,17.5
2024-10-04,10,2024,Clemmons Middle,Forsyth,36.026612,-80.341962,31.0,40.0
2024-10-04,10,2024,Durham Armory,Durham,36.0329550008979,-78.904037,37.0,52.0
2024-10-04,10,2024,Garinger High School,Mecklenburg,35.2401000008895,-80.785683,36.0,41.0
2024-10-04,10,2024,Hattie Avenue,Forsyth,36.11094,-80.224501,32.0,44.0
2024-10-04,10,2024,Leggett,Edgecombe,35.988278,-77.5843,31.0,18.0
2024-10-04,10,2024,Mendenhall School,Guilford,36.1090060008986,-79.802314,31.0,39.0
2024-10-04,10,2024,Millbrook School,Wake,35.856111,-78.574167,35.0,40.0
2024-10-04,10,2024,Old High School,Swain,35.498711,-83.310242,26.0,
2024-10-04,10,2024,Pitt Agri. Center,Pitt,35.6412760008938,-77.360126,31.0,28.0
2024-10-04,10,2024,Rockwell,Rowan,35.551868,-80.395039,30.0,39.0
2024-10-04,10,2024,West Johnston Co.,Johnston,35.59095,-78.4622,34.0,32.0
2024-10-05,10,2024,Bryson City,Swain,35.434767,-83.442133,33.0,34.0
2024-10-05,10,2024,Castle Hayne,New Hanover,34.364167,-77.838611,33.0,27.0
2024-10-05,10,2024,Clemmons Middle,Forsyth,36.026612,-80.341962,54.0,46.0
2024-10-05,10,2024,Durham Armory,Durham,36.0329550008979,-78.904037,39.0,53.0
2024-10-05,10,2024,Garinger High School,Mecklenburg,35.2401000008895,-80.785683,50.0,52.0
2024-10-05,10,2024,Hattie Avenue,Forsyth,36.11094,-80.224501,54.0,48.0
2024-10-05,10,2024,Leggett,Edgecombe,35.988278,-77.5843,30.0,46.0
2024-10-05,10,2024,Mendenhall School,Guilford,36.1090060008986,-79.802314,50.0,46.0
2024-10-05,10,2024,Millbrook School,Wake,35.856111,-78.574167,30.0,53.0
2024-10-05,10,2024,Old High School,Swain,35.498711,-83.310242,35.0,
2024-10-05,10,2024,Pitt Agri. Center,Pitt,35.6412760008938,-77.360126,31.0,42.0
2024-10-05,10,2024,Rockwell,Rowan,35.551868,-80.395039,48.0,50.0
2024-10-05,10,2024,West Johnston Co.,Johnston,35.59095,-78.4622,31.0,52.0
2024-10-06,10,2024,Bryson City,Swain,35.434767,-83.442133,38.0,39.0
2024-10-06,10,2024,Castle Hayne,New Hanover,34.364167,-77.838611,44.0,36.5
2024-10-06,10,2024,Clemmons Middle,Forsyth,36.026612,-80.341962,32.0,53.0
2024-10-06,10,2024,Durham Armory,Durham,36.0329550008979,-78.904037,44.0,57.0
2024-10-06,10,2024,Garinger High School,Mecklenburg,35.2401000008895,-80.785683,36.0,57.0
2024-10-06,10,2024,Hattie Avenue,Forsyth,36.11094,-80.224501,36.0,56.0
2024-10-06,10,2024,Leggett,Edgecombe,35.988278,-77.5843,38.0,40.0
2024-10-06,10,2024,Mendenhall School,Guilford,36.1090060008986,-79.802314,39.0,54.0
2024-10-06,10,2024,Millbrook School,Wake,35.856111,-78.574167,44.0,54.5
2024-10-06,10,2024,Old High School,Swain,35.498711,-83.310242,38.0,52.0
2024-10-06,10,2024,Pitt Agri. Center,Pitt,35.6412760008938,-77.360126,43.0,37.0
2024-10-06,10,2024,Rockwell,Rowan,35.551868,-80.395039,28.0,56.0
2024-10-06,10,2024,West Johnston Co.,Johnston,35.59095,-78.4622,45.0,51.0
2024-10-07,10,2024,Bryson City,Swain,35.434767,-83.442133,37.0,33.0
2024-10-07,10,2024,Castle Hayne,New Hanover,34.364167,-77.838611,48.0,41.5
2024-10-07,10,2024,Clemmons Middle,Forsyth,36.026612,-80.341962,39.0,54.0
2024-10-07,10,2024,Durham Armory,Durham,36.0329550008979,-78.904037,38.0,54.0
2024-10-07,10,2024,Garinger High School,Mecklenburg,35.2401000008895,-80.785683,47.0,57.0
2024-10-07,10,2024,Hattie Avenue,Forsyth,36.11094,-80.224501,44.0,55.0
2024-10-07,10,2024,Leggett,Edgecombe,35.988278,-77.5843,40.0,42.0
2024-10-07,10,2024,Mendenhall School,Guilford,36.1090060008986,-79.802314,42.0,51.0
2024-10-07,10,2024,Millbrook School,Wake,35.856111,-78.574167,43.0,54.0
2024-10-07,10,2024,Old High School,Swain,35.498711,-83.310242,41.0,
2024-10-07,10,2024,Pitt Agri. Center,Pitt,35.6412760008938,-77.360126,43.0,43.0
2024-10-07,10,2024,Rockwell,Rowan,35.551868,-80.395039,44.0,54.0
2024-10-07,10,2024,West Johnston Co.,Johnston,35.59095,-78.4622,42.0,49.0
2024-10-08,10,2024,Bryson City,Swain,35.434767,-83.442133,38.0,38.0
2024-10-08,10,2024,Castle Hayne,New Hanover,34.364167,-77.838611,35.0,52.5
2024-10-08,10,2024,Clemmons Middle,Forsyth,36.026612,-80.341962,38.0,51.0
2024-10-08,10,2024,Durham Armory,Durham,36.0329550008979,-78.904037,33.0,53.0
2024-10-08,10,2024,Garinger High School,Mecklenburg,35.2401000008895,-80.785683,41.0,48.0
2024-10-08,10,2024,Hattie Avenue,Forsyth,36.11094,-80.224501,37.0,52.0
2024-10-08,10,2024,Leggett,Edgecombe,35.988278,-77.5843,32.0,32.0
2024-10-08,10,2024,Mendenhall School,Guilford,36.1090060008986,-79.802314,34.0,42.0
2024-10-08,10,2024,Millbrook School,Wake,35.856111,-78.574167,33.0,45.0
2024-10-08,10,2024,Old High School,Swain,35.498711,-83.310242,49.0,
2024-10-08,10,2024,Pitt Agri. Center,Pitt,35.6412760008938,-77.360126,31.0,28.0
2024-10-08,10,2024,Rockwell,Rowan,35.551868,-80.395039,42.0,
2024-10-08,10,2024,West Johnston Co.,Johnston,35.59095,-78.4622,35.0,35.0
2024-10-09,10,2024,Bryson City,Swain,35.434767,-83.442133,32.0,26.0
2024-10-09,10,2024,Castle Hayne,New Hanover,34.364167,-77.838611,33.0,26.0
2024-10-09,10,2024,Clemmons Middle,Forsyth,36.026612,-80.341962,44.0,35.5
2024-10-09,10,2024,Durham Armory,Durham,36.0329550008979,-78.904037,37.0,52.0
2024-10-09,10,2024,Garinger High School,Mecklenburg,35.2401000008895,-80.785683,43.0,54.0
2024-10-09,10,2024,Hattie Avenue,Forsyth,36.11094,-80.224501,44.0,37.5
2024-10-09,10,2024,Leggett,Edgecombe,35.988278,-77.5843,35.0,26.0
2024-10-09,10,2024,Mendenhall School,Guilford,36.1090060008986,-79.802314,43.0,29.0
2024-10-09,10,2024,Millbrook School,Wake,35.856111,-78.574167,38.0,33.0
2024-10-09,10,2024,Old High School,Swain,35.498711,-83.310242,37.0,26.0
2024-10-09,10,2024,Pitt Agri. Center,Pitt,35.6412760008938,-77.360126,36.0,20.0
2024-10-09,10,2024,Rockwell,Rowan,35.551868,-80.395039,45.0,
2024-10-09,10,2024,West Johnston Co.,Johnston,35.59095,-78.4622,39.0,35.0
2024-10-10,10,2024,Bryson City,Swain,35.434767,-83.442133,44.0,17.0
2024-10-10,10,2024,Castle Hayne,New Hanover,34.364167,-77.838611,33.0,21.5
2024-10-10,10,2024,Clemmons Middle,Forsyth,36.026612,-80.341962,35.0,21.0
2024-10-10,10,2024,Durham Armory,Durham,36.0329550008979,-78.904037,32.0,48.0
2024-10-10,10,2024,Garinger High School,Mecklenburg,35.2401000008895,-80.785683,41.0,29.0
2024-10-10,10,2024,Hattie Avenue,Forsyth,36.11094,-80.224501,33.0,21.0
2024-10-10,10,2024,Leggett,Edgecombe,35.988278,-77.5843,32.0,
2024-10-10,10,2024,Mendenhall School,Guilford,36.1090060008986,-79.802314,35.0,24.0
2024-10-10,10,2024,Millbrook School,Wake,35.856111,-78.574167,33.0,20.0
2024-10-10,10,2024,Old High School,Swain,35.498711,-83.310242,46.0,
2024-10-10,10,2024,Pitt Agri. Center,Pitt,35.6412760008938,-77.360126,32.0,19.0
2024-10-10,10,2024,Rockwell,Rowan,35.551868,-80.395039,40.0,
2024-10-10,10,2024,West Johnston Co.,Johnston,35.59095,-78.4622,35.0,27.0
2024-10-11,10,2024,Bryson City,Swain,35.434767,-83.442133,36.0,23.0
2024-10-11,10,2024,Castle Hayne,New Hanover,34.364167,-77.838611,27.0,13.5
2024-10-11,10,2024,Clemmons Middle,Forsyth,36.026612,-80.341962,35.0,25.0
2024-10-11,10,2024,Durham Armory,Durham,36.0329550008979,-78.904037,27.0,46.0
2024-10-11,10,2024,Garinger High School,Mecklenburg,35.2401000008895,-80.785683,32.0,47.0
2024-10-11,10,2024,Hattie Avenue,Forsyth,36.11094,-80.224501,33.0,24.0
2024-10-11,10,2024,Leggett,Edgecombe,35.988278,-77.5843,27.0,
2024-10-11,10,2024,Mendenhall School,Guilford,36.1090060008986,-79.802314,34.0,
2024-10-11,10,2024,Millbrook School,Wake,35.856111,-78.574167,28.0,24.0
2024-10-11,10,2024,Old High School,Swain,35.498711,-83.310242,38.0,
2024-10-11,10,2024,Pitt Agri. Center,Pitt,35.6412760008938,-77.360126,27.0,13.0
2024-10-11,10,2024,Rockwell,Rowan,35.551868,-80.395039,33.0,
2024-10-11,10,2024,West Johnston Co.,Johnston,35.59095,-78.4622,31.0,29.0
2024-10-12,10,2024,Bryson City,Swain,35.434767,-83.442133,34.0,39.0
2024-10-12,10,2024,Castle Hayne,New Hanover,34.364167,-77.838611,38.0,32.0
2024-10-12,10,2024,Clemmons Middle,Forsyth,36.026612,-80.341962,39.0,48.0
2024-10-12,10,2024,Durham Armory,Durham,36.0329550008979,-78.904037,42.0,55.0
2024-10-12,10,2024,Garinger High School,Mecklenburg,35.2401000008895,-80.785683,43.0,55.0
2024-10-12,10,2024,Hattie Avenue,Forsyth,36.11094,-80.224501,41.0,36.0
2024-10-12,10,2024,Leggett,Edgecombe,35.988278,-77.5843,42.0,34.0
2024-10-12,10,2024,Mendenhall School,Guilford,36.1090060008986,-79.802314,44.0,
2024-10-12,10,2024,Millbrook School,Wake,35.856111,-78.574167,41.0,44.5
2024-10-12,10,2024,Old High School,Swain,35.498711,-83.310242,38.0,51.0
2024-10-12,10,2024,Pitt Agri. Center,Pitt,35.6412760008938,-77.360126,42.0,32.0
2024-10-12,10,2024,Rockwell,Rowan,35.551868,-80.395039,47.0,
2024-10-12,10,2024,West Johnston Co.,Johnston,35.59095,-78.4622,41.0,53.0
2024-10-13,10,2024,Bryson City,Swain,35.434767,-83.442133,36.0,50.0
2024-10-13,10,2024,Castle Hayne,New Hanover,34.364167,-77.838611,46.0,36.5
2024-10-13,10,2024,Clemmons Middle,Forsyth,36.026612,-80.341962,44.0,51.0
2024-10-13,10,2024,Durham Armory,Durham,36.0329550008979,-78.904037,44.0,54.0
2024-10-13,10,2024,Garinger High School,Mecklenburg,35.2401000008895,-80.785683,44.0,56.0
2024-10-13,10,2024,Hattie Avenue,Forsyth,36.11094,-80.224501,46.0,54.0
2024-10-13,10,2024,Leggett,Edgecombe,35.988278,-77.5843,44.0,47.0
2024-10-13,10,2024,Mendenhall School,Guilford,36.1090060008986,-79.802314,47.0,
2024-10-13,10,2024,Millbrook School,Wake,35.856111,-78.574167,45.0,47.0
2024-10-13,10,2024,Old High School,Swain,35.498711,-83.310242,43.0,
2024-10-13,10,2024,Pitt Agri. Center,Pitt,35.6412760008938,-77.360126,44.0,39.0
2024-10-13,10,2024,Rockwell,Rowan,35.551868,-80.395039,47.0,
2024-10-13,10,2024,West Johnston Co.,Johnston,35.59095,-78.4622,46.0,53.0
2024-10-14,10,2024,Bryson City,Swain,35.434767,-83.442133,34.0,29.0
2024-10-14,10,2024,Castle Hayne,New Hanover,34.364167,-77.838611,44.0,48.0
2024-10-14,10,2024,Clemmons Middle,Forsyth,36.026612,-80.341962,40.0,38.0
2024-10-14,10,2024,Durham Armory,Durham,36.0329550008979,-78.904037,41.0,
2024-10-14,10,2024,Garinger High School,Mecklenburg,35.2401000008895,-80.785683,43.0,44.0
2024-10-14,10,2024,Hattie Avenue,Forsyth,36.11094,-80.224501,37.0,44.0
2024-10-14,10,2024,Leggett,Edgecombe,35.988278,-77.5843,42.0,38.0
2024-10-14,10,2024,Mendenhall School,Guilford,36.1090060008986,-79.802314,39.0,
2024-10-14,10,2024,Millbrook School,Wake,35.856111,-78.574167,43.0,41.0
2024-10-14,10,2024,Old High School,Swain,35.498711,-83.310242,39.0,
2024-10-14,10,2024,Pitt Agri. Center,Pitt,35.6412760008938,-77.360126,44.0,34.0
2024-10-14,10,2024,Rockwell,Rowan,35.551868,-80.395039,44.0,
2024-10-14,10,2024,West Johnston Co.,Johnston,35.59095,-78.4622,46.0,42.0
2024-10-15,10,2024,Bryson City,Swain,35.434767,-83.442133,29.0,13.0
2024-10-15,10,2024,Castle Hayne,New Hanover,34.364167,-77.838611,31.0,25.0
2024-10-15,10,2024,Clemmons Middle,Forsyth,36.026612,-80.341962,29.0,25.0
2024-10-15,10,2024,Durham Armory,Durham,36.0329550008979,-78.904037,30.0,
2024-10-15,10,2024,Garinger High School,Mecklenburg,35.2401000008895,-80.785683,30.0,18.0
2024-10-15,10,2024,Hattie Avenue,Forsyth,36.11094,-80.224501,30.0,23.5
2024-10-15,10,2024,Leggett,Edgecombe,35.988278,-77.5843,31.0,16.0
2024-10-15,10,2024,Mendenhall School,Guilford,36.1090060008986,-79.802314,29.0,
2024-10-15,10,2024,Millbrook School,Wake,35.856111,-78.574167,31.0,19.5
2024-10-15,10,2024,Old High School,Swain,35.498711,-83.310242,31.0,21.0
2024-10-15,10,2024,Pitt Agri. Center,Pitt,35.6412760008938,-77.360126,31.0,11.0
2024-10-15,10,2024,Rockwell,Rowan,35.551868,-80.395039,31.0,
2024-10-15,10,2024,West Johnston Co.,Johnston,35.59095,-78.4622,33.0,48.0
2024-10-16,10,2024,Bryson City,Swain,35.434767,-83.442133,30.0,11.0
2024-10-16,10,2024,Castle Hayne,New Hanover,34.364167,-77.838611,23.0,21.5
2024-10-16,10,2024,Clemmons Middle,Forsyth,36.026612,-80.341962,25.0,13.0
2024-10-16,10,2024,Durham Armory,Durham,36.0329550008979,-78.904037,25.0,
2024-10-16,10,2024,Garinger High School,Mecklenburg,35.2401000008895,-80.785683,26.0,8.0
2024-10-16,10,2024,Hattie Avenue,Forsyth,36.11094,-80.224501,25.0,15.0
2024-10-16,10,2024,Leggett,Edgecombe,35.988278,-77.5843,27.0,14.0
2024-10-16,10,2024,Mendenhall School,Guilford,36.1090060008986,-79.802314,25.0,9.0
2024-10-16,10,2024,Millbrook School,Wake,35.856111,-78.574167,26.0,15.0
2024-10-16,10,2024,Old High School,Swain,35.498711,-83.310242,32.0,
2024-10-16,10,2024,Pitt Agri. Center,Pitt,35.6412760008938,-77.360126,26.0,8.0
2024-10-16,10,2024,Rockwell,Rowan,35.551868,-80.395039,26.0,7.0
2024-10-16,10,2024,West Johnston Co.,Johnston,35.59095,-78.4622,29.0,18.0
2024-10-17,10,2024,Bryson City,Swain,35.434767,-83.442133,30.0,17.0
2024-10-17,10,2024,Castle Hayne,New Hanover,34.364167,-77.838611,32.0,16.0
2024-10-17,10,2024,Clemmons Middle,Forsyth,36.026612,-80.341962,32.0,23.0
2024-10-17,10,2024,Durham Armory,Durham,36.0329550008979,-78.904037,31.0,
2024-10-17,10,2024,Garinger High School,Mecklenburg,35.2401000008895,-80.785683,33.0,22.0
2024-10-17,10,2024,Hattie Avenue,Forsyth,36.11094,-80.224501,34.0,33.0
2024-10-17,10,2024,Leggett,Edgecombe,35.988278,-77.5843,31.0,19.0
2024-10-17,10,2024,Mendenhall School,Guilford,36.1090060008986,-79.802314,32.0,24.0
2024-10-17,10,2024,Millbrook School,Wake,35.856111,-78.574167,31.0,17.0
2024-10-17,10,2024,Old High School,Swain,35.498711,-83.310242,32.0,
2024-10-17,10,2024,Pitt Agri. Center,Pitt,35.6412760008938,-77.360126,31.0,9.0
2024-10-17,10,2024,Rockwell,Rowan,35.551868,-80.395039,33.0,23.0
2024-10-17,10,2024,West Johnston Co.,Johnston,35.59095,-78.4622,32.0,21.0
2024-10-18,10,2024,Bryson City,Swain,35.434767,-83.442133,32.0,42.0
2024-10-18,10,2024,Castle Hayne,New Hanover,34.364167,-77.838611,34.0,23.0
2024-10-18,10,2024,Clemmons Middle,Forsyth,36.026612,-80.341962,33.0,28.0
2024-10-18,10,2024,Durham Armory,Durham,36.0329550008979,-78.904037,33.0,
2024-10-18,10,2024,Frying Pan Mountain,Haywood,35.379167,-82.7925,47.0,13.0
2024-10-18,10,2024,Garinger High School,Mecklenburg,35.2401000008895,-80.785683,35.0,47.5
2024-10-18,10,2024,Hattie Avenue,Forsyth,36.11094,-80.224501,34.0,29.0
2024-10-18,10,2024,Leggett,Edgecombe,35.988278,-77.5843,33.0,15.0
2024-10-18,10,2024,Mendenhall School,Guilford,36.1090060008986,-79.802314,35.0,34.0
2024-10-18,10,2024,Millbrook School,Wake,35.856111,-78.574167,34.0,27.5
2024-10-18,10,2024,Old High School,Swain,35.498711,-83.310242,40.0,18.0
2024-10-18,10,2024,Pitt Agri. Center,Pitt,35.6412760008938,-77.360126,32.0,25.0
2024-10-18,10,2024,Rockwell,Rowan,35.551868,-80.395039,38.0,33.0
2024-10-18,10,2024,West Johnston Co.,Johnston,35.59095,-78.4622,35.0,31.0
2024-10-19,10,2024,Bryson City,Swain,35.434767,-83.442133,32.0,41.0
2024-10-19,10,2024,Castle Hayne,New Hanover,34.364167,-77.838611,33.0,27.0
2024-10-19,10,2024,Clemmons Middle,Forsyth,36.026612,-80.341962,40.0,32.0
2024-10-19,10,2024,Durham Armory,Durham,36.0329550008979,-78.904037,37.0,44.0
2024-10-19,10,2024,Frying Pan Mountain,Haywood,35.379167,-82.7925,47.0,
2024-10-19,10,2024,Garinger High School,Mecklenburg,35.2401000008895,-80.785683,42.0,48.0
2024-10-19,10,2024,Hattie Avenue,Forsyth,36.11094,-80.224501,38.0,26.0
2024-10-19,10,2024,Leggett,Edgecombe,35.988278,-77.5843,35.0,27.0
2024-10-19,10,2024,Mendenhall School,Guilford,36.1090060008986,-79.802314,40.0,46.0
2024-10-19,10,2024,Millbrook School,Wake,35.856111,-78.574167,39.0,33.0
2024-10-19,10,2024,Old High School,Swain,35.498711,-83.310242,39.0,
2024-10-19,10,2024,Pitt Agri. Center,Pitt,35.6412760008938,-77.360126,34.0,28.0
2024-10-19,10,2024,Rockwell,Rowan,35.551868,-80.395039,41.0,52.0
2024-10-19,10,2024,West Johnston Co.,Johnston,35.59095,-78.4622,39.0,39.0
2024-10-20,10,2024,Bryson City,Swain,35.434767,-83.442133,31.0,27.0
2024-10-20,10,2024,Castle Hayne,New Hanover,34.364167,-77.838611,30.0,24.0
2024-10-20,10,2024,Clemmons Middle,Forsyth,36.026612,-80.341962,40.0,35.0
2024-10-20,10,2024,Durham Armory,Durham,36.0329550008979,-78.904037,38.0,39.0
2024-10-20,10,2024,Frying Pan Mountain,Haywood,35.379167,-82.7925,44.0,
2024-10-20,10,2024,Garinger High School,Mecklenburg,35.2401000008895,-80.785683,44.0,55.0
2024-10-20,10,2024,Hattie Avenue,Forsyth,36.11094,-80.224501,40.0,43.0
2024-10-20,10,2024,Leggett,Edgecombe,35.988278,-77.5843,32.0,32.0
2024-10-20,10,2024,Mendenhall School,Guilford,36.1090060008986,-79.802314,40.0,47.0
2024-10-20,10,2024,Millbrook School,Wake,35.856111,-78.574167,39.0,43.0
2024-10-20,10,2024,Old High School,Swain,35.498711,-83.310242,36.0,
2024-10-20,10,2024,Pitt Agri. Center,Pitt,35.6412760008938,-77.360126,32.0,21.0
2024-10-20,10,2024,Rockwell,Rowan,35.551868,-80.395039,43.0,54.0
2024-10-20,10,2024,West Johnston Co.,Johnston,35.59095,-78.4622,39.0,53.0
2024-10-21,10,2024,Bryson City,Swain,35.434767,-83.442133,32.0,29.0
2024-10-21,10,2024,Castle Hayne,New Hanover,34.364167,-77.838611,36.0,28.0
2024-10-21,10,2024,Clemmons Middle,Forsyth,36.026612,-80.341962,42.0,44.5
2024-10-21,10,2024,Durham Armory,Durham,36.0329550008979,-78.904037,41.0,
2024-10-21,10,2024,Frying Pan Mountain,Haywood,35.379167,-82.7925,48.0,18.0
2024-10-21,10,2024,Garinger High School,Mecklenburg,35.2401000008895,-80.785683,44.0,56.5
2024-10-21,10,2024,Hattie Avenue,Forsyth,36.11094,-80.224501,44.0,42.5
2024-10-21,10,2024,Leggett,Edgecombe,35.988278,-77.5843,43.0,28.0
2024-10-21,10,2024,Mendenhall School,Guilford,36.1090060008986,-79.802314,41.0,36.0
2024-10-21,10,2024,Millbrook School,Wake,35.856111,-78.574167,42.0,46.0
2024-10-21,10,2024,Old High School,Swain,35.498711,-83.310242,38.0,30.0
2024-10-21,10,2024,Pitt Agri. Center,Pitt,35.6412760008938,-77.360126,44.0,27.0
2024-10-21,10,2024,Rockwell,Rowan,35.551868,-80.395039,43.0,50.0
2024-10-21,10,2024,West Johnston Co.,Johnston,35.59095,-78.4622,45.0,60.0
2024-10-22,10,2024,Bryson City,Swain,35.434767,-83.442133,39.0,39.0
2024-10-22,10,2024,Castle Hayne,New Hanover,34.364167,-77.838611,35.0,37.0
2024-10-22,10,2024,Clemmons Middle,Forsyth,36.026612,-80.341962,44.0,37.0
2024-10-22,10,2024,Durham Armory,Durham,36.0329550008979,-78.904037,44.0,
2024-10-22,10,2024,Frying Pan Mountain,Haywood,35.379167,-82.7925,45.0,
2024-10-22,10,2024,Garinger High School,Mecklenburg,35.2401000008895,-80.785683,47.0,
2024-10-22,10,2024,Hattie Avenue,Forsyth,36.11094,-80.224501,50.0,49.0
2024-10-22,10,2024,Leggett,Edgecombe,35.988278,-77.5843,44.0,39.0
2024-10-22,10,2024,Mendenhall School,Guilford,36.1090060008986,-79.802314,54.0,52.0
2024-10-22,10,2024,Millbrook School,Wake,35.856111,-78.574167,46.0,48.0
2024-10-22,10,2024,Old High School,Swain,35.498711,-83.310242,44.0,
2024-10-22,10,2024,Pitt Agri. Center,Pitt,35.6412760008938,-77.360126,44.0,46.0
2024-10-22,10,2024,Rockwell,Rowan,35.551868,-80.395039,44.0,55.0
2024-10-22,10,2024,West Johnston Co.,Johnston,35.59095,-78.4622,47.0,52.0
2024-10-23,10,2024,Bryson City,Swain,35.434767,-83.442133,36.0,50.0
2024-10-23,10,2024,Castle Hayne,New Hanover,34.364167,-77.838611,33.0,36.0
2024-10-23,10,2024,Clemmons Middle,Forsyth,36.026612,-80.341962,47.0,43.0
2024-10-23,10,2024,Durham Armory,Durham,36.0329550008979,-78.904037,44.0,
2024-10-23,10,2024,Frying Pan Mountain,Haywood,35.379167,-82.7925,48.0,
2024-10-23,10,2024,Garinger High School,Mecklenburg,35.2401000008895,-80.785683,44.0,
2024-10-23,10,2024,Hattie Avenue,Forsyth,36.11094,-80.224501,45.0,51.0
2024-10-23,10,2024,Leggett,Edgecombe,35.988278,-77.5843,39.0,46.0
2024-10-23,10,2024,Mendenhall School,Guilford,36.1090060008986,-79.802314,51.0,47.0
2024-10-23,10,2024,Millbrook School,Wake,35.856111,-78.574167,43.0,54.0
2024-10-23,10,2024,Old High School,Swain,35.498711,-83.310242,39.0,
2024-10-23,10,2024,Pitt Agri. Center,Pitt,35.6412760008938,-77.360126,35.0,43.0
2024-10-23,10,2024,Rockwell,Rowan,35.551868,-80.395039,44.0,51.0
2024-10-23,10,2024,West Johnston Co.,Johnston,35.59095,-78.4622,44.0,55.0
2024-10-24,10,2024,Bryson City,Swain,35.434767,-83.442133,42.0,
2024-10-24,10,2024,Castle Hayne,New Hanover,34.364167,-77.838611,47.0,58.0
2024-10-24,10,2024,Clemmons Middle,Forsyth,36.026612,-80.341962,44.0,52.0
2024-10-24,10,2024,Durham Armory,Durham,36.0329550008979,-78.904037,44.0,52.0
2024-10-24,10,2024,Frying Pan Mountain,Haywood,35.379167,-82.7925,64.0,
2024-10-24,10,2024,Garinger High School,Mecklenburg,35.2401000008895,-80.785683,50.0,55.0
2024-10-24,10,2024,Hattie Avenue,Forsyth,36.11094,-80.224501,45.0,54.0
2024-10-24,10,2024,Leggett,Edgecombe,35.988278,-77.5843,40.0,43.0
2024-10-24,10,2024,Mendenhall School,Guilford,36.1090060008986,-79.802314,44.0,50.0
2024-10-24,10,2024,Millbrook School,Wake,35.856111,-78.574167,43.0,54.5
2024-10-24,10,2024,Old High School,Swain,35.498711,-83.310242,48.0,35.0
2024-10-24,10,2024,Pitt Agri. Center,Pitt,35.6412760008938,-77.360126,41.0,44.0
2024-10-24,10,2024,Rockwell,Rowan,35.551868,-80.395039,46.0,41.0
2024-10-24,10,2024,West Johnston Co.,Johnston,35.59095,-78.4622,45.0,
2024-10-25,10,2024,Bryson City,Swain,35.434767,-83.442133,41.0,
2024-10-25,10,2024,Castle Hayne,New Hanover,34.364167,-77.838611,42.0,46.0
2024-10-25,10,2024,Clemmons Middle,Forsyth,36.026612,-80.341962,51.0,57.0
2024-10-25,10,2024,Durham Armory,Durham,36.0329550008979,-78.904037,40.0,51.0
2024-10-25,10,2024,Frying Pan Mountain,Haywood,35.379167,-82.7925,49.0,
2024-10-25,10,2024,Garinger High School,Mecklenburg,35.2401000008895,-80.785683,49.0,
2024-10-25,10,2024,Hattie Avenue,Forsyth,36.11094,-80.224501,51.0,60.0
2024-10-25,10,2024,Leggett,Edgecombe,35.988278,-77.5843,39.0,34.0
2024-10-25,10,2024,Mendenhall School,Guilford,36.1090060008986,-79.802314,50.0,56.0
2024-10-25,10,2024,Millbrook School,Wake,35.856111,-78.574167,40.0,53.0
2024-10-25,10,2024,Old High School,Swain,35.498711,-83.310242,43.0,
2024-10-25,10,2024,Pitt Agri. Center,Pitt,35.6412760008938,-77.360126,42.0,46.0
2024-10-25,10,2024,Rockwell,Rowan,35.551868,-80.395039,54.0,57.0
2024-10-25,10,2024,West Johnston Co.,Johnston,35.59095,-78.4622,43.0,
2024-10-26,10,2024,Bryson City,Swain,35.434767,-83.442133,42.0,59.0
2024-10-26,10,2024,Castle Hayne,New Hanover,34.364167,-77.838611,44.0,58.0
2024-10-26,10,2024,Clemmons Middle,Forsyth,36.026612,-80.341962,42.0,57.0
2024-10-26,10,2024,Durham Armory,Durham,36.0329550008979,-78.904037,43.0,49.0
2024-10-26,10,2024,Frying Pan Mountain,Haywood,35.379167,-82.7925,48.0,
2024-10-26,10,2024,Garinger High School,Mecklenburg,35.2401000008895,-80.785683,50.0,61.0
2024-10-26,10,2024,Hattie Avenue,Forsyth,36.11094,-80.224501,45.0,58.0
2024-10-26,10,2024,Leggett,Edgecombe,35.988278,-77.5843,39.0,53.0
2024-10-26,10,2024,Mendenhall School,Guilford,36.1090060008986,-79.802314,43.0,55.0
2024-10-26,10,2024,Millbrook School,Wake,35.856111,-78.574167,42.0,58.0
2024-10-26,10,2024,Old High School,Swain,35.498711,-83.310242,38.0,
2024-10-26,10,2024,Pitt Agri. Center,Pitt,35.6412760008938,-77.360126,41.0,51.0
2024-10-26,10,2024,Rockwell,Rowan,35.551868,-80.395039,44.0,57.0
2024-10-26,10,2024,West Johnston Co.,Johnston,35.59095,-78.4622,43.0,57.0
2024-10-27,10,2024,Bryson City,Swain,35.434767,-83.442133,31.0,52.0
2024-10-27,10,2024,Castle Hayne,New Hanover,34.364167,-77.838611,29.0,31.0
2024-10-27,10,2024,Clemmons Middle,Forsyth,36.026612,-80.341962,29.0,35.0
2024-10-27,10,2024,Durham Armory,Durham,36.0329550008979,-78.904037,27.0,36.0
2024-10-27,10,2024,Frying Pan Mountain,Haywood,35.379167,-82.7925,38.0,
2024-10-27,10,2024,Garinger High School,Mecklenburg,35.2401000008895,-80.785683,30.0,44.0
2024-10-27,10,2024,Hattie Avenue,Forsyth,36.11094,-80.224501,30.0,35.5
2024-10-27,10,2024,Leggett,Edgecombe,35.988278,-77.5843,25.0,36.0
2024-10-27,10,2024,Mendenhall School,Guilford,36.1090060008986,-79.802314,26.0,40.0
2024-10-27,10,2024,Millbrook School,Wake,35.856111,-78.574167,27.0,34.5
2024-10-27,10,2024,Old High School,Swain,35.498711,-83.310242,33.0,52.0
2024-10-27,10,2024,Pitt Agri. Center,Pitt,35.6412760008938,-77.360126,25.0,24.0
2024-10-27,10,2024,Rockwell,Rowan,35.551868,-80.395039,29.0,35.0
2024-10-27,10,2024,West Johnston Co.,Johnston,35.59095,-78.4622,30.0,38.0
2024-10-28,10,2024,Bryson City,Swain,35.434767,-83.442133,37.0,34.0
2024-10-28,10,2024,Castle Hayne,New Hanover,34.364167,-77.838611,35.0,28.0
2024-10-28,10,2024,Clemmons Middle,Forsyth,36.026612,-80.341962,36.0,47.0
2024-10-28,10,2024,Durham Armory,Durham,36.0329550008979,-78.904037,35.0,47.0
2024-10-28,10,2024,Frying Pan Mountain,Haywood,35.379167,-82.7925,58.0,
2024-10-28,10,2024,Garinger High School,Mecklenburg,35.2401000008895,-80.785683,41.0,54.0
2024-10-28,10,2024,Hattie Avenue,Forsyth,36.11094,-80.224501,38.0,53.0
2024-10-28,10,2024,Leggett,Edgecombe,35.988278,-77.5843,36.0,26.0
2024-10-28,10,2024,Mendenhall School,Guilford,36.1090060008986,-79.802314,36.0,48.0
2024-10-28,10,2024,Millbrook School,Wake,35.856111,-78.574167,36.0,48.0
2024-10-28,10,2024,Old High School,Swain,35.498711,-83.310242,39.0,
2024-10-28,10,2024,Pitt Agri. Center,Pitt,35.6412760008938,-77.360126,37.0,22.0
2024-10-28,10,2024,Rockwell,Rowan,35.551868,-80.395039,34.0,53.0
2024-10-28,10,2024,West Johnston Co.,Johnston,35.59095,-78.4622,39.0,37.0
2024-10-29,10,2024,Bryson City,Swain,35.434767,-83.442133,37.0,42.0
2024-10-29,10,2024,Castle Hayne,New Hanover,34.364167,-77.838611,31.0,25.0
2024-10-29,10,2024,Clemmons Middle,Forsyth,36.026612,-80.341962,44.0,54.0
2024-10-29,10,2024,Durham Armory,Durham,36.0329550008979,-78.904037,38.0,52.0
2024-10-29,10,2024,Frying Pan Mountain,Haywood,35.379167,-82.7925,44.0,
2024-10-29,10,2024,Garinger High School,Mecklenburg,35.2401000008895,-80.785683,37.0,54.0
2024-10-29,10,2024,Hattie Avenue,Forsyth,36.11094,-80.224501,44.0,58.0
2024-10-29,10,2024,Leggett,Edgecombe,35.988278,-77.5843,35.0,34.0
2024-10-29,10,2024,Mendenhall School,Guilford,36.1090060008986,-79.802314,42.0,52.0
2024-10-29,10,2024,Millbrook School,Wake,35.856111,-78.574167,36.0,51.0
2024-10-29,10,2024,Old High School,Swain,35.498711,-83.310242,43.0,
2024-10-29,10,2024,Pitt Agri. Center,Pitt,35.6412760008938,-77.360126,33.0,36.0
2024-10-29,10,2024,Rockwell,Rowan,35.551868,-80.395039,37.0,52.0
2024-10-29,10,2024,West Johnston Co.,Johnston,35.59095,-78.4622,35.0,56.0
2024-10-30,10,2024,Bryson City,Swain,35.434767,-83.442133,35.0,33.0
2024-10-30,10,2024,Castle Hayne,New Hanover,34.364167,-77.838611,40.0,27.0
2024-10-30,10,2024,Clemmons Middle,Forsyth,36.026612,-80.341962,41.0,52.0
2024-10-30,10,2024,Durham Armory,Durham,36.0329550008979,-78.904037,34.0,48.0
2024-10-30,10,2024,Frying Pan Mountain,Haywood,35.379167,-82.7925,33.0,7.0
2024-10-30,10,2024,Garinger High School,Mecklenburg,35.2401000008895,-80.785683,37.0,55.0
2024-10-30,10,2024,Hattie Avenue,Forsyth,36.11094,-80.224501,39.0,56.0
2024-10-30,10,2024,Leggett,Edgecombe,35.988278,-77.5843,31.0,37.0
2024-10-30,10,2024,Mendenhall School,Guilford,36.1090060008986,-79.802314,38.0,52.0
2024-10-30,10,2024,Millbrook School,Wake,35.856111,-78.574167,33.0,53.5
2024-10-30,10,2024,Old High School,Swain,35.498711,-83.310242,41.0,27.0
2024-10-30,10,2024,Pitt Agri. Center,Pitt,35.6412760008938,-77.360126,31.0,40.0
2024-10-30,10,2024,Rockwell,Rowan,35.551868,-80.395039,37.0,41.0
2024-10-30,10,2024,West Johnston Co.,Johnston,35.59095,-78.4622,37.0,53.0
2024-10-31,10,2024,Bryson City,Swain,35.434767,-83.442133,36.0,28.0
2024-10-31,10,2024,Castle Hayne,New Hanover,34.364167,-77.838611,36.0,17.5
2024-10-31,10,2024,Clemmons Middle,Forsyth,36.026612,-80.341962,,46.0
2024-10-31,10,2024,Durham Armory,Durham,36.0329550008979,-78.904037,33.0,42.0
2024-10-31,10,2024,Frying Pan Mountain,Haywood,35.379167,-82.7925,38.0,
2024-10-31,10,2024,Garinger High School,Mecklenburg,35.2401000008895,-80.785683,35.0,47.0
2024-10-31,10,2024,Hattie Avenue,Forsyth,36.11094,-80.224501,,49.0
2024-10-31,10,2024,Leggett,Edgecombe,35.988278,-77.5843,34.0,32.0
2024-10-31,10,2024,Mendenhall School,Guilford,36.1090060008986,-79.802314,38.0,49.0
2024-10-31,10,2024,Millbrook School,Wake,35.856111,-78.574167,34.0,38.0
2024-10-31,10,2024,Pitt Agri. Center,Pitt,35.6412760008938,-77.360126,34.0,19.0
2024-10-31,10,2024,Rockwell,Rowan,35.551868,-80.395039,37.0,40.0
2024-10-31,10,2024,West Johnston Co.,Johnston,35.59095,-78.4622,37.0,31.0
2024-11-01,11,2024,Bryson City,Swain,35.434767,-83.442133,,29.0
2024-11-01,11,2024,Castle Hayne,New Hanover,34.364167,-77.838611,,16.0
2024-11-01,11,2024,Clemmons Middle,Forsyth,36.026612,-80.341962,,44.0
2024-11-01,11,2024,Durham Armory,Durham,36.0329550008979,-78.904037,,26.0
2024-11-01,11,2024,Frying Pan Mountain,Haywood,35.379167,-82.7925,33.0,
2024-11-01,11,2024,Garinger High School,Mecklenburg,35.2401000008895,-80.785683,27.0,48.0
2024-11-01,11,2024,Hattie Avenue,Forsyth,36.11094,-80.224501,,50.0
2024-11-01,11,2024,Leggett,Edgecombe,35.988278,-77.5843,,34.0
2024-11-01,11,2024,Mendenhall School,Guilford,36.1090060008986,-79.802314,,42.0
2024-11-01,11,2024,Millbrook School,Wake,35.856111,-78.574167,31.0,36.0
2024-11-01,11,2024,Pitt Agri. Center,Pitt,35.6412760008938,-77.360126,34.0,21.0
2024-11-01,11,2024,Rockwell,Rowan,35.551868,-80.395039,27.0,47.0
2024-11-01,11,2024,West Johnston Co.,Johnston,35.59095,-78.4622,,38.0
2024-11-02,11,2024,Bryson City,Swain,35.434767,-83.442133,,24.0
2024-11-02,11,2024,Castle Hayne,New Hanover,34.364167,-77.838611,,38.0
2024-11-02,11,2024,Clemmons Middle,Forsyth,36.026612,-80.341962,,35.5
2024-11-02,11,2024,Durham Armory,Durham,36.0329550008979,-78.904037,,37.0
2024-11-02,11,2024,Frying Pan Mountain,Haywood,35.379167,-82.7925,30.0,15.0
2024-11-02,11,2024,Garinger High School,Mecklenburg,35.2401000008895,-80.785683,31.0,52.5
2024-11-02,11,2024,Hattie Avenue,Forsyth,36.11094,-80.224501,,37.5
2024-11-02,11,2024,Leggett,Edgecombe,35.988278,-77.5843,,35.0
2024-11-02,11,2024,Mendenhall School,Guilford,36.1090060008986,-79.802314,,37.0
2024-11-02,11,2024,Millbrook School,Wake,35.856111,-78.574167,34.0,43.0
2024-11-02,11,2024,Old High School,Swain,35.498711,-83.310242,,32.5
2024-11-02,11,2024,Pitt Agri. Center,Pitt,35.6412760008938,-77.360126,31.0,29.0
2024-11-02,11,2024,Rockwell,Rowan,35.551868,-80.395039,33.0,40.0
2024-11-02,11,2024,West Johnston Co.,Johnston,35.59095,-78.4622,,53.0
2024-11-03,11,2024,Bryson City,Swain,35.434767,-83.442133,,38.0
2024-11-03,11,2024,Castle Hayne,New Hanover,34.364167,-77.838611,,24.5
2024-11-03,11,2024,Clemmons Middle,Forsyth,36.026612,-80.341962,,37.0
2024-11-03,11,2024,Durham Armory,Durham,36.0329550008979,-78.904037,,44.0
2024-11-03,11,2024,Frying Pan Mountain,Haywood,35.379167,-82.7925,38.0,
2024-11-03,11,2024,Garinger High School,Mecklenburg,35.2401000008895,-80.785683,36.0,52.0
2024-11-03,11,2024,Hattie Avenue,Forsyth,36.11094,-80.224501,,37.0
2024-11-03,11,2024,Leggett,Edgecombe,35.988278,-77.5843,,38.0
2024-11-03,11,2024,Mendenhall School,Guilford,36.1090060008986,-79.802314,,44.0
2024-11-03,11,2024,Millbrook School,Wake,35.856111,-78.574167,37.0,37.0
2024-11-03,11,2024,Pitt Agri. Center,Pitt,35.6412760008938,-77.360126,36.0,22.0
2024-11-03,11,2024,Rockwell,Rowan,35.551868,-80.395039,37.0,45.0
2024-11-03,11,2024,West Johnston Co.,Johnston,35.59095,-78.4622,,37.0
2024-11-04,11,2024,Bryson City,Swain,35.434767,-83.442133,,23.0
2024-11-04,11,2024,Castle Hayne,New Hanover,34.364167,-77.838611,,25.0
2024-11-04,11,2024,Clemmons Middle,Forsyth,36.026612,-80.341962,,33.0
2024-11-04,11,2024,Durham Armory,Durham,36.0329550008979,-78.904037,,28.0
2024-11-04,11,2024,Frying Pan Mountain,Haywood,35.379167,-82.7925,35.0,
2024-11-04,11,2024,Garinger High School,Mecklenburg,35.2401000008895,-80.785683,30.0,37.0
2024-11-04,11,2024,Hattie Avenue,Forsyth,36.11094,-80.224501,,33.0
2024-11-04,11,2024,Leggett,Edgecombe,35.988278,-77.5843,,28.0
2024-11-04,11,2024,Mendenhall School,Guilford,36.1090060008986,-79.802314,,37.0
2024-11-04,11,2024,Millbrook School,Wake,35.856111,-78.574167,31.0,34.0
2024-11-04,11,2024,Pitt Agri. Center,Pitt,35.6412760008938,-77.360126,,23.0
2024-11-04,11,2024,Rockwell,Rowan,35.551868,-80.395039,30.0,38.0
2024-11-04,11,2024,West Johnston Co.,Johnston,35.59095,-78.4622,,26.0
2024-11-05,11,2024,Bryson City,Swain,35.434767,-83.442133,,22.0
2024-11-05,11,2024,Castle Hayne,New Hanover,34.364167,-77.838611,,27.0
2024-11-05,11,2024,Clemmons Middle,Forsyth,36.026612,-80.341962,,41.0
2024-11-05,11,2024,Durham Armory,Durham,36.0329550008979,-78.904037,,41.0
2024-11-05,11,2024,Frying Pan Mountain,Haywood,35.379167,-82.7925,29.0,1.0
2024-11-05,11,2024,Garinger High School,Mecklenburg,35.2401000008895,-80.785683,20.0,44.0
2024-11-05,11,2024,Hattie Avenue,Forsyth,36.11094,-80.224501,,43.5
2024-11-05,11,2024,Leggett,Edgecombe,35.988278,-77.5843,,26.0
2024-11-05,11,2024,Mendenhall School,Guilford,36.1090060008986,-79.802314,,47.0
2024-11-05,11,2024,Millbrook School,Wake,35.856111,-78.574167,31.0,40.5
2024-11-05,11,2024,Old High School,Swain,35.498711,-83.310242,,18.0
2024-11-05,11,2024,Pitt Agri. Center,Pitt,35.6412760008938,-77.360126,,17.0
2024-11-05,11,2024,Rockwell,Rowan,35.551868,-80.395039,31.0,52.0
2024-11-05,11,2024,West Johnston Co.,Johnston,35.59095,-78.4622,,31.0
2024-11-06,11,2024,Bryson City,Swain,35.434767,-83.442133,,23.0
2024-11-06,11,2024,Castle Hayne,New Hanover,34.364167,-77.838611,,28.0
2024-11-06,11,2024,Clemmons Middle,Forsyth,36.026612,-80.341962,,44.0
2024-11-06,11,2024,Durham Armory,Durham,36.0329550008979,-78.904037,,37.0
2024-11-06,11,2024,Frying Pan Mountain,Haywood,35.379167,-82.7925,28.0,
2024-11-06,11,2024,Garinger High School,Mecklenburg,35.2401000008895,-80.785683,23.0,31.0
2024-11-06,11,2024,Hattie Avenue,Forsyth,36.11094,-80.224501,,46.0
2024-11-06,11,2024,Leggett,Edgecombe,35.988278,-77.5843,,35.0
2024-11-06,11,2024,Mendenhall School,Guilford,36.1090060008986,-79.802314,,47.0
2024-11-06,11,2024,Millbrook School,Wake,35.856111,-78.574167,29.0,45.0
2024-11-06,11,2024,Pitt Agri. Center,Pitt,35.6412760008938,-77.360126,,32.0
2024-11-06,11,2024,Rockwell,Rowan,35.551868,-80.395039,28.0,37.0
2024-11-06,11,2024,West Johnston Co.,Johnston,35.59095,-78.4622,,51.0
2024-11-07,11,2024,Bryson City,Swain,35.434767,-83.442133,,24.0
2024-11-07,11,2024,Castle Hayne,New Hanover,34.364167,-77.838611,,32.0
2024-11-07,11,2024,Clemmons Middle,Forsyth,36.026612,-80.341962,,29.0
2024-11-07,11,2024,Durham Armory,Durham,36.0329550008979,-78.904037,,52.0
2024-11-07,11,2024,Frying Pan Mountain,Haywood,35.379167,-82.7925,31.0,
2024-11-07,11,2024,Garinger High School,Mecklenburg,35.2401000008895,-80.785683,24.0,24.0
2024-11-07,11,2024,Hattie Avenue,Forsyth,36.11094,-80.224501,,32.0
2024-11-07,11,2024,Leggett,Edgecombe,35.988278,-77.5843,,44.0
2024-11-07,11,2024,Mendenhall School,Guilford,36.1090060008986,-79.802314,,33.0
2024-11-07,11,2024,Millbrook School,Wake,35.856111,-78.574167,25.0,48.0
2024-11-07,11,2024,Pitt Agri. Center,Pitt,35.6412760008938,-77.360126,,40.0
2024-11-07,11,2024,Rockwell,Rowan,35.551868,-80.395039,28.0,29.0
2024-11-07,11,2024,West Johnston Co.,Johnston,35.59095,-78.4622,,52.0
2024-11-08,11,2024,Bryson City,Swain,35.434767,-83.442133,,22.0
2024-11-08,11,2024,Castle Hayne,New Hanover,34.364167,-77.838611,,37.0
2024-11-08,11,2024,Clemmons Middle,Forsyth,36.026612,-80.341962,,39.5
2024-11-08,11,2024,Durham Armory,Durham,36.0329550008979,-78.904037,,56.0
2024-11-08,11,2024,Frying Pan Mountain,Haywood,35.379167,-82.7925,33.0,18.0
2024-11-08,11,2024,Garinger High School,Mecklenburg,35.2401000008895,-80.785683,27.0,43.0
2024-11-08,11,2024,Hattie Avenue,Forsyth,36.11094,-80.224501,,47.0
2024-11-08,11,2024,Leggett,Edgecombe,35.988278,-77.5843,,57.0
2024-11-08,11,2024,Linville Falls,Avery,35.972347,-81.933072,,27.0
2024-11-08,11,2024,Mendenhall School,Guilford,36.1090060008986,-79.802314,,45.0
2024-11-08,11,2024,Millbrook School,Wake,35.856111,-78.574167,27.0,58.0
2024-11-08,11,2024,Old High School,Swain,35.498711,-83.310242,,26.0
2024-11-08,11,2024,Pitt Agri. Center,Pitt,35.6412760008938,-77.360126,,55.0
2024-11-08,11,2024,Rockwell,Rowan,35.551868,-80.395039,27.0,49.0
2024-11-08,11,2024,West Johnston Co.,Johnston,35.59095,-78.4622,,56.0
2024-11-09,11,2024,Bryson City,Swain,35.434767,-83.442133,,33.0
2024-11-09,11,2024,Castle Hayne,New Hanover,34.364167,-77.838611,,36.0
2024-11-09,11,2024,Clemmons Middle,Forsyth,36.026612,-80.341962,,33.0
2024-11-09,11,2024,Durham Armory,Durham,36.0329550008979,-78.904037,,42.0
2024-11-09,11,2024,Frying Pan Mountain,Haywood,35.379167,-82.7925,36.0,
2024-11-09,11,2024,Garinger High School,Mecklenburg,35.2401000008895,-80.785683,37.0,31.0
2024-11-09,11,2024,Hattie Avenue,Forsyth,36.11094,-80.224501,,26.0
2024-11-09,11,2024,Leggett,Edgecombe,35.988278,-77.5843,,26.0
2024-11-09,11,2024,Mendenhall School,Guilford,36.1090060008986,-79.802314,,36.0
2024-11-09,11,2024,Millbrook School,Wake,35.856111,-78.574167,34.0,35.0
2024-11-09,11,2024,Pitt Agri. Center,Pitt,35.6412760008938,-77.360126,,22.0
2024-11-09,11,2024,Rockwell,Rowan,35.551868,-80.395039,37.0,44.0
2024-11-09,11,2024,West Johnston Co.,Johnston,35.59095,-78.4622,,33.0
2024-11-10,11,2024,Bryson City,Swain,35.434767,-83.442133,,39.0
2024-11-10,11,2024,Castle Hayne,New Hanover,34.364167,-77.838611,,18.5
2024-11-10,11,2024,Clemmons Middle,Forsyth,36.026612,-80.341962,,44.0
2024-11-10,11,2024,Durham Armory,Durham,36.0329550008979,-78.904037,,46.0
2024-11-10,11,2024,Frying Pan Mountain,Haywood,35.379167,-82.7925,35.0,
2024-11-10,11,2024,Garinger High School,Mecklenburg,35.2401000008895,-80.785683,23.0,47.0
2024-11-10,11,2024,Hattie Avenue,Forsyth,36.11094,-80.224501,,36.0
2024-11-10,11,2024,Leggett,Edgecombe,35.988278,-77.5843,,31.0
2024-11-10,11,2024,Mendenhall School,Guilford,36.1090060008986,-79.802314,,46.0
2024-11-10,11,2024,Millbrook School,Wake,35.856111,-78.574167,26.0,47.0
2024-11-10,11,2024,Pitt Agri. Center,Pitt,35.6412760008938,-77.360126,,21.0
2024-11-10,11,2024,Rockwell,Rowan,35.551868,-80.395039,24.0,52.0
2024-11-10,11,2024,West Johnston Co.,Johnston,35.59095,-78.4622,,44.0
2024-11-11,11,2024,Bryson City,Swain,35.434767,-83.442133,,24.0
2024-11-11,11,2024,Castle Hayne,New Hanover,34.364167,-77.838611,,22.0
2024-11-11,11,2024,Clemmons Middle,Forsyth,36.026612,-80.341962,,46.0
2024-11-11,11,2024,Durham Armory,Durham,36.0329550008979,-78.904037,,42.0
2024-11-11,11,2024,Frying Pan Mountain,Haywood,35.379167,-82.7925,39.0,10.0
2024-11-11,11,2024,Garinger High School,Mecklenburg,35.2401000008895,-80.785683,14.0,44.5
2024-11-11,11,2024,Hattie Avenue,Forsyth,36.11094,-80.224501,,34.0
2024-11-11,11,2024,Leggett,Edgecombe,35.988278,-77.5843,,29.0
2024-11-11,11,2024,Linville Falls,Avery,35.972347,-81.933072,,13.0
2024-11-11,11,2024,Mendenhall School,Guilford,36.1090060008986,-79.802314,,47.0
2024-11-11,11,2024,Millbrook School,Wake,35.856111,-78.574167,19.0,48.0
2024-11-11,11,2024,Old High School,Swain,35.498711,-83.310242,,27.0
2024-11-11,11,2024,Pitt Agri. Center,Pitt,35.6412760008938,-77.360126,,26.0
2024-11-11,11,2024,Rockwell,Rowan,35.551868,-80.395039,18.0,46.0
2024-11-11,11,2024,West Johnston Co.,Johnston,35.59095,-78.4622,,40.0
2024-11-12,11,2024,Bryson City,Swain,35.434767,-83.442133,,24.0
2024-11-12,11,2024,Castle Hayne,New Hanover,34.364167,-77.838611,,39.5
2024-11-12,11,2024,Clemmons Middle,Forsyth,36.026612,-80.341962,,25.0
2024-11-12,11,2024,Durham Armory,Durham,36.0329550008979,-78.904037,,20.0
2024-11-12,11,2024,Frying Pan Mountain,Haywood,35.379167,-82.7925,44.0,
2024-11-12,11,2024,Garinger High School,Mecklenburg,35.2401000008895,-80.785683,35.0,34.0
2024-11-12,11,2024,Hattie Avenue,Forsyth,36.11094,-80.224501,,24.0
2024-11-12,11,2024,Leggett,Edgecombe,35.988278,-77.5843,,22.0
2024-11-12,11,2024,Mendenhall School,Guilford,36.1090060008986,-79.802314,,24.0
2024-11-12,11,2024,Millbrook School,Wake,35.856111,-78.574167,33.0,27.0
2024-11-12,11,2024,Pitt Agri. Center,Pitt,35.6412760008938,-77.360126,,25.0
2024-11-12,11,2024,Rockwell,Rowan,35.551868,-80.395039,35.0,26.0
2024-11-12,11,2024,West Johnston Co.,Johnston,35.59095,-78.4622,,29.0
2024-11-13,11,2024,Bryson City,Swain,35.434767,-83.442133,,16.0
2024-11-13,11,2024,Castle Hayne,New Hanover,34.364167,-77.838611,,28.5
2024-11-13,11,2024,Clemmons Middle,Forsyth,36.026612,-80.341962,,16.0
2024-11-13,11,2024,Durham Armory,Durham,36.0329550008979,-78.904037,,19.0
2024-11-13,11,2024,Frying Pan Mountain,Haywood,35.379167,-82.7925,31.0,
2024-11-13,11,2024,Garinger High School,Mecklenburg,35.2401000008895,-80.785683,31.0,27.0
2024-11-13,11,2024,Hattie Avenue,Forsyth,36.11094,-80.224501,,13.0
2024-11-13,11,2024,Leggett,Edgecombe,35.988278,-77.5843,,27.0
2024-11-13,11,2024,Mendenhall School,Guilford,36.1090060008986,-79.802314,,18.0
2024-11-13,11,2024,Millbrook School,Wake,35.856111,-78.574167,31.0,23.0
2024-11-13,11,2024,Pitt Agri. Center,Pitt,35.6412760008938,-77.360126,,11.0
2024-11-13,11,2024,Rockwell,Rowan,35.551868,-80.395039,31.0,17.0
2024-11-13,11,2024,West Johnston Co.,Johnston,35.59095,-78.4622,,19.0
2024-11-14,11,2024,Bryson City,Swain,35.434767,-83.442133,,20.0
2024-11-14,11,2024,Castle Hayne,New Hanover,34.364167,-77.838611,,19.5
2024-11-14,11,2024,Clemmons Middle,Forsyth,36.026612,-80.341962,,25.0
2024-11-14,11,2024,Durham Armory,Durham,36.0329550008979,-78.904037,,33.0
2024-11-14,11,2024,Frying Pan Mountain,Haywood,35.379167,-82.7925,33.0,5.0
2024-11-14,11,2024,Garinger High School,Mecklenburg,35.2401000008895,-80.785683,19.0,22.5
2024-11-14,11,2024,Hattie Avenue,Forsyth,36.11094,-80.224501,,20.5
2024-11-14,11,2024,Leggett,Edgecombe,35.988278,-77.5843,,21.0
2024-11-14,11,2024,Linville Falls,Avery,35.972347,-81.933072,,12.0
2024-11-14,11,2024,Mendenhall School,Guilford,36.1090060008986,-79.802314,,27.0
2024-11-14,11,2024,Millbrook School,Wake,35.856111,-78.574167,24.0,27.5
2024-11-14,11,2024,Old High School,Swain,35.498711,-83.310242,,17.0
2024-11-14,11,2024,Pitt Agri. Center,Pitt,35.6412760008938,-77.360126,,15.0
2024-11-14,11,2024,Rockwell,Rowan,35.551868,-80.395039,21.0,23.0
2024-11-14,11,2024,West Johnston Co.,Johnston,35.59095,-78.4622,,29.0
2024-11-15,11,2024,Bryson City,Swain,35.434767,-83.442133,,14.0
2024-11-15,11,2024,Castle Hayne,New Hanover,34.364167,-77.838611,,17.0
2024-11-15,11,2024,Clemmons Middle,Forsyth,36.026612,-80.341962,,20.0
2024-11-15,11,2024,Durham Armory,Durham,36.0329550008979,-78.904037,,21.0
2024-11-15,11,2024,Frying Pan Mountain,Haywood,35.379167,-82.7925,42.0,
2024-11-15,11,2024,Garinger High School,Mecklenburg,35.2401000008895,-80.785683,24.0,23.0
2024-11-15,11,2024,Hattie Avenue,Forsyth,36.11094,-80.224501,,16.0
2024-11-15,11,2024,Leggett,Edgecombe,35.988278,-77.5843,,7.0
2024-11-15,11,2024,Mendenhall School,Guilford,36.1090060008986,-79.802314,,13.0
2024-11-15,11,2024,Millbrook School,Wake,35.856111,-78.574167,27.0,22.0
2024-11-15,11,2024,Pitt Agri. Center,Pitt,35.6412760008938,-77.360126,,4.0
2024-11-15,11,2024,Rockwell,Rowan,35.551868,-80.395039,28.0,11.0
2024-11-15,11,2024,West Johnston Co.,Johnston,35.59095,-78.4622,,10.0
2024-11-16,11,2024,Bryson City,Swain,35.434767,-83.442133,,12.0
2024-11-16,11,2024,Castle Hayne,New Hanover,34.364167,-77.838611,,28.5
2024-11-16,11,2024,Clemmons Middle,Forsyth,36.026612,-80.341962,,25.0
2024-11-16,11,2024,Durham Armory,Durham,36.0329550008979,-78.904037,,19.0
2024-11-16,11,2024,Frying Pan Mountain,Haywood,35.379167,-82.7925,61.0,
2024-11-16,11,2024,Garinger High School,Mecklenburg,35.2401000008895,-80.785683,27.0,52.0
2024-11-16,11,2024,Hattie Avenue,Forsyth,36.11094,-80.224501,,28.0
2024-11-16,11,2024,Leggett,Edgecombe,35.988278,-77.5843,,13.0
2024-11-16,11,2024,Mendenhall School,Guilford,36.1090060008986,-79.802314,,37.0
2024-11-16,11,2024,Millbrook School,Wake,35.856111,-78.574167,28.0,25.0
2024-11-16,11,2024,Pitt Agri. Center,Pitt,35.6412760008938,-77.360126,,15.0
2024-11-16,11,2024,Rockwell,Rowan,35.551868,-80.395039,31.0,31.0
2024-11-16,11,2024,West Johnston Co.,Johnston,35.59095,-78.4622,,38.0
2024-11-17,11,2024,Bryson City,Swain,35.434767,-83.442133,,23.0
2024-11-17,11,2024,Castle Hayne,New Hanover,34.364167,-77.838611,,39.5
2024-11-17,11,2024,Clemmons Middle,Forsyth,36.026612,-80.341962,,56.0
2024-11-17,11,2024,Durham Armory,Durham,36.0329550008979,-78.904037,,51.0
2024-11-17,11,2024,Frying Pan Mountain,Haywood,35.379167,-82.7925,48.0,6.0
2024-11-17,11,2024,Garinger High School,Mecklenburg,35.2401000008895,-80.785683,33.0,66.0
2024-11-17,11,2024,Hattie Avenue,Forsyth,36.11094,-80.224501,,47.5
2024-11-17,11,2024,Leggett,Edgecombe,35.988278,-77.5843,,27.0
2024-11-17,11,2024,Linville Falls,Avery,35.972347,-81.933072,,19.0
2024-11-17,11,2024,Mendenhall School,Guilford,36.1090060008986,-79.802314,,53.0
2024-11-17,11,2024,Millbrook School,Wake,35.856111,-78.574167,31.0,54.5
2024-11-17,11,2024,Old High School,Swain,35.498711,-83.310242,,17.0
2024-11-17,11,2024,Pitt Agri. Center,Pitt,35.6412760008938,-77.360126,,27.0
2024-11-17,11,2024,Rockwell,Rowan,35.551868,-80.395039,36.0,61.0
2024-11-17,11,2024,West Johnston Co.,Johnston,35.59095,-78.4622,,46.0
2024-11-18,11,2024,Bryson City,Swain,35.434767,-83.442133,,51.0
2024-11-18,11,2024,Clemmons Middle,Forsyth,36.026612,-80.341962,,58.0
2024-11-18,11,2024,Durham Armory,Durham,36.0329550008979,-78.904037,,54.0
2024-11-18,11,2024,Frying Pan Mountain,Haywood,35.379167,-82.7925,45.0,
2024-11-18,11,2024,Garinger High School,Mecklenburg,35.2401000008895,-80.785683,33.0,63.0
2024-11-18,11,2024,Hattie Avenue,Forsyth,36.11094,-80.224501,,55.0
2024-11-18,11,2024,Mendenhall School,Guilford,36.1090060008986,-79.802314,,59.0
2024-11-18,11,2024,Millbrook School,Wake,35.856111,-78.574167,32.0,56.0
2024-11-18,11,2024,Pitt Agri. Center,Pitt,35.6412760008938,-77.360126,,47.0
2024-11-18,11,2024,Rockwell,Rowan,35.551868,-80.395039,33.0,71.0
2024-11-18,11,2024,West Johnston Co.,Johnston,35.59095,-78.4622,,50.0
2024-11-19,11,2024,Bryson City,Swain,35.434767,-83.442133,,60.0
2024-11-19,11,2024,Castle Hayne,New Hanover,34.364167,-77.838611,,60.5
2024-11-19,11,2024,Clemmons Middle,Forsyth,36.026612,-80.341962,,56.0
2024-11-19,11,2024,Durham Armory,Durham,36.0329550008979,-78.904037,,60.0
2024-11-19,11,2024,Frying Pan Mountain,Haywood,35.379167,-82.7925,40.0,
2024-11-19,11,2024,Garinger High School,Mecklenburg,35.2401000008895,-80.785683,27.0,59.0
2024-11-19,11,2024,Hattie Avenue,Forsyth,36.11094,-80.224501,,55.0
2024-11-19,11,2024,Mendenhall School,Guilford,36.1090060008986,-79.802314,,58.0
2024-11-19,11,2024,Millbrook School,Wake,35.856111,-78.574167,29.0,66.0
2024-11-19,11,2024,Pitt Agri. Center,Pitt,35.6412760008938,-77.360126,,60.0
2024-11-19,11,2024,Rockwell,Rowan,35.551868,-80.395039,31.0,59.0
2024-11-19,11,2024,West Johnston Co.,Johnston,35.59095,-78.4622,,67.0
2024-11-20,11,2024,Bryson City,Swain,35.434767,-83.442133,,31.0
2024-11-20,11,2024,Castle Hayne,New Hanover,34.364167,-77.838611,,39.0
2024-11-20,11,2024,Clemmons Middle,Forsyth,36.026612,-80.341962,,42.0
2024-11-20,11,2024,Durham Armory,Durham,36.0329550008979,-78.904037,,53.0
2024-11-20,11,2024,Frying Pan Mountain,Haywood,35.379167,-82.7925,34.0,
2024-11-20,11,2024,Garinger High School,Mecklenburg,35.2401000008895,-80.785683,23.0,35.0
2024-11-20,11,2024,Hattie Avenue,Forsyth,36.11094,-80.224501,,34.5
2024-11-20,11,2024,Leggett,Edgecombe,35.988278,-77.5843,,48.0
2024-11-20,11,2024,Mendenhall School,Guilford,36.1090060008986,-79.802314,,43.0
2024-11-20,11,2024,Millbrook School,Wake,35.856111,-78.574167,31.0,50.0
2024-11-20,11,2024,Old High School,Swain,35.498711,-83.310242,,21.0
2024-11-20,11,2024,Pitt Agri. Center,Pitt,35.6412760008938,-77.360126,,49.0
2024-11-20,11,2024,Rockwell,Rowan,35.551868,-80.395039,29.0,32.0
2024-11-20,11,2024,West Johnston Co.,Johnston,35.59095,-78.4622,,52.0
2024-11-21,11,2024,Bryson City,Swain,35.434767,-83.442133,,6.0
2024-11-21,11,2024,Castle Hayne,New Hanover,34.364167,-77.838611,,19.0
2024-11-21,11,2024,Clemmons Middle,Forsyth,36.026612,-80.341962,,12.0
2024-11-21,11,2024,Frying Pan Mountain,Haywood,35.379167,-82.7925,35.0,
2024-11-21,11,2024,Garinger High School,Mecklenburg,35.2401000008895,-80.785683,31.0,12.0
2024-11-21,11,2024,Hattie Avenue,Forsyth,36.11094,-80.224501,,10.0
2024-11-21,11,2024,Leggett,Edgecombe,35.988278,-77.5843,,9.0
2024-11-21,11,2024,Mendenhall School,Guilford,36.1090060008986,-79.802314,,12.0
2024-11-21,11,2024,Millbrook School,Wake,35.856111,-78.574167,33.0,12.0
2024-11-21,11,2024,Pitt Agri. Center,Pitt,35.6412760008938,-77.360126,,0.0
2024-11-21,11,2024,Rockwell,Rowan,35.551868,-80.395039,32.0,8.0
2024-11-21,11,2024,West Johnston Co.,Johnston,35.59095,-78.4622,,6.0
2024-11-22,11,2024,Bryson City,Swain,35.434767,-83.442133,,8.0
2024-11-22,11,2024,Castle Hayne,New Hanover,34.364167,-77.838611,,25.0
2024-11-22,11,2024,Clemmons Middle,Forsyth,36.026612,-80.341962,,11.0
2024-11-22,11,2024,Durham Armory,Durham,36.0329550008979,-78.904037,,17.0
2024-11-22,11,2024,Frying Pan Mountain,Haywood,35.379167,-82.7925,25.0,
2024-11-22,11,2024,Garinger High School,Mecklenburg,35.2401000008895,-80.785683,18.0,9.0
2024-11-22,11,2024,Hattie Avenue,Forsyth,36.11094,-80.224501,,12.0
2024-11-22,11,2024,Leggett,Edgecombe,35.988278,-77.5843,,11.0
2024-11-22,11,2024,Mendenhall School,Guilford,36.1090060008986,-79.802314,,5.0
2024-11-22,11,2024,Millbrook School,Wake,35.856111,-78.574167,18.0,10.0
2024-11-22,11,2024,Pitt Agri. Center,Pitt,35.6412760008938,-77.360126,,0.0
2024-11-22,11,2024,Rockwell,Rowan,35.551868,-80.395039,19.0,3.0
2024-11-22,11,2024,West Johnston Co.,Johnston,35.59095,-78.4622,,1.0
2024-11-23,11,2024,Bryson City,Swain,35.434767,-83.442133,,7.0
2024-11-23,11,2024,Castle Hayne,New Hanover,34.364167,-77.838611,,19.5
2024-11-23,11,2024,Clemmons Middle,Forsyth,36.026612,-80.341962,,7.0
2024-11-23,11,2024,Durham Armory,Durham,36.0329550008979,-78.904037,,18.0
2024-11-23,11,2024,Frying Pan Mountain,Haywood,35.379167,-82.7925,44.0,2.0
2024-11-23,11,2024,Garinger High School,Mecklenburg,35.2401000008895,-80.785683,23.0,43.0
2024-11-23,11,2024,Hattie Avenue,Forsyth,36.11094,-80.224501,,7.5
2024-11-23,11,2024,Leggett,Edgecombe,35.988278,-77.5843,,6.0
2024-11-23,11,2024,Mendenhall School,Guilford,36.1090060008986,-79.802314,,9.0
2024-11-23,11,2024,Millbrook School,Wake,35.856111,-78.574167,20.0,11.5
2024-11-23,11,2024,Old High School,Swain,35.498711,-83.310242,,11.0
2024-11-23,11,2024,Pitt Agri. Center,Pitt,35.6412760008938,-77.360126,,0.0
2024-11-23,11,2024,Rockwell,Rowan,35.551868,-80.395039,22.0,15.0
2024-11-23,11,2024,West Johnston Co.,Johnston,35.59095,-78.4622,,12.0
2024-11-24,11,2024,Bryson City,Swain,35.434767,-83.442133,,26.0
2024-11-24,11,2024,Castle Hayne,New Hanover,34.364167,-77.838611,,32.5
2024-11-24,11,2024,Clemmons Middle,Forsyth,36.026612,-80.341962,,29.0
2024-11-24,11,2024,Durham Armory,Durham,36.0329550008979,-78.904037,,42.0
2024-11-24,11,2024,Frying Pan Mountain,Haywood,35.379167,-82.7925,46.0,
2024-11-24,11,2024,Garinger High School,Mecklenburg,35.2401000008895,-80.785683,29.0,72.0
2024-11-24,11,2024,Hattie Avenue,Forsyth,36.11094,-80.224501,,44.0
2024-11-24,11,2024,Leggett,Edgecombe,35.988278,-77.5843,,20.0
2024-11-24,11,2024,Mendenhall School,Guilford,36.1090060008986,-79.802314,,46.0
2024-11-24,11,2024,Millbrook School,Wake,35.856111,-78.574167,24.0,36.0
2024-11-24,11,2024,Pitt Agri. Center,Pitt,35.6412760008938,-77.360126,,22.0
2024-11-24,11,2024,Rockwell,Rowan,35.551868,-80.395039,29.0,57.0
2024-11-24,11,2024,West Johnston Co.,Johnston,35.59095,-78.4622,,18.0
2024-11-25,11,2024,Bryson City,Swain,35.434767,-83.442133,,31.0
2024-11-25,11,2024,Castle Hayne,New Hanover,34.364167,-77.838611,,46.0
2024-11-25,11,2024,Clemmons Middle,Forsyth,36.026612,-80.341962,,50.0
2024-11-25,11,2024,Durham Armory,Durham,36.0329550008979,-78.904037,,56.0
2024-11-25,11,2024,Frying Pan Mountain,Haywood,35.379167,-82.7925,43.0,
2024-11-25,11,2024,Garinger High School,Mecklenburg,35.2401000008895,-80.785683,32.0,55.0
2024-11-25,11,2024,Hattie Avenue,Forsyth,36.11094,-80.224501,,55.0
2024-11-25,11,2024,Leggett,Edgecombe,35.988278,-77.5843,,44.0
2024-11-25,11,2024,Mendenhall School,Guilford,36.1090060008986,-79.802314,,64.0
2024-11-25,11,2024,Millbrook School,Wake,35.856111,-78.574167,27.0,64.0
2024-11-25,11,2024,Pitt Agri. Center,Pitt,35.6412760008938,-77.360126,,51.0
2024-11-25,11,2024,Rockwell,Rowan,35.551868,-80.395039,34.0,55.0
2024-11-25,11,2024,West Johnston Co.,Johnston,35.59095,-78.4622,,55.0
2024-11-26,11,2024,Bryson City,Swain,35.434767,-83.442133,,37.0
2024-11-26,11,2024,Castle Hayne,New Hanover,34.364167,-77.838611,,39.0
2024-11-26,11,2024,Clemmons Middle,Forsyth,36.026612,-80.341962,,44.0
2024-11-26,11,2024,Durham Armory,Durham,36.0329550008979,-78.904037,,55.0
2024-11-26,11,2024,Frying Pan Mountain,Haywood,35.379167,-82.7925,40.0,9.0
2024-11-26,11,2024,Garinger High School,Mecklenburg,35.2401000008895,-80.785683,27.0,37.0
2024-11-26,11,2024,Hattie Avenue,Forsyth,36.11094,-80.224501,,46.0
2024-11-26,11,2024,Leggett,Edgecombe,35.988278,-77.5843,,41.0
2024-11-26,11,2024,Mendenhall School,Guilford,36.1090060008986,-79.802314,,50.0
2024-11-26,11,2024,Millbrook School,Wake,35.856111,-78.574167,28.0,52.0
2024-11-26,11,2024,Old High School,Swain,35.498711,-83.310242,,23.0
2024-11-26,11,2024,Rockwell,Rowan,35.551868,-80.395039,31.0,26.0
2024-11-26,11,2024,West Johnston Co.,Johnston,35.59095,-78.4622,,52.0
2024-11-27,11,2024,Bryson City,Swain,35.434767,-83.442133,,30.0
2024-11-27,11,2024,Castle Hayne,New Hanover,34.364167,-77.838611,,42.0
2024-11-27,11,2024,Clemmons Middle,Forsyth,36.026612,-80.341962,,51.0
2024-11-27,11,2024,Durham Armory,Durham,36.0329550008979,-78.904037,,48.0
2024-11-27,11,2024,Garinger High School,Mecklenburg,35.2401000008895,-80.785683,26.0,52.0
2024-11-27,11,2024,Hattie Avenue,Forsyth,36.11094,-80.224501,,52.0
2024-11-27,11,2024,Leggett,Edgecombe,35.988278,-77.5843,,24.0
2024-11-27,11,2024,Mendenhall School,Guilford,36.1090060008986,-79.802314,,40.0
2024-11-27,11,2024,Millbrook School,Wake,35.856111,-78.574167,27.0,36.0
2024-11-27,11,2024,Rockwell,Rowan,35.551868,-80.395039,30.0,41.0
2024-11-27,11,2024,West Johnston Co.,Johnston,35.59095,-78.4622,,42.0
2024-11-28,11,2024,Bryson City,Swain,35.434767,-83.442133,,21.0
2024-11-28,11,2024,Castle Hayne,New Hanover,34.364167,-77.838611,,35.5
2024-11-28,11,2024,Clemmons Middle,Forsyth,36.026612,-80.341962,,48.0
2024-11-28,11,2024,Durham Armory,Durham,36.0329550008979,-78.904037,,53.0
2024-11-28,11,2024,Frying Pan Mountain,Haywood,35.379167,-82.7925,31.0,
2024-11-28,11,2024,Garinger High School,Mecklenburg,35.2401000008895,-80.785683,26.0,44.0
2024-11-28,11,2024,Hattie Avenue,Forsyth,36.11094,-80.224501,,52.0
2024-11-28,11,2024,Leggett,Edgecombe,35.988278,-77.5843,,30.0
2024-11-28,11,2024,Mendenhall School,Guilford,36.1090060008986,-79.802314,,37.0
2024-11-28,11,2024,Millbrook School,Wake,35.856111,-78.574167,28.0,41.0
2024-11-28,11,2024,Rockwell,Rowan,35.551868,-80.395039,31.0,34.0
2024-11-28,11,2024,West Johnston Co.,Johnston,35.59095,-78.4622,,36.0
2024-11-29,11,2024,Bryson City,Swain,35.434767,-83.442133,,22.0
2024-11-29,11,2024,Castle Hayne,New Hanover,34.364167,-77.838611,,30.5
2024-11-29,11,2024,Clemmons Middle,Forsyth,36.026612,-80.341962,,29.0
2024-11-29,11,2024,Durham Armory,Durham,36.0329550008979,-78.904037,,27.0
2024-11-29,11,2024,Frying Pan Mountain,Haywood,35.379167,-82.7925,34.0,13.0
2024-11-29,11,2024,Garinger High School,Mecklenburg,35.2401000008895,-80.785683,29.0,25.5
2024-11-29,11,2024,Hattie Avenue,Forsyth,36.11094,-80.224501,,32.0
2024-11-29,11,2024,Leggett,Edgecombe,35.988278,-77.5843,,15.0
2024-11-29,11,2024,Linville Falls,Avery,35.972347,-81.933072,,20.0
2024-11-29,11,2024,Mendenhall School,Guilford,36.1090060008986,-79.802314,,22.0
2024-11-29,11,2024,Millbrook School,Wake,35.856111,-78.574167,31.0,21.0
2024-11-29,11,2024,Rockwell,Rowan,35.551868,-80.395039,31.0,16.0
2024-11-29,11,2024,West Johnston Co.,Johnston,35.59095,-78.4622,,15.0
2024-11-30,11,2024,Bryson City,Swain,35.434767,-83.442133,,8.0
2024-11-30,11,2024,Castle Hayne,New Hanover,34.364167,-77.838611,,29.0
2024-11-30,11,2024,Clemmons Middle,Forsyth,36.026612,-80.341962,,27.0
2024-11-30,11,2024,Durham Armory,Durham,36.0329550008979,-78.904037,,35.0
2024-11-30,11,2024,Garinger High School,Mecklenburg,35.2401000008895,-80.785683,33.0,48.0
2024-11-30,11,2024,Hattie Avenue,Forsyth,36.11094,-80.224501,,27.0
2024-11-30,11,2024,Leggett,Edgecombe,35.988278,-77.5843,,19.0
2024-11-30,11,2024,Mendenhall School,Guilford,36.1090060008986,-79.802314,,28.0
2024-11-30,11,2024,Millbrook School,Wake,35.856111,-78.574167,34.0,37.0
2024-11-30,11,2024,Rockwell,Rowan,35.551868,-80.395039,36.0,29.0
2024-11-30,11,2024,West Johnston Co.,Johnston,35.59095,-78.4622,,17.0
2024-12-01,12,2024,Bryson City,Swain,35.434767,-83.442133,,22.0
2024-12-01,12,2024,Castle Hayne,New Hanover,34.364167,-77.838611,,38.0
2024-12-01,12,2024,Clemmons Middle,Forsyth,36.026612,-80.341962,,38.0
2024-12-01,12,2024,Durham Armory,Durham,36.0329550008979,-78.904037,,47.0
2024-12-01,12,2024,Garinger High School,Mecklenburg,35.2401000008895,-80.785683,30.0,63.0
2024-12-01,12,2024,Hattie Avenue,Forsyth,36.11094,-80.224501,,34.0
2024-12-01,12,2024,Leggett,Edgecombe,35.988278,-77.5843,,29.0
2024-12-01,12,2024,Mendenhall School,Guilford,36.1090060008986,-79.802314,,32.0
2024-12-01,12,2024,Millbrook School,Wake,35.856111,-78.574167,31.0,53.0
2024-12-01,12,2024,Rockwell,Rowan,35.551868,-80.395039,34.0,40.0
2024-12-01,12,2024,West Johnston Co.,Johnston,35.59095,-78.4622,,43.0
2024-12-02,12,2024,Bryson City,Swain,35.434767,-83.442133,,12.0
2024-12-02,12,2024,Castle Hayne,New Hanover,34.364167,-77.838611,,31.0
2024-12-02,12,2024,Clemmons Middle,Forsyth,36.026612,-80.341962,,24.0
2024-12-02,12,2024,Durham Armory,Durham,36.0329550008979,-78.904037,,31.0
2024-12-02,12,2024,Frying Pan Mountain,Haywood,35.379167,-82.7925,,12.0
2024-12-02,12,2024,Garinger High School,Mecklenburg,35.2401000008895,-80.785683,32.0,32.0
2024-12-02,12,2024,Hattie Avenue,Forsyth,36.11094,-80.224501,,33.0
2024-12-02,12,2024,Leggett,Edgecombe,35.988278,-77.5843,,17.0
2024-12-02,12,2024,Linville Falls,Avery,35.972347,-81.933072,,11.0
2024-12-02,12,2024,Mendenhall School,Guilford,36.1090060008986,-79.802314,,19.0
2024-12-02,12,2024,Millbrook School,Wake,35.856111,-78.574167,33.0,22.0
2024-12-02,12,2024,Old High School,Swain,35.498711,-83.310242,,13.0
2024-12-02,12,2024,Rockwell,Rowan,35.551868,-80.395039,35.0,15.0
2024-12-02,12,2024,West Johnston Co.,Johnston,35.59095,-78.4622,,11.0
2024-12-03,12,2024,Bryson City,Swain,35.434767,-83.442133,,19.0
2024-12-03,12,2024,Castle Hayne,New Hanover,34.364167,-77.838611,,36.0
2024-12-03,12,2024,Clemmons Middle,Forsyth,36.026612,-80.341962,,33.0
2024-12-03,12,2024,Durham Armory,Durham,36.0329550008979,-78.904037,,32.0
2024-12-03,12,2024,Garinger High School,Mecklenburg,35.2401000008895,-80.785683,26.0,29.0
2024-12-03,12,2024,Hattie Avenue,Forsyth,36.11094,-80.224501,,33.0
2024-12-03,12,2024,Leggett,Edgecombe,35.988278,-77.5843,,17.0
2024-12-03,12,2024,Mendenhall School,Guilford,36.1090060008986,-79.802314,,23.0
2024-12-03,12,2024,Millbrook School,Wake,35.856111,-78.574167,27.0,21.5
2024-12-03,12,2024,Rockwell,Rowan,35.551868,-80.395039,28.0,20.0
2024-12-03,12,2024,West Johnston Co.,Johnston,35.59095,-78.4622,,12.0
2024-12-04,12,2024,Bryson City,Swain,35.434767,-83.442133,,47.0
2024-12-04,12,2024,Castle Hayne,New Hanover,34.364167,-77.838611,,40.0
2024-12-04,12,2024,Clemmons Middle,Forsyth,36.026612,-80.341962,,53.0
2024-12-04,12,2024,Durham Armory,Durham,36.0329550008979,-78.904037,,51.0
2024-12-04,12,2024,Garinger High School,Mecklenburg,35.2401000008895,-80.785683,32.0,52.0
2024-12-04,12,2024,Hattie Avenue,Forsyth,36.11094,-80.224501,,55.0
2024-12-04,12,2024,Leggett,Edgecombe,35.988278,-77.5843,,42.0
2024-12-04,12,2024,Mendenhall School,Guilford,36.1090060008986,-79.802314,,52.0
2024-12-04,12,2024,Millbrook School,Wake,35.856111,-78.574167,31.0,52.0
2024-12-04,12,2024,Rockwell,Rowan,35.551868,-80.395039,33.0,53.0
2024-12-04,12,2024,West Johnston Co.,Johnston,35.59095,-78.4622,,35.0
2024-12-05,12,2024,Bryson City,Swain,35.434767,-83.442133,,37.0
2024-12-05,12,2024,Castle Hayne,New Hanover,34.364167,-77.838611,,50.5
2024-12-05,12,2024,Clemmons Middle,Forsyth,36.026612,-80.341962,,47.0
2024-12-05,12,2024,Durham Armory,Durham,36.0329550008979,-78.904037,,59.0
2024-12-05,12,2024,Garinger High School,Mecklenburg,35.2401000008895,-80.785683,35.0,47.5
2024-12-05,12,2024,Hattie Avenue,Forsyth,36.11094,-80.224501,,49.0
2024-12-05,12,2024,Leggett,Edgecombe,35.988278,-77.5843,,44.0
2024-12-05,12,2024,Linville Falls,Avery,35.972347,-81.933072,,16.0
2024-12-05,12,2024,Mendenhall School,Guilford,36.1090060008986,-79.802314,,46.0
2024-12-05,12,2024,Millbrook School,Wake,35.856111,-78.574167,34.0,51.5
2024-12-05,12,2024,Rockwell,Rowan,35.551868,-80.395039,37.0,32.0
2024-12-05,12,2024,West Johnston Co.,Johnston,35.59095,-78.4622,,42.0
2024-12-06,12,2024,Bryson City,Swain,35.434767,-83.442133,,21.0
2024-12-06,12,2024,Castle Hayne,New Hanover,34.364167,-77.838611,,36.0
2024-12-06,12,2024,Clemmons Middle,Forsyth,36.026612,-80.341962,,29.0
2024-12-06,12,2024,Durham Armory,Durham,36.0329550008979,-78.904037,,46.0
2024-12-06,12,2024,Garinger High School,Mecklenburg,35.2401000008895,-80.785683,30.0,38.0
2024-12-06,12,2024,Hattie Avenue,Forsyth,36.11094,-80.224501,,26.0
2024-12-06,12,2024,Leggett,Edgecombe,35.988278,-77.5843,,11.0
2024-12-06,12,2024,Mendenhall School,Guilford,36.1090060008986,-79.802314,,26.0
2024-12-06,12,2024,Millbrook School,Wake,35.856111,-78.574167,28.0,28.0
2024-12-06,12,2024,Rockwell,Rowan,35.551868,-80.395039,31.0,23.0
2024-12-06,12,2024,West Johnston Co.,Johnston,35.59095,-78.4622,,10.0
2024-12-07,12,2024,Bryson City,Swain,35.434767,-83.442133,,28.0
2024-12-07,12,2024,Castle Hayne,New Hanover,34.364167,-77.838611,,36.5
2024-12-07,12,2024,Clemmons Middle,Forsyth,36.026612,-80.341962,,50.0
2024-12-07,12,2024,Durham Armory,Durham,36.0329550008979,-78.904037,,42.0
2024-12-07,12,2024,Garinger High School,Mecklenburg,35.2401000008895,-80.785683,31.0,63.0
2024-12-07,12,2024,Hattie Avenue,Forsyth,36.11094,-80.224501,,52.0
2024-12-07,12,2024,Leggett,Edgecombe,35.988278,-77.5843,,24.0
2024-12-07,12,2024,Mendenhall School,Guilford,36.1090060008986,-79.802314,,46.0
2024-12-07,12,2024,Millbrook School,Wake,35.856111,-78.574167,31.0,56.0
2024-12-07,12,2024,Rockwell,Rowan,35.551868,-80.395039,31.0,59.0
2024-12-07,12,2024,West Johnston Co.,Johnston,35.59095,-78.4622,,32.0
2024-12-08,12,2024,Bryson City,Swain,35.434767,-83.442133,,33.0
2024-12-08,12,2024,Castle Hayne,New Hanover,34.364167,-77.838611,,41.5
2024-12-08,12,2024,Clemmons Middle,Forsyth,36.026612,-80.341962,,49.5
2024-12-08,12,2024,Durham Armory,Durham,36.0329550008979,-78.904037,,57.0
2024-12-08,12,2024,Frying Pan Mountain,Haywood,35.379167,-82.7925,,5.0
2024-12-08,12,2024,Garinger High School,Mecklenburg,35.2401000008895,-80.785683,34.0,52.5
2024-12-08,12,2024,Hattie Avenue,Forsyth,36.11094,-80.224501,,51.5
2024-12-08,12,2024,Leggett,Edgecombe,35.988278,-77.5843,,53.0
2024-12-08,12,2024,Linville Falls,Avery,35.972347,-81.933072,,6.0
2024-12-08,12,2024,Mendenhall School,Guilford,36.1090060008986,-79.802314,,52.0
2024-12-08,12,2024,Millbrook School,Wake,35.856111,-78.574167,35.0,54.0
2024-12-08,12,2024,Old High School,Swain,35.498711,-83.310242,,16.0
2024-12-08,12,2024,Rockwell,Rowan,35.551868,-80.395039,37.0,52.0
2024-12-08,12,2024,West Johnston Co.,Johnston,35.59095,-78.4622,,54.0
2024-12-09,12,2024,Bryson City,Swain,35.434767,-83.442133,,32.0
2024-12-09,12,2024,Castle Hayne,New Hanover,34.364167,-77.838611,,44.5
2024-12-09,12,2024,Clemmons Middle,Forsyth,36.026612,-80.341962,,57.0
2024-12-09,12,2024,Durham Armory,Durham,36.0329550008979,-78.904037,,56.0
2024-12-09,12,2024,Garinger High School,Mecklenburg,35.2401000008895,-80.785683,19.0,53.0
2024-12-09,12,2024,Hattie Avenue,Forsyth,36.11094,-80.224501,,57.0
2024-12-09,12,2024,Leggett,Edgecombe,35.988278,-77.5843,,47.0
2024-12-09,12,2024,Mendenhall School,Guilford,36.1090060008986,-79.802314,,56.0
2024-12-09,12,2024,Millbrook School,Wake,35.856111,-78.574167,27.0,49.0
2024-12-09,12,2024,Rockwell,Rowan,35.551868,-80.395039,23.0,56.0
2024-12-09,12,2024,West Johnston Co.,Johnston,35.59095,-78.4622,,58.0
2024-12-10,12,2024,Bryson City,Swain,35.434767,-83.442133,,23.0
2024-12-10,12,2024,Castle Hayne,New Hanover,34.364167,-77.838611,,24.5
2024-12-10,12,2024,Clemmons Middle,Forsyth,36.026612,-80.341962,,58.0
2024-12-10,12,2024,Durham Armory,Durham,36.0329550008979,-78.904037,,57.0
2024-12-10,12,2024,Garinger High School,Mecklenburg,35.2401000008895,-80.785683,27.0,45.0
2024-12-10,12,2024,Hattie Avenue,Forsyth,36.11094,-80.224501,,57.0
2024-12-10,12,2024,Leggett,Edgecombe,35.988278,-77.5843,,57.0
2024-12-10,12,2024,Mendenhall School,Guilford,36.1090060008986,-79.802314,,55.0
2024-12-10,12,2024,Millbrook School,Wake,35.856111,-78.574167,26.0,60.0
2024-12-10,12,2024,Pitt Agri. Center,Pitt,35.6412760008938,-77.360126,,52.0
2024-12-10,12,2024,Rockwell,Rowan,35.551868,-80.395039,28.0,51.0
2024-12-10,12,2024,West Johnston Co.,Johnston,35.59095,-78.4622,,57.0
2024-12-11,12,2024,Bryson City,Swain,35.434767,-83.442133,,10.0
2024-12-11,12,2024,Castle Hayne,New Hanover,34.364167,-77.838611,,24.5
2024-12-11,12,2024,Clemmons Middle,Forsyth,36.026612,-80.341962,,14.0
2024-12-11,12,2024,Durham Armory,Durham,36.0329550008979,-78.904037,,21.0
2024-12-11,12,2024,Frying Pan Mountain,Haywood,35.379167,-82.7925,,6.0
2024-12-11,12,2024,Garinger High School,Mecklenburg,35.2401000008895,-80.785683,26.0,17.5
2024-12-11,12,2024,Hattie Avenue,Forsyth,36.11094,-80.224501,,18.5
2024-12-11,12,2024,Leggett,Edgecombe,35.988278,-77.5843,,18.0
2024-12-11,12,2024,Linville Falls,Avery,35.972347,-81.933072,,6.0
2024-12-11,12,2024,Mendenhall School,Guilford,36.1090060008986,-79.802314,,13.0
2024-12-11,12,2024,Millbrook School,Wake,35.856111,-78.574167,,19.5
2024-12-11,12,2024,Pitt Agri. Center,Pitt,35.6412760008938,-77.360126,,5.0
2024-12-11,12,2024,Rockwell,Rowan,35.551868,-80.395039,27.0,11.0
2024-12-11,12,2024,West Johnston Co.,Johnston,35.59095,-78.4622,,14.0
2024-12-12,12,2024,Bryson City,Swain,35.434767,-83.442133,,19.0
2024-12-12,12,2024,Castle Hayne,New Hanover,34.364167,-77.838611,,32.0
2024-12-12,12,2024,Clemmons Middle,Forsyth,36.026612,-80.341962,,22.0
2024-12-12,12,2024,Durham Armory,Durham,36.0329550008979,-78.904037,,47.0
2024-12-12,12,2024,Garinger High School,Mecklenburg,35.2401000008895,-80.785683,31.0,42.0
2024-12-12,12,2024,Hattie Avenue,Forsyth,36.11094,-80.224501,,36.0
2024-12-12,12,2024,Leggett,Edgecombe,35.988278,-77.5843,,22.0
2024-12-12,12,2024,Mendenhall School,Guilford,36.1090060008986,-79.802314,,31.0
2024-12-12,12,2024,Millbrook School,Wake,35.856111,-78.574167,,33.0
2024-12-12,12,2024,Pitt Agri. Center,Pitt,35.6412760008938,-77.360126,,11.0
2024-12-12,12,2024,West Johnston Co.,Johnston,35.59095,-78.4622,,8.0
2024-12-13,12,2024,Bryson City,Swain,35.434767,-83.442133,,41.0
2024-12-13,12,2024,Castle Hayne,New Hanover,34.364167,-77.838611,,42.0
2024-12-13,12,2024,Clemmons Middle,Forsyth,36.026612,-80.341962,,51.0
2024-12-13,12,2024,Durham Armory,Durham,36.0329550008979,-78.904037,,57.0
2024-12-13,12,2024,Garinger High School,Mecklenburg,35.2401000008895,-80.785683,24.0,56.0
2024-12-13,12,2024,Hattie Avenue,Forsyth,36.11094,-80.224501,,57.0
2024-12-13,12,2024,Leggett,Edgecombe,35.988278,-77.5843,,33.0
2024-12-13,12,2024,Mendenhall School,Guilford,36.1090060008986,-79.802314,,52.0
2024-12-13,12,2024,Millbrook School,Wake,35.856111,-78.574167,24.0,51.0
2024-12-13,12,2024,Pitt Agri. Center,Pitt,35.6412760008938,-77.360126,,33.0
2024-12-13,12,2024,West Johnston Co.,Johnston,35.59095,-78.4622,,31.0
2024-12-14,12,2024,Bryson City,Swain,35.434767,-83.442133,,29.0
2024-12-14,12,2024,Castle Hayne,New Hanover,34.364167,-77.838611,,32.0
2024-12-14,12,2024,Clemmons Middle,Forsyth,36.026612,-80.341962,,46.5
2024-12-14,12,2024,Durham Armory,Durham,36.0329550008979,-78.904037,,55.0
2024-12-14,12,2024,Frying Pan Mountain,Haywood,35.379167,-82.7925,,23.0
2024-12-14,12,2024,Garinger High School,Mecklenburg,35.2401000008895,-80.785683,23.0,55.0
2024-12-14,12,2024,Hattie Avenue,Forsyth,36.11094,-80.224501,,50.5
2024-12-14,12,2024,Leggett,Edgecombe,35.988278,-77.5843,,34.0
2024-12-14,12,2024,Linville Falls,Avery,35.972347,-81.933072,,26.0
2024-12-14,12,2024,Mendenhall School,Guilford,36.1090060008986,-79.802314,,53.0
2024-12-14,12,2024,Millbrook School,Wake,35.856111,-78.574167,26.0,41.5
2024-12-14,12,2024,Old High School,Swain,35.498711,-83.310242,,19.0
2024-12-14,12,2024,Pitt Agri. Center,Pitt,35.6412760008938,-77.360126,,21.0
2024-12-14,12,2024,Rockwell,Rowan,35.551868,-80.395039,24.0,64.0
2024-12-14,12,2024,West Johnston Co.,Johnston,35.59095,-78.4622,,36.0
2024-12-15,12,2024,Bryson City,Swain,35.434767,-83.442133,,19.0
2024-12-15,12,2024,Castle Hayne,New Hanover,34.364167,-77.838611,,21.5
2024-12-15,12,2024,Clemmons Middle,Forsyth,36.026612,-80.341962,,41.0
2024-12-15,12,2024,Durham Armory,Durham,36.0329550008979,-78.904037,,44.0
2024-12-15,12,2024,Garinger High School,Mecklenburg,35.2401000008895,-80.785683,21.0,40.0
2024-12-15,12,2024,Hattie Avenue,Forsyth,36.11094,-80.224501,,42.0
2024-12-15,12,2024,Leggett,Edgecombe,35.988278,-77.5843,,26.0
2024-12-15,12,2024,Mendenhall School,Guilford,36.1090060008986,-79.802314,,29.0
2024-12-15,12,2024,Millbrook School,Wake,35.856111,-78.574167,27.0,29.0
2024-12-15,12,2024,Pitt Agri. Center,Pitt,35.6412760008938,-77.360126,,14.0
2024-12-15,12,2024,Rockwell,Rowan,35.551868,-80.395039,24.0,42.0
2024-12-15,12,2024,West Johnston Co.,Johnston,35.59095,-78.4622,,27.0
2024-12-16,12,2024,Bryson City,Swain,35.434767,-83.442133,,24.0
2024-12-16,12,2024,Castle Hayne,New Hanover,34.364167,-77.838611,,19.5
2024-12-16,12,2024,Clemmons Middle,Forsyth,36.026612,-80.341962,,44.0
2024-12-16,12,2024,Durham Armory,Durham,36.0329550008979,-78.904037,,47.0
2024-12-16,12,2024,Garinger High School,Mecklenburg,35.2401000008895,-80.785683,14.0,42.0
2024-12-16,12,2024,Hattie Avenue,Forsyth,36.11094,-80.224501,,45.0
2024-12-16,12,2024,Leggett,Edgecombe,35.988278,-77.5843,,23.0
2024-12-16,12,2024,Mendenhall School,Guilford,36.1090060008986,-79.802314,,34.0
2024-12-16,12,2024,Millbrook School,Wake,35.856111,-78.574167,9.0,48.0
2024-12-16,12,2024,Pitt Agri. Center,Pitt,35.6412760008938,-77.360126,,22.0
2024-12-16,12,2024,Rockwell,Rowan,35.551868,-80.395039,19.0,34.0
2024-12-16,12,2024,West Johnston Co.,Johnston,35.59095,-78.4622,,39.0
2024-12-17,12,2024,Bryson City,Swain,35.434767,-83.442133,,17.0
2024-12-17,12,2024,Castle Hayne,New Hanover,34.364167,-77.838611,,19.0
2024-12-17,12,2024,Clemmons Middle,Forsyth,36.026612,-80.341962,,49.0
2024-12-17,12,2024,Durham Armory,Durham,36.0329550008979,-78.904037,,56.0
2024-12-17,12,2024,Frying Pan Mountain,Haywood,35.379167,-82.7925,,6.0
2024-12-17,12,2024,Garinger High School,Mecklenburg,35.2401000008895,-80.785683,23.0,51.0
2024-12-17,12,2024,Hattie Avenue,Forsyth,36.11094,-80.224501,,45.5
2024-12-17,12,2024,Leggett,Edgecombe,35.988278,-77.5843,,34.0
2024-12-17,12,2024,Linville Falls,Avery,35.972347,-81.933072,,13.0
2024-12-17,12,2024,Mendenhall School,Guilford,36.1090060008986,-79.802314,,46.0
2024-12-17,12,2024,Millbrook School,Wake,35.856111,-78.574167,26.0,55.0
2024-12-17,12,2024,Pitt Agri. Center,Pitt,35.6412760008938,-77.360126,,28.0
2024-12-17,12,2024,Rockwell,Rowan,35.551868,-80.395039,,51.0
2024-12-17,12,2024,West Johnston Co.,Johnston,35.59095,-78.4622,,62.0
2024-12-18,12,2024,Bryson City,Swain,35.434767,-83.442133,,26.0
2024-12-18,12,2024,Castle Hayne,New Hanover,34.364167,-77.838611,,17.0
2024-12-18,12,2024,Clemmons Middle,Forsyth,36.026612,-80.341962,,54.0
2024-12-18,12,2024,Durham Armory,Durham,36.0329550008979,-78.904037,,53.0
2024-12-18,12,2024,Garinger High School,Mecklenburg,35.2401000008895,-80.785683,25.0,50.0
2024-12-18,12,2024,Hattie Avenue,Forsyth,36.11094,-80.224501,,51.0
2024-12-18,12,2024,Leggett,Edgecombe,35.988278,-77.5843,,49.0
2024-12-18,12,2024,Mendenhall School,Guilford,36.1090060008986,-79.802314,,52.0
2024-12-18,12,2024,Millbrook School,Wake,35.856111,-78.574167,21.0,55.0
2024-12-18,12,2024,Pitt Agri. Center,Pitt,35.6412760008938,-77.360126,,36.0
2024-12-18,12,2024,Rockwell,Rowan,35.551868,-80.395039,28.0,54.0
2024-12-18,12,2024,West Johnston Co.,Johnston,35.59095,-78.4622,,55.0
2024-12-19,12,2024,Bryson City,Swain,35.434767,-83.442133,,9.0
2024-12-19,12,2024,Castle Hayne,New Hanover,34.364167,-77.838611,,25.5
2024-12-19,12,2024,Clemmons Middle,Forsyth,36.026612,-80.341962,,17.0
2024-12-19,12,2024,Durham Armory,Durham,36.0329550008979,-78.904037,,28.0
2024-12-19,12,2024,Garinger High School,Mecklenburg,35.2401000008895,-80.785683,26.0,26.0
2024-12-19,12,2024,Hattie Avenue,Forsyth,36.11094,-80.224501,,16.0
2024-12-19,12,2024,Leggett,Edgecombe,35.988278,-77.5843,,12.0
2024-12-19,12,2024,Mendenhall School,Guilford,36.1090060008986,-79.802314,,9.0
2024-12-19,12,2024,Millbrook School,Wake,35.856111,-78.574167,25.0,21.0
2024-12-19,12,2024,Pitt Agri. Center,Pitt,35.6412760008938,-77.360126,,10.0
2024-12-19,12,2024,Rockwell,Rowan,35.551868,-80.395039,27.0,11.0
2024-12-19,12,2024,West Johnston Co.,Johnston,35.59095,-78.4622,,20.0
2024-12-20,12,2024,Bryson City,Swain,35.434767,-83.442133,,17.0
2024-12-20,12,2024,Castle Hayne,New Hanover,34.364167,-77.838611,,37.0
2024-12-20,12,2024,Clemmons Middle,Forsyth,36.026612,-80.341962,,29.0
2024-12-20,12,2024,Durham Armory,Durham,36.0329550008979,-78.904037,,48.0
2024-12-20,12,2024,Frying Pan Mountain,Haywood,35.379167,-82.7925,,7.0
2024-12-20,12,2024,Garinger High School,Mecklenburg,35.2401000008895,-80.785683,21.0,34.5
2024-12-20,12,2024,Hattie Avenue,Forsyth,36.11094,-80.224501,,27.5
2024-12-20,12,2024,Leggett,Edgecombe,35.988278,-77.5843,,24.0
2024-12-20,12,2024,Linville Falls,Avery,35.972347,-81.933072,,13.0
2024-12-20,12,2024,Mendenhall School,Guilford,36.1090060008986,-79.802314,,21.0
2024-12-20,12,2024,Millbrook School,Wake,35.856111,-78.574167,19.0,39.5
2024-12-20,12,2024,Old High School,Swain,35.498711,-83.310242,,22.0
2024-12-20,12,2024,Pitt Agri. Center,Pitt,35.6412760008938,-77.360126,,21.0
2024-12-20,12,2024,Rockwell,Rowan,35.551868,-80.395039,21.0,29.0
2024-12-20,12,2024,West Johnston Co.,Johnston,35.59095,-78.4622,,32.0
2024-12-21,12,2024,Bryson City,Swain,35.434767,-83.442133,,21.0
2024-12-21,12,2024,Castle Hayne,New Hanover,34.364167,-77.838611,,33.0
2024-12-21,12,2024,Clemmons Middle,Forsyth,36.026612,-80.341962,,22.0
2024-12-21,12,2024,Durham Armory,Durham,36.0329550008979,-78.904037,,26.0
2024-12-21,12,2024,Garinger High School,Mecklenburg,35.2401000008895,-80.785683,28.0,21.0
2024-12-21,12,2024,Hattie Avenue,Forsyth,36.11094,-80.224501,,13.0
2024-12-21,12,2024,Leggett,Edgecombe,35.988278,-77.5843,,15.0
2024-12-21,12,2024,Mendenhall School,Guilford,36.1090060008986,-79.802314,,7.0
2024-12-21,12,2024,Millbrook School,Wake,35.856111,-78.574167,27.0,12.0
2024-12-21,12,2024,Pitt Agri. Center,Pitt,35.6412760008938,-77.360126,,17.0
2024-12-21,12,2024,Rockwell,Rowan,35.551868,-80.395039,29.0,7.0
2024-12-21,12,2024,West Johnston Co.,Johnston,35.59095,-78.4622,,0.0
2024-12-22,12,2024,Bryson City,Swain,35.434767,-83.442133,,36.0
2024-12-22,12,2024,Castle Hayne,New Hanover,34.364167,-77.838611,,26.5
2024-12-22,12,2024,Clemmons Middle,Forsyth,36.026612,-80.341962,,29.0
2024-12-22,12,2024,Durham Armory,Durham,36.0329550008979,-78.904037,,44.0
2024-12-22,12,2024,Garinger High School,Mecklenburg,35.2401000008895,-80.785683,32.0,27.0
2024-12-22,12,2024,Hattie Avenue,Forsyth,36.11094,-80.224501,,41.0
2024-12-22,12,2024,Leggett,Edgecombe,35.988278,-77.5843,,15.0
2024-12-22,12,2024,Mendenhall School,Guilford,36.1090060008986,-79.802314,,44.0
2024-12-22,12,2024,Millbrook School,Wake,35.856111,-78.574167,33.0,24.0
2024-12-22,12,2024,Pitt Agri. Center,Pitt,35.6412760008938,-77.360126,,11.0
2024-12-22,12,2024,Rockwell,Rowan,35.551868,-80.395039,33.0,26.0
2024-12-22,12,2024,West Johnston Co.,Johnston,35.59095,-78.4622,,3.0
2024-12-23,12,2024,Bryson City,Swain,35.434767,-83.442133,,51.0
2024-12-23,12,2024,Castle Hayne,New Hanover,34.364167,-77.838611,,31.5
2024-12-23,12,2024,Clemmons Middle,Forsyth,36.026612,-80.341962,,59.0
2024-12-23,12,2024,Durham Armory,Durham,36.0329550008979,-78.904037,,57.0
2024-12-23,12,2024,Frying Pan Mountain,Haywood,35.379167,-82.7925,,11.0
2024-12-23,12,2024,Garinger High School,Mecklenburg,35.2401000008895,-80.785683,32.0,52.5
2024-12-23,12,2024,Hattie Avenue,Forsyth,36.11094,-80.224501,,57.5
2024-12-23,12,2024,Leggett,Edgecombe,35.988278,-77.5843,,21.0
2024-12-23,12,2024,Linville Falls,Avery,35.972347,-81.933072,,23.0
2024-12-23,12,2024,Mendenhall School,Guilford,36.1090060008986,-79.802314,,60.0
2024-12-23,12,2024,Millbrook School,Wake,35.856111,-78.574167,32.0,39.5
2024-12-23,12,2024,Pitt Agri. Center,Pitt,35.6412760008938,-77.360126,,14.0
2024-12-23,12,2024,Rockwell,Rowan,35.551868,-80.395039,33.0,53.0
2024-12-23,12,2024,West Johnston Co.,Johnston,35.59095,-78.4622,,18.0
2024-12-24,12,2024,Bryson City,Swain,35.434767,-83.442133,,63.0
2024-12-24,12,2024,Castle Hayne,New Hanover,34.364167,-77.838611,,20.0
2024-12-24,12,2024,Clemmons Middle,Forsyth,36.026612,-80.341962,,62.0
2024-12-24,12,2024,Durham Armory,Durham,36.0329550008979,-78.904037,,58.0
2024-12-24,12,2024,Garinger High School,Mecklenburg,35.2401000008895,-80.785683,27.0,68.0
2024-12-24,12,2024,Hattie Avenue,Forsyth,36.11094,-80.224501,,61.0
2024-12-24,12,2024,Leggett,Edgecombe,35.988278,-77.5843,,26.0
2024-12-24,12,2024,Mendenhall School,Guilford,36.1090060008986,-79.802314,,59.0
2024-12-24,12,2024,Millbrook School,Wake,35.856111,-78.574167,30.0,46.0
2024-12-24,12,2024,Pitt Agri. Center,Pitt,35.6412760008938,-77.360126,,19.0
2024-12-24,12,2024,Rockwell,Rowan,35.551868,-80.395039,31.0,59.0
2024-12-24,12,2024,West Johnston Co.,Johnston,35.59095,-78.4622,,41.0
2024-12-25,12,2024,Bryson City,Swain,35.434767,-83.442133,,59.0
2024-12-25,12,2024,Castle Hayne,New Hanover,34.364167,-77.838611,,37.5
2024-12-25,12,2024,Clemmons Middle,Forsyth,36.026612,-80.341962,,53.0
2024-12-25,12,2024,Durham Armory,Durham,36.0329550008979,-78.904037,,65.0
2024-12-25,12,2024,Garinger High School,Mecklenburg,35.2401000008895,-80.785683,34.0,59.0
2024-12-25,12,2024,Hattie Avenue,Forsyth,36.11094,-80.224501,,47.0
2024-12-25,12,2024,Leggett,Edgecombe,35.988278,-77.5843,,32.0
2024-12-25,12,2024,Mendenhall School,Guilford,36.1090060008986,-79.802314,,51.0
2024-12-25,12,2024,Millbrook School,Wake,35.856111,-78.574167,29.0,48.0
2024-12-25,12,2024,Pitt Agri. Center,Pitt,35.6412760008938,-77.360126,,21.0
2024-12-25,12,2024,Rockwell,Rowan,35.551868,-80.395039,33.0,61.0
2024-12-25,12,2024,West Johnston Co.,Johnston,35.59095,-78.4622,,38.0
2024-12-26,12,2024,Bryson City,Swain,35.434767,-83.442133,,56.0
2024-12-26,12,2024,Castle Hayne,New Hanover,34.364167,-77.838611,,36.0
2024-12-26,12,2024,Clemmons Middle,Forsyth,36.026612,-80.341962,,55.0
2024-12-26,12,2024,Durham Armory,Durham,36.0329550008979,-78.904037,,57.0
2024-12-26,12,2024,Frying Pan Mountain,Haywood,35.379167,-82.7925,,19.0
2024-12-26,12,2024,Garinger High School,Mecklenburg,35.2401000008895,-80.785683,29.0,53.5
2024-12-26,12,2024,Hattie Avenue,Forsyth,36.11094,-80.224501,,56.0
2024-12-26,12,2024,Leggett,Edgecombe,35.988278,-77.5843,,48.0
2024-12-26,12,2024,Linville Falls,Avery,35.972347,-81.933072,,38.0
2024-12-26,12,2024,Mendenhall School,Guilford,36.1090060008986,-79.802314,,51.0
2024-12-26,12,2024,Millbrook School,Wake,35.856111,-78.574167,28.0,52.0
2024-12-26,12,2024,Old High School,Swain,35.498711,-83.310242,,34.0
2024-12-26,12,2024,Pitt Agri. Center,Pitt,35.6412760008938,-77.360126,,30.0
2024-12-26,12,2024,Rockwell,Rowan,35.551868,-80.395039,29.0,64.0
2024-12-26,12,2024,West Johnston Co.,Johnston,35.59095,-78.4622,,39.0
2024-12-27,12,2024,Bryson City,Swain,35.434767,-83.442133,,27.0
2024-12-27,12,2024,Castle Hayne,New Hanover,34.364167,-77.838611,,31.0
2024-12-27,12,2024,Clemmons Middle,Forsyth,36.026612,-80.341962,,59.0
2024-12-27,12,2024,Durham Armory,Durham,36.0329550008979,-78.904037,,62.0
2024-12-27,12,2024,Garinger High School,Mecklenburg,35.2401000008895,-80.785683,20.0,56.0
2024-12-27,12,2024,Hattie Avenue,Forsyth,36.11094,-80.224501,,58.0
2024-12-27,12,2024,Leggett,Edgecombe,35.988278,-77.5843,,52.0
2024-12-27,12,2024,Mendenhall School,Guilford,36.1090060008986,-79.802314,,55.0
2024-12-27,12,2024,Millbrook School,Wake,35.856111,-78.574167,22.0,58.0
2024-12-27,12,2024,Pitt Agri. Center,Pitt,35.6412760008938,-77.360126,,35.0
2024-12-27,12,2024,Rockwell,Rowan,35.551868,-80.395039,22.0,54.0
2024-12-27,12,2024,West Johnston Co.,Johnston,35.59095,-78.4622,,49.0
2024-12-28,12,2024,Bryson City,Swain,35.434767,-83.442133,,18.0
2024-12-28,12,2024,Castle Hayne,New Hanover,34.364167,-77.838611,,17.0
2024-12-28,12,2024,Clemmons Middle,Forsyth,36.026612,-80.341962,,25.0
2024-12-28,12,2024,Durham Armory,Durham,36.0329550008979,-78.904037,,57.0
2024-12-28,12,2024,Garinger High School,Mecklenburg,35.2401000008895,-80.785683,16.0,28.0
2024-12-28,12,2024,Hattie Avenue,Forsyth,36.11094,-80.224501,,27.0
2024-12-28,12,2024,Leggett,Edgecombe,35.988278,-77.5843,,25.0
2024-12-28,12,2024,Mendenhall School,Guilford,36.1090060008986,-79.802314,,31.0
2024-12-28,12,2024,Millbrook School,Wake,35.856111,-78.574167,30.0,46.0
2024-12-28,12,2024,Pitt Agri. Center,Pitt,35.6412760008938,-77.360126,,10.0
2024-12-28,12,2024,Rockwell,Rowan,35.551868,-80.395039,19.0,28.0
2024-12-28,12,2024,West Johnston Co.,Johnston,35.59095,-78.4622,,36.0
2024-12-29,12,2024,Bryson City,Swain,35.434767,-83.442133,,9.0
2024-12-29,12,2024,Castle Hayne,New Hanover,34.364167,-77.838611,,21.5
2024-12-29,12,2024,Clemmons Middle,Forsyth,36.026612,-80.341962,,19.0
2024-12-29,12,2024,Durham Armory,Durham,36.0329550008979,-78.904037,,23.0
2024-12-29,12,2024,Frying Pan Mountain,Haywood,35.379167,-82.7925,,2.0
2024-12-29,12,2024,Garinger High School,Mecklenburg,35.2401000008895,-80.785683,34.0,16.0
2024-12-29,12,2024,Hattie Avenue,Forsyth,36.11094,-80.224501,,20.5
2024-12-29,12,2024,Leggett,Edgecombe,35.988278,-77.5843,,12.0
2024-12-29,12,2024,Linville Falls,Avery,35.972347,-81.933072,,4.0
2024-12-29,12,2024,Mendenhall School,Guilford,36.1090060008986,-79.802314,,17.0
2024-12-29,12,2024,Millbrook School,Wake,35.856111,-78.574167,36.0,18.0
2024-12-29,12,2024,Pitt Agri. Center,Pitt,35.6412760008938,-77.360126,,7.0
2024-12-29,12,2024,Rockwell,Rowan,35.551868,-80.395039,34.0,18.0
2024-12-29,12,2024,West Johnston Co.,Johnston,35.59095,-78.4622,,8.0
2024-12-30,12,2024,Bryson City,Swain,35.434767,-83.442133,,24.0
2024-12-30,12,2024,Castle Hayne,New Hanover,34.364167,-77.838611,,25.0
2024-12-30,12,2024,Clemmons Middle,Forsyth,36.026612,-80.341962,,23.0
2024-12-30,12,2024,Durham Armory,Durham,36.0329550008979,-78.904037,,39.0
2024-12-30,12,2024,Garinger High School,Mecklenburg,35.2401000008895,-80.785683,29.0,32.0
2024-12-30,12,2024,Hattie Avenue,Forsyth,36.11094,-80.224501,,32.0
2024-12-30,12,2024,Leggett,Edgecombe,35.988278,-77.5843,,9.0
2024-12-30,12,2024,Mendenhall School,Guilford,36.1090060008986,-79.802314,,19.0
2024-12-30,12,2024,Millbrook School,Wake,35.856111,-78.574167,32.0,23.0
2024-12-30,12,2024,Pitt Agri. Center,Pitt,35.6412760008938,-77.360126,,8.0
2024-12-30,12,2024,Rockwell,Rowan,35.551868,-80.395039,32.0,16.0
2024-12-30,12,2024,West Johnston Co.,Johnston,35.59095,-78.4622,,11.0
2024-12-31,12,2024,Bryson City,Swain,35.434767,-83.442133,,25.0
2024-12-31,12,2024,Castle Hayne,New Hanover,34.364167,-77.838611,,35.5
2024-12-31,12,2024,Clemmons Middle,Forsyth,36.026612,-80.341962,,53.0
2024-12-31,12,2024,Durham Armory,Durham,36.0329550008979,-78.904037,,36.0
2024-12-31,12,2024,Garinger High School,Mecklenburg,35.2401000008895,-80.785683,,48.0
2024-12-31,12,2024,Hattie Avenue,Forsyth,36.11094,-80.224501,,54.0
2024-12-31,12,2024,Leggett,Edgecombe,35.988278,-77.5843,,21.0
2024-12-31,12,2024,Mendenhall School,Guilford,36.1090060008986,-79.802314,,46.0
2024-12-31,12,2024,Millbrook School,Wake,35.856111,-78.574167,,43.0
2024-12-31,12,2024,Pitt Agri. Center,Pitt,35.6412760008938,-77.360126,,33.0
2024-12-31,12,2024,Rockwell,Rowan,35.551868,-80.395039,,33.0
2024-12-31,12,2024,West Johnston Co.,Johnston,35.59095,-78.4622,,31.0
2025-01-01,1,2025,Bryson City,Swain,35.434767,-83.442133,,7.0
2025-01-01,1,2025,Castle Hayne,New Hanover,34.364167,-77.838611,,23.0
2025-01-01,1,2025,Clemmons Middle,Forsyth,36.026612,-80.341962,,6.5
2025-01-01,1,2025,Durham Armory,Durham,36.0329550008979,-78.904037,,18.0
2025-01-01,1,2025,Garinger High School,Mecklenburg,35.2401000008895,-80.785683,30.0,13.0
2025-01-01,1,2025,Hattie Avenue,Forsyth,36.11094,-80.224501,,7.0
2025-01-01,1,2025,Leggett,Edgecombe,35.988278,-77.5843,,4.0
2025-01-01,1,2025,Linville Falls,Avery,35.972347,-81.933072,,4.0
2025-01-01,1,2025,Mendenhall School,Guilford,36.1090060008986,-79.802314,,8.0
2025-01-01,1,2025,Millbrook School,Wake,35.856111,-78.574167,31.0,11.5
2025-01-01,1,2025,Pitt Agri. Center,Pitt,35.6412760008938,-77.360126,,0.0
2025-01-01,1,2025,Rockwell,Rowan,35.551868,-80.395039,29.0,4.0
2025-01-01,1,2025,West Johnston Co.,Johnston,35.59095,-78.4622,,0.0
2025-01-02,1,2025,Bryson City,Swain,35.434767,-83.442133,,11.0
2025-01-02,1,2025,Castle Hayne,New Hanover,34.364167,-77.838611,,27.0
2025-01-02,1,2025,Clemmons Middle,Forsyth,36.026612,-80.341962,,26.0
2025-01-02,1,2025,Durham Armory,Durham,36.0329550008979,-78.904037,,33.0
2025-01-02,1,2025,Garinger High School,Mecklenburg,35.2401000008895,-80.785683,29.0,43.0
2025-01-02,1,2025,Hattie Avenue,Forsyth,36.11094,-80.224501,,22.0
2025-01-02,1,2025,Leggett,Edgecombe,35.988278,-77.5843,,16.0
2025-01-02,1,2025,Mendenhall School,Guilford,36.1090060008986,-79.802314,,22.0
2025-01-02,1,2025,Millbrook School,Wake,35.856111,-78.574167,29.0,23.0
2025-01-02,1,2025,Pitt Agri. Center,Pitt,35.6412760008938,-77.360126,,9.0
2025-01-02,1,2025,Rockwell,Rowan,35.551868,-80.395039,31.0,21.0
2025-01-02,1,2025,West Johnston Co.,Johnston,35.59095,-78.4622,,3.0
2025-01-03,1,2025,Bryson City,Swain,35.434767,-83.442133,,25.0
2025-01-03,1,2025,Castle Hayne,New Hanover,34.364167,-77.838611,,35.5
2025-01-03,1,2025,Clemmons Middle,Forsyth,36.026612,-80.341962,,25.0
2025-01-03,1,2025,Durham Armory,Durham,36.0329550008979,-78.904037,,37.0
2025-01-03,1,2025,Garinger High School,Mecklenburg,35.2401000008895,-80.785683,30.0,40.0
2025-01-03,1,2025,Hattie Avenue,Forsyth,36.11094,-80.224501,,23.0
2025-01-03,1,2025,Leggett,Edgecombe,35.988278,-77.5843,,22.0
2025-01-03,1,2025,Mendenhall School,Guilford,36.1090060008986,-79.802314,,14.0
2025-01-03,1,2025,Millbrook School,Wake,35.856111,-78.574167,31.0,27.0
2025-01-03,1,2025,Pitt Agri. Center,Pitt,35.6412760008938,-77.360126,,15.0
2025-01-03,1,2025,Rockwell,Rowan,35.551868,-80.395039,31.0,25.0
2025-01-03,1,2025,West Johnston Co.,Johnston,35.59095,-78.4622,,21.0
2025-01-04,1,2025,Bryson City,Swain,35.434767,-83.442133,,3.0
2025-01-04,1,2025,Castle Hayne,New Hanover,34.364167,-77.838611,,29.0
2025-01-04,1,2025,Clemmons Middle,Forsyth,36.026612,-80.341962,,18.0
2025-01-04,1,2025,Durham Armory,Durham,36.0329550008979,-78.904037,,16.0
2025-01-04,1,2025,Frying Pan Mountain,Haywood,35.379167,-82.7925,,4.0
2025-01-04,1,2025,Garinger High School,Mecklenburg,35.2401000008895,-80.785683,31.0,28.0
2025-01-04,1,2025,Hattie Avenue,Forsyth,36.11094,-80.224501,,15.0
2025-01-04,1,2025,Leggett,Edgecombe,35.988278,-77.5843,,13.0
2025-01-04,1,2025,Linville Falls,Avery,35.972347,-81.933072,,7.0
2025-01-04,1,2025,Mendenhall School,Guilford,36.1090060008986,-79.802314,,12.0
2025-01-04,1,2025,Millbrook School,Wake,35.856111,-78.574167,29.0,19.5
2025-01-04,1,2025,Pitt Agri. Center,Pitt,35.6412760008938,-77.360126,,8.0
2025-01-04,1,2025,Rockwell,Rowan,35.551868,-80.395039,31.0,48.0
2025-01-04,1,2025,West Johnston Co.,Johnston,35.59095,-78.4622,,0.0
2025-01-05,1,2025,Bryson City,Swain,35.434767,-83.442133,,28.0
2025-01-05,1,2025,Castle Hayne,New Hanover,34.364167,-77.838611,,36.5
2025-01-05,1,2025,Clemmons Middle,Forsyth,36.026612,-80.341962,,49.0
2025-01-05,1,2025,Durham Armory,Durham,36.0329550008979,-78.904037,,19.0
2025-01-05,1,2025,Garinger High School,Mecklenburg,35.2401000008895,-80.785683,24.0,53.0
2025-01-05,1,2025,Hattie Avenue,Forsyth,36.11094,-80.224501,,28.0
2025-01-05,1,2025,Leggett,Edgecombe,35.988278,-77.5843,,15.0
2025-01-05,1,2025,Mendenhall School,Guilford,36.1090060008986,-79.802314,,31.0
2025-01-05,1,2025,Millbrook School,Wake,35.856111,-78.574167,33.0,19.0
2025-01-05,1,2025,Pitt Agri. Center,Pitt,35.6412760008938,-77.360126,,9.0
2025-01-05,1,2025,Rockwell,Rowan,35.551868,-80.395039,29.0,52.0
2025-01-05,1,2025,West Johnston Co.,Johnston,35.59095,-78.4622,,9.0
2025-01-06,1,2025,Bryson City,Swain,35.434767,-83.442133,,13.0
2025-01-06,1,2025,Castle Hayne,New Hanover,34.364167,-77.838611,,31.5
2025-01-06,1,2025,Clemmons Middle,Forsyth,36.026612,-80.341962,,42.0
2025-01-06,1,2025,Durham Armory,Durham,36.0329550008979,-78.904037,,23.0
2025-01-06,1,2025,Garinger High School,Mecklenburg,35.2401000008895,-80.785683,22.0,48.0
2025-01-06,1,2025,Hattie Avenue,Forsyth,36.11094,-80.224501,,39.0
2025-01-06,1,2025,Leggett,Edgecombe,35.988278,-77.5843,,33.0
2025-01-06,1,2025,Mendenhall School,Guilford,36.1090060008986,-79.802314,,25.0
2025-01-06,1,2025,Millbrook School,Wake,35.856111,-78.574167,24.0,22.0
2025-01-06,1,2025,Pitt Agri. Center,Pitt,35.6412760008938,-77.360126,,10.0
2025-01-06,1,2025,Rockwell,Rowan,35.551868,-80.395039,26.0,33.0
2025-01-06,1,2025,West Johnston Co.,Johnston,35.59095,-78.4622,,17.0
2025-01-07,1,2025,Bryson City,Swain,35.434767,-83.442133,,11.0
2025-01-07,1,2025,Castle Hayne,New Hanover,34.364167,-77.838611,,29.5
2025-01-07,1,2025,Clemmons Middle,Forsyth,36.026612,-80.341962,,15.5
2025-01-07,1,2025,Durham Armory,Durham,36.0329550008979,-78.904037,,25.0
2025-01-07,1,2025,Frying Pan Mountain,Haywood,35.379167,-82.7925,,5.0
2025-01-07,1,2025,Garinger High School,Mecklenburg,35.2401000008895,-80.785683,27.0,19.0
2025-01-07,1,2025,Hattie Avenue,Forsyth,36.11094,-80.224501,,17.0
2025-01-07,1,2025,Leggett,Edgecombe,35.988278,-77.5843,,19.0
2025-01-07,1,2025,Linville Falls,Avery,35.972347,-81.933072,,8.0
2025-01-07,1,2025,Mendenhall School,Guilford,36.1090060008986,-79.802314,,18.0
2025-01-07,1,2025,Millbrook School,Wake,35.856111,-78.574167,29.0,17.5
2025-01-07,1,2025,Pitt Agri. Center,Pitt,35.6412760008938,-77.360126,,14.0
2025-01-07,1,2025,Rockwell,Rowan,35.551868,-80.395039,,12.0
2025-01-07,1,2025,West Johnston Co.,Johnston,35.59095,-78.4622,,4.0
2025-01-08,1,2025,Bryson City,Swain,35.434767,-83.442133,,9.0
2025-01-08,1,2025,Castle Hayne,New Hanover,34.364167,-77.838611,,38.0
2025-01-08,1,2025,Clemmons Middle,Forsyth,36.026612,-80.341962,,33.0
2025-01-08,1,2025,Durham Armory,Durham,36.0329550008979,-78.904037,,27.0
2025-01-08,1,2025,Garinger High School,Mecklenburg,35.2401000008895,-80.785683,25.0,37.0
2025-01-08,1,2025,Hattie Avenue,Forsyth,36.11094,-80.224501,,28.0
2025-01-08,1,2025,Leggett,Edgecombe,35.988278,-77.5843,,23.0
2025-01-08,1,2025,Mendenhall School,Guilford,36.1090060008986,-79.802314,,21.0
2025-01-08,1,2025,Millbrook School,Wake,35.856111,-78.574167,31.0,25.0
2025-01-08,1,2025,Pitt Agri. Center,Pitt,35.6412760008938,-77.360126,,22.0
2025-01-08,1,2025,Rockwell,Rowan,35.551868,-80.395039,30.0,24.0
2025-01-08,1,2025,West Johnston Co.,Johnston,35.59095,-78.4622,,7.0
2025-01-09,1,2025,Bryson City,Swain,35.434767,-83.442133,,17.0
2025-01-09,1,2025,Castle Hayne,New Hanover,34.364167,-77.838611,,43.0
2025-01-09,1,2025,Clemmons Middle,Forsyth,36.026612,-80.341962,,33.0
2025-01-09,1,2025,Garinger High School,Mecklenburg,35.2401000008895,-80.785683,35.0,34.0
2025-01-09,1,2025,Hattie Avenue,Forsyth,36.11094,-80.224501,,31.0
2025-01-09,1,2025,Leggett,Edgecombe,35.988278,-77.5843,,25.0
2025-01-09,1,2025,Mendenhall School,Guilford,36.1090060008986,-79.802314,,19.0
2025-01-09,1,2025,Millbrook School,Wake,35.856111,-78.574167,33.0,26.0
2025-01-09,1,2025,Pitt Agri. Center,Pitt,35.6412760008938,-77.360126,,26.0
2025-01-09,1,2025,Rockwell,Rowan,35.551868,-80.395039,36.0,19.0
2025-01-09,1,2025,West Johnston Co.,Johnston,35.59095,-78.4622,,8.0
2025-01-10,1,2025,Bryson City,Swain,35.434767,-83.442133,,38.0
2025-01-10,1,2025,Castle Hayne,New Hanover,34.364167,-77.838611,,58.5
2025-01-10,1,2025,Clemmons Middle,Forsyth,36.026612,-80.341962,,52.0
2025-01-10,1,2025,Frying Pan Mountain,Haywood,35.379167,-82.7925,,1.0
2025-01-10,1,2025,Garinger High School,Mecklenburg,35.2401000008895,-80.785683,23.0,50.5
2025-01-10,1,2025,Hattie Avenue,Forsyth,36.11094,-80.224501,,48.0
2025-01-10,1,2025,Leggett,Edgecombe,35.988278,-77.5843,,33.0
2025-01-10,1,2025,Linville Falls,Avery,35.972347,-81.933072,,23.0
2025-01-10,1,2025,Mendenhall School,Guilford,36.1090060008986,-79.802314,,45.0
2025-01-10,1,2025,Millbrook School,Wake,35.856111,-78.574167,25.0,45.5
2025-01-10,1,2025,Pitt Agri. Center,Pitt,35.6412760008938,-77.360126,,31.0
2025-01-10,1,2025,Rockwell,Rowan,35.551868,-80.395039,29.0,42.0
2025-01-10,1,2025,West Johnston Co.,Johnston,35.59095,-78.4622,,26.0
2025-01-11,1,2025,Bryson City,Swain,35.434767,-83.442133,,19.0
2025-01-11,1,2025,Castle Hayne,New Hanover,34.364167,-77.838611,,30.5
2025-01-11,1,2025,Clemmons Middle,Forsyth,36.026612,-80.341962,,54.0
2025-01-11,1,2025,Durham Armory,Durham,36.0329550008979,-78.904037,,42.0
2025-01-11,1,2025,Garinger High School,Mecklenburg,35.2401000008895,-80.785683,30.0,31.0
2025-01-11,1,2025,Hattie Avenue,Forsyth,36.11094,-80.224501,,56.0
2025-01-11,1,2025,Leggett,Edgecombe,35.988278,-77.5843,,22.0
2025-01-11,1,2025,Mendenhall School,Guilford,36.1090060008986,-79.802314,,49.0
2025-01-11,1,2025,Millbrook School,Wake,35.856111,-78.574167,31.0,34.0
2025-01-11,1,2025,Pitt Agri. Center,Pitt,35.6412760008938,-77.360126,,18.0
2025-01-11,1,2025,Rockwell,Rowan,35.551868,-80.395039,33.0,29.0
2025-01-11,1,2025,West Johnston Co.,Johnston,35.59095,-78.4622,,24.0
2025-01-12,1,2025,Bryson City,Swain,35.434767,-83.442133,,32.0
2025-01-12,1,2025,Castle Hayne,New Hanover,34.364167,-77.838611,,39.0
2025-01-12,1,2025,Clemmons Middle,Forsyth,36.026612,-80.341962,,45.0
2025-01-12,1,2025,Durham Armory,Durham,36.0329550008979,-78.904037,,48.0
2025-01-12,1,2025,Garinger High School,Mecklenburg,35.2401000008895,-80.785683,33.0,44.0
2025-01-12,1,2025,Hattie Avenue,Forsyth,36.11094,-80.224501,,50.0
2025-01-12,1,2025,Leggett,Edgecombe,35.988278,-77.5843,,23.0
2025-01-12,1,2025,Mendenhall School,Guilford,36.1090060008986,-79.802314,,54.0
2025-01-12,1,2025,Millbrook School,Wake,35.856111,-78.574167,30.0,51.0
2025-01-12,1,2025,Pitt Agri. Center,Pitt,35.6412760008938,-77.360126,,28.0
2025-01-12,1,2025,Rockwell,Rowan,35.551868,-80.395039,33.0,34.0
2025-01-12,1,2025,West Johnston Co.,Johnston,35.59095,-78.4622,,22.0
2025-01-13,1,2025,Bryson City,Swain,35.434767,-83.442133,,38.0
2025-01-13,1,2025,Castle Hayne,New Hanover,34.364167,-77.838611,,45.5
2025-01-13,1,2025,Clemmons Middle,Forsyth,36.026612,-80.341962,,62.5
2025-01-13,1,2025,Durham Armory,Durham,36.0329550008979,-78.904037,,55.0
2025-01-13,1,2025,Frying Pan Mountain,Haywood,35.379167,-82.7925,,13.0
2025-01-13,1,2025,Garinger High School,Mecklenburg,35.2401000008895,-80.785683,26.0,55.5
2025-01-13,1,2025,Hattie Avenue,Forsyth,36.11094,-80.224501,,48.5
2025-01-13,1,2025,Leggett,Edgecombe,35.988278,-77.5843,,34.0
2025-01-13,1,2025,Linville Falls,Avery,35.972347,-81.933072,,28.0
2025-01-13,1,2025,Mendenhall School,Guilford,36.1090060008986,-79.802314,,46.0
2025-01-13,1,2025,Millbrook School,Wake,35.856111,-78.574167,30.0,52.5
2025-01-13,1,2025,Pitt Agri. Center,Pitt,35.6412760008938,-77.360126,,43.0
2025-01-13,1,2025,Rockwell,Rowan,35.551868,-80.395039,32.0,55.0
2025-01-13,1,2025,West Johnston Co.,Johnston,35.59095,-78.4622,,50.0
2025-01-14,1,2025,Bryson City,Swain,35.434767,-83.442133,,13.0
2025-01-14,1,2025,Castle Hayne,New Hanover,34.364167,-77.838611,,48.0
2025-01-14,1,2025,Clemmons Middle,Forsyth,36.026612,-80.341962,,23.0
2025-01-14,1,2025,Durham Armory,Durham,36.0329550008979,-78.904037,,30.0
2025-01-14,1,2025,Garinger High School,Mecklenburg,35.2401000008895,-80.785683,36.0,30.0
2025-01-14,1,2025,Hattie Avenue,Forsyth,36.11094,-80.224501,,21.0
2025-01-14,1,2025,Leggett,Edgecombe,35.988278,-77.5843,,28.0
2025-01-14,1,2025,Mendenhall School,Guilford,36.1090060008986,-79.802314,,17.0
2025-01-14,1,2025,Millbrook School,Wake,35.856111,-78.574167,35.0,24.0
2025-01-14,1,2025,Pitt Agri. Center,Pitt,35.6412760008938,-77.360126,,25.0
2025-01-14,1,2025,Rockwell,Rowan,35.551868,-80.395039,38.0,23.0
2025-01-14,1,2025,West Johnston Co.,Johnston,35.59095,-78.4622,,18.0
2025-01-15,1,2025,Bryson City,Swain,35.434767,-83.442133,,17.0
2025-01-15,1,2025,Castle Hayne,New Hanover,34.364167,-77.838611,,42.0
2025-01-15,1,2025,Clemmons Middle,Forsyth,36.026612,-80.341962,,38.0
2025-01-15,1,2025,Durham Armory,Durham,36.0329550008979,-78.904037,,42.0
2025-01-15,1,2025,Garinger High School,Mecklenburg,35.2401000008895,-80.785683,32.0,39.0
2025-01-15,1,2025,Hattie Avenue,Forsyth,36.11094,-80.224501,,43.0
2025-01-15,1,2025,Leggett,Edgecombe,35.988278,-77.5843,,21.0
2025-01-15,1,2025,Mendenhall School,Guilford,36.1090060008986,-79.802314,,32.0
2025-01-15,1,2025,Millbrook School,Wake,35.856111,-78.574167,31.0,34.0
2025-01-15,1,2025,Pitt Agri. Center,Pitt,35.6412760008938,-77.360126,,17.0
2025-01-15,1,2025,Rockwell,Rowan,35.551868,-80.395039,36.0,28.0
2025-01-15,1,2025,West Johnston Co.,Johnston,35.59095,-78.4622,,7.0
2025-01-16,1,2025,Bryson City,Swain,35.434767,-83.442133,,24.0
2025-01-16,1,2025,Castle Hayne,New Hanover,34.364167,-77.838611,,55.0
2025-01-16,1,2025,Clemmons Middle,Forsyth,36.026612,-80.341962,,53.0
2025-01-16,1,2025,Durham Armory,Durham,36.0329550008979,-78.904037,,52.0
2025-01-16,1,2025,Frying Pan Mountain,Haywood,35.379167,-82.7925,,7.0
2025-01-16,1,2025,Garinger High School,Mecklenburg,35.2401000008895,-80.785683,36.0,47.5
2025-01-16,1,2025,Hattie Avenue,Forsyth,36.11094,-80.224501,,50.5
2025-01-16,1,2025,Leggett,Edgecombe,35.988278,-77.5843,,45.0
2025-01-16,1,2025,Mendenhall School,Guilford,36.1090060008986,-79.802314,,54.0
2025-01-16,1,2025,Millbrook School,Wake,35.856111,-78.574167,33.0,53.0
2025-01-16,1,2025,Pitt Agri. Center,Pitt,35.6412760008938,-77.360126,,44.0
2025-01-16,1,2025,Rockwell,Rowan,35.551868,-80.395039,37.0,52.0
2025-01-16,1,2025,West Johnston Co.,Johnston,35.59095,-78.4622,,39.0
2025-01-17,1,2025,Bryson City,Swain,35.434767,-83.442133,,27.0
2025-01-17,1,2025,Castle Hayne,New Hanover,34.364167,-77.838611,,42.0
2025-01-17,1,2025,Clemmons Middle,Forsyth,36.026612,-80.341962,,38.0
2025-01-17,1,2025,Durham Armory,Durham,36.0329550008979,-78.904037,,32.0
2025-01-17,1,2025,Garinger High School,Mecklenburg,35.2401000008895,-80.785683,35.0,37.0
2025-01-17,1,2025,Hattie Avenue,Forsyth,36.11094,-80.224501,,41.0
2025-01-17,1,2025,Leggett,Edgecombe,35.988278,-77.5843,,26.0
2025-01-17,1,2025,Mendenhall School,Guilford,36.1090060008986,-79.802314,,30.0
2025-01-17,1,2025,Millbrook School,Wake,35.856111,-78.574167,33.0,37.0
2025-01-17,1,2025,Pitt Agri. Center,Pitt,35.6412760008938,-77.360126,,22.0
2025-01-17,1,2025,Rockwell,Rowan,35.551868,-80.395039,37.0,42.0
2025-01-17,1,2025,West Johnston Co.,Johnston,35.59095,-78.4622,,23.0
2025-01-18,1,2025,Bryson City,Swain,35.434767,-83.442133,,47.0
2025-01-18,1,2025,Castle Hayne,New Hanover,34.364167,-77.838611,,37.5
2025-01-18,1,2025,Clemmons Middle,Forsyth,36.026612,-80.341962,,52.0
2025-01-18,1,2025,Durham Armory,Durham,36.0329550008979,-78.904037,,52.0
2025-01-18,1,2025,Garinger High School,Mecklenburg,35.2401000008895,-80.785683,29.0,40.0
2025-01-18,1,2025,Hattie Avenue,Forsyth,36.11094,-80.224501,,54.0
2025-01-18,1,2025,Leggett,Edgecombe,35.988278,-77.5843,,41.0
2025-01-18,1,2025,Mendenhall School,Guilford,36.1090060008986,-79.802314,,52.0
2025-01-18,1,2025,Millbrook School,Wake,35.856111,-78.574167,24.0,58.0
2025-01-18,1,2025,Pitt Agri. Center,Pitt,35.6412760008938,-77.360126,,35.0
2025-01-18,1,2025,Rockwell,Rowan,35.551868,-80.395039,30.0,45.0
2025-01-18,1,2025,West Johnston Co.,Johnston,35.59095,-78.4622,,52.0
2025-01-19,1,2025,Bryson City,Swain,35.434767,-83.442133,,11.0
2025-01-19,1,2025,Castle Hayne,New Hanover,34.364167,-77.838611,,35.0
2025-01-19,1,2025,Clemmons Middle,Forsyth,36.026612,-80.341962,,55.0
2025-01-19,1,2025,Durham Armory,Durham,36.0329550008979,-78.904037,,54.0
2025-01-19,1,2025,Frying Pan Mountain,Haywood,35.379167,-82.7925,,20.0
2025-01-19,1,2025,Garinger High School,Mecklenburg,35.2401000008895,-80.785683,26.0,39.0
2025-01-19,1,2025,Hattie Avenue,Forsyth,36.11094,-80.224501,,51.0
2025-01-19,1,2025,Leggett,Edgecombe,35.988278,-77.5843,,37.0
2025-01-19,1,2025,Linville Falls,Avery,35.972347,-81.933072,,47.0
2025-01-19,1,2025,Mendenhall School,Guilford,36.1090060008986,-79.802314,,42.0
2025-01-19,1,2025,Millbrook School,Wake,35.856111,-78.574167,30.0,53.5
2025-01-19,1,2025,Old High School,Swain,35.498711,-83.310242,,13.0
2025-01-19,1,2025,Pitt Agri. Center,Pitt,35.6412760008938,-77.360126,,21.0
2025-01-19,1,2025,Rockwell,Rowan,35.551868,-80.395039,30.0,37.0
2025-01-19,1,2025,West Johnston Co.,Johnston,35.59095,-78.4622,,35.0
2025-01-20,1,2025,Bryson City,Swain,35.434767,-83.442133,,9.0
2025-01-20,1,2025,Castle Hayne,New Hanover,34.364167,-77.838611,,28.5
2025-01-20,1,2025,Clemmons Middle,Forsyth,36.026612,-80.341962,,36.0
2025-01-20,1,2025,Durham Armory,Durham,36.0329550008979,-78.904037,,21.0
2025-01-20,1,2025,Garinger High School,Mecklenburg,35.2401000008895,-80.785683,33.0,21.0
2025-01-20,1,2025,Hattie Avenue,Forsyth,36.11094,-80.224501,,21.0
2025-01-20,1,2025,Leggett,Edgecombe,35.988278,-77.5843,,15.0
2025-01-20,1,2025,Mendenhall School,Guilford,36.1090060008986,-79.802314,,17.0
2025-01-20,1,2025,Millbrook School,Wake,35.856111,-78.574167,34.0,19.0
2025-01-20,1,2025,Pitt Agri. Center,Pitt,35.6412760008938,-77.360126,,13.0
2025-01-20,1,2025,Rockwell,Rowan,35.551868,-80.395039,33.0,12.0
2025-01-20,1,2025,West Johnston Co.,Johnston,35.59095,-78.4622,,4.0
2025-01-21,1,2025,Bryson City,Swain,35.434767,-83.442133,,7.0
2025-01-21,1,2025,Castle Hayne,New Hanover,34.364167,-77.838611,,36.5
2025-01-21,1,2025,Clemmons Middle,Forsyth,36.026612,-80.341962,,35.0
2025-01-21,1,2025,Durham Armory,Durham,36.0329550008979,-78.904037,,31.0
2025-01-21,1,2025,Garinger High School,Mecklenburg,35.2401000008895,-80.785683,28.0,25.0
2025-01-21,1,2025,Hattie Avenue,Forsyth,36.11094,-80.224501,,29.0
2025-01-21,1,2025,Leggett,Edgecombe,35.988278,-77.5843,,21.0
2025-01-21,1,2025,Mendenhall School,Guilford,36.1090060008986,-79.802314,,12.0
2025-01-21,1,2025,Millbrook School,Wake,35.856111,-78.574167,31.0,23.0
2025-01-21,1,2025,Pitt Agri. Center,Pitt,35.6412760008938,-77.360126,,21.0
2025-01-21,1,2025,Rockwell,Rowan,35.551868,-80.395039,29.0,22.0
2025-01-21,1,2025,West Johnston Co.,Johnston,35.59095,-78.4622,,2.0
2025-01-22,1,2025,Bryson City,Swain,35.434767,-83.442133,,27.0
2025-01-22,1,2025,Castle Hayne,New Hanover,34.364167,-77.838611,,41.5
2025-01-22,1,2025,Clemmons Middle,Forsyth,36.026612,-80.341962,,52.0
2025-01-22,1,2025,Durham Armory,Durham,36.0329550008979,-78.904037,,40.0
2025-01-22,1,2025,Garinger High School,Mecklenburg,35.2401000008895,-80.785683,33.0,44.5
2025-01-22,1,2025,Hattie Avenue,Forsyth,36.11094,-80.224501,,41.5
2025-01-22,1,2025,Leggett,Edgecombe,35.988278,-77.5843,,25.0
2025-01-22,1,2025,Linville Falls,Avery,35.972347,-81.933072,,18.0
2025-01-22,1,2025,Mendenhall School,Guilford,36.1090060008986,-79.802314,,44.0
2025-01-22,1,2025,Millbrook School,Wake,35.856111,-78.574167,31.0,42.5
2025-01-22,1,2025,Pitt Agri. Center,Pitt,35.6412760008938,-77.360126,,26.0
2025-01-22,1,2025,Rockwell,Rowan,35.551868,-80.395039,32.0,35.0
2025-01-22,1,2025,West Johnston Co.,Johnston,35.59095,-78.4622,,15.0
2025-01-23,1,2025,Bryson City,Swain,35.434767,-83.442133,,42.0
2025-01-23,1,2025,Castle Hayne,New Hanover,34.364167,-77.838611,,50.0
2025-01-23,1,2025,Clemmons Middle,Forsyth,36.026612,-80.341962,,74.0
2025-01-23,1,2025,Durham Armory,Durham,36.0329550008979,-78.904037,,59.0
2025-01-23,1,2025,Garinger High School,Mecklenburg,35.2401000008895,-80.785683,29.0,57.0
2025-01-23,1,2025,Hattie Avenue,Forsyth,36.11094,-80.224501,,63.0
2025-01-23,1,2025,Leggett,Edgecombe,35.988278,-77.5843,,44.0
2025-01-23,1,2025,Mendenhall School,Guilford,36.1090060008986,-79.802314,,58.0
2025-01-23,1,2025,Millbrook School,Wake,35.856111,-78.574167,28.0,55.0
2025-01-23,1,2025,Pitt Agri. Center,Pitt,35.6412760008938,-77.360126,,48.0
2025-01-23,1,2025,Rockwell,Rowan,35.551868,-80.395039,30.0,59.0
2025-01-23,1,2025,West Johnston Co.,Johnston,35.59095,-78.4622,,37.0
2025-01-24,1,2025,Bryson City,Swain,35.434767,-83.442133,,39.0
2025-01-24,1,2025,Castle Hayne,New Hanover,34.364167,-77.838611,,53.0
2025-01-24,1,2025,Clemmons Middle,Forsyth,36.026612,-80.341962,,70.0
2025-01-24,1,2025,Durham Armory,Durham,36.0329550008979,-78.904037,,55.0
2025-01-24,1,2025,Garinger High School,Mecklenburg,35.2401000008895,-80.785683,34.0,66.0
2025-01-24,1,2025,Hattie Avenue,Forsyth,36.11094,-80.224501,,62.0
2025-01-24,1,2025,Leggett,Edgecombe,35.988278,-77.5843,,36.0
2025-01-24,1,2025,Mendenhall School,Guilford,36.1090060008986,-79.802314,,57.0
2025-01-24,1,2025,Millbrook School,Wake,35.856111,-78.574167,34.0,57.0
2025-01-24,1,2025,Pitt Agri. Center,Pitt,35.6412760008938,-77.360126,,53.0
2025-01-24,1,2025,Rockwell,Rowan,35.551868,-80.395039,34.0,63.0
2025-01-24,1,2025,West Johnston Co.,Johnston,35.59095,-78.4622,,32.0
2025-01-25,1,2025,Bryson City,Swain,35.434767,-83.442133,,49.0
2025-01-25,1,2025,Castle Hayne,New Hanover,34.364167,-77.838611,,46.0
2025-01-25,1,2025,Clemmons Middle,Forsyth,36.026612,-80.341962,,55.0
2025-01-25,1,2025,Durham Armory,Durham,36.0329550008979,-78.904037,,55.0
2025-01-25,1,2025,Frying Pan Mountain,Haywood,35.379167,-82.7925,,6.0
2025-01-25,1,2025,Garinger High School,Mecklenburg,35.2401000008895,-80.785683,36.0,67.5
2025-01-25,1,2025,Hattie Avenue,Forsyth,36.11094,-80.224501,,55.0
2025-01-25,1,2025,Leggett,Edgecombe,35.988278,-77.5843,,37.0
2025-01-25,1,2025,Linville Falls,Avery,35.972347,-81.933072,,18.0
2025-01-25,1,2025,Mendenhall School,Guilford,36.1090060008986,-79.802314,,56.0
2025-01-25,1,2025,Millbrook School,Wake,35.856111,-78.574167,33.0,57.5
2025-01-25,1,2025,Old High School,Swain,35.498711,-83.310242,,19.0
2025-01-25,1,2025,Pitt Agri. Center,Pitt,35.6412760008938,-77.360126,,41.0
2025-01-25,1,2025,Rockwell,Rowan,35.551868,-80.395039,36.0,64.0
2025-01-25,1,2025,West Johnston Co.,Johnston,35.59095,-78.4622,,43.0
2025-01-26,1,2025,Bryson City,Swain,35.434767,-83.442133,,54.0
2025-01-26,1,2025,Castle Hayne,New Hanover,34.364167,-77.838611,,39.0
2025-01-26,1,2025,Clemmons Middle,Forsyth,36.026612,-80.341962,,61.0
2025-01-26,1,2025,Durham Armory,Durham,36.0329550008979,-78.904037,,57.0
2025-01-26,1,2025,Garinger High School,Mecklenburg,35.2401000008895,-80.785683,36.0,57.0
2025-01-26,1,2025,Hattie Avenue,Forsyth,36.11094,-80.224501,,55.0
2025-01-26,1,2025,Leggett,Edgecombe,35.988278,-77.5843,,43.0
2025-01-26,1,2025,Mendenhall School,Guilford,36.1090060008986,-79.802314,,56.0
2025-01-26,1,2025,Millbrook School,Wake,35.856111,-78.574167,39.0,55.0
2025-01-26,1,2025,Pitt Agri. Center,Pitt,35.6412760008938,-77.360126,,47.0
2025-01-26,1,2025,Rockwell,Rowan,35.551868,-80.395039,40.0,56.0
2025-01-26,1,2025,West Johnston Co.,Johnston,35.59095,-78.4622,,49.0
2025-01-27,1,2025,Bryson City,Swain,35.434767,-83.442133,,43.0
2025-01-27,1,2025,Castle Hayne,New Hanover,34.364167,-77.838611,,43.5
2025-01-27,1,2025,Clemmons Middle,Forsyth,36.026612,-80.341962,,54.0
2025-01-27,1,2025,Durham Armory,Durham,36.0329550008979,-78.904037,,52.0
2025-01-27,1,2025,Garinger High School,Mecklenburg,35.2401000008895,-80.785683,23.0,48.0
2025-01-27,1,2025,Hattie Avenue,Forsyth,36.11094,-80.224501,,55.0
2025-01-27,1,2025,Leggett,Edgecombe,35.988278,-77.5843,,43.0
2025-01-27,1,2025,Mendenhall School,Guilford,36.1090060008986,-79.802314,,55.0
2025-01-27,1,2025,Millbrook School,Wake,35.856111,-78.574167,30.0,52.0
2025-01-27,1,2025,Pitt Agri. Center,Pitt,35.6412760008938,-77.360126,,42.0
2025-01-27,1,2025,Rockwell,Rowan,35.551868,-80.395039,28.0,65.0
2025-01-27,1,2025,West Johnston Co.,Johnston,35.59095,-78.4622,,50.0
2025-01-28,1,2025,Bryson City,Swain,35.434767,-83.442133,,19.0
2025-01-28,1,2025,Castle Hayne,New Hanover,34.364167,-77.838611,,33.5
2025-01-28,1,2025,Clemmons Middle,Forsyth,36.026612,-80.341962,,35.0
2025-01-28,1,2025,Durham Armory,Durham,36.0329550008979,-78.904037,,44.0
2025-01-28,1,2025,Frying Pan Mountain,Haywood,35.379167,-82.7925,,10.0
2025-01-28,1,2025,Garinger High School,Mecklenburg,35.2401000008895,-80.785683,35.0,27.0
2025-01-28,1,2025,Hattie Avenue,Forsyth,36.11094,-80.224501,,28.5
2025-01-28,1,2025,Leggett,Edgecombe,35.988278,-77.5843,,31.0
2025-01-28,1,2025,Linville Falls,Avery,35.972347,-81.933072,,13.0
2025-01-28,1,2025,Mendenhall School,Guilford,36.1090060008986,-79.802314,,34.0
2025-01-28,1,2025,Millbrook School,Wake,35.856111,-78.574167,36.0,42.0
2025-01-28,1,2025,Pitt Agri. Center,Pitt,35.6412760008938,-77.360126,,21.0
2025-01-28,1,2025,Rockwell,Rowan,35.551868,-80.395039,37.0,28.0
2025-01-28,1,2025,West Johnston Co.,Johnston,35.59095,-78.4622,,24.0
2025-01-29,1,2025,Bryson City,Swain,35.434767,-83.442133,,21.0
2025-01-29,1,2025,Castle Hayne,New Hanover,34.364167,-77.838611,,37.0
2025-01-29,1,2025,Clemmons Middle,Forsyth,36.026612,-80.341962,,29.0
2025-01-29,1,2025,Durham Armory,Durham,36.0329550008979,-78.904037,,32.0
2025-01-29,1,2025,Garinger High School,Mecklenburg,35.2401000008895,-80.785683,38.0,33.5
2025-01-29,1,2025,Hattie Avenue,Forsyth,36.11094,-80.224501,,30.0
2025-01-29,1,2025,Leggett,Edgecombe,35.988278,-77.5843,,27.0
2025-01-29,1,2025,Mendenhall School,Guilford,36.1090060008986,-79.802314,,38.0
2025-01-29,1,2025,Millbrook School,Wake,35.856111,-78.574167,39.0,29.0
2025-01-29,1,2025,Pitt Agri. Center,Pitt,35.6412760008938,-77.360126,,26.0
2025-01-29,1,2025,Rockwell,Rowan,35.551868,-80.395039,41.0,23.0
2025-01-29,1,2025,West Johnston Co.,Johnston,35.59095,-78.4622,,43.0
2025-01-30,1,2025,Bryson City,Swain,35.434767,-83.442133,,54.0
2025-01-30,1,2025,Castle Hayne,New Hanover,34.364167,-77.838611,,36.0
2025-01-30,1,2025,Clemmons Middle,Forsyth,36.026612,-80.341962,,41.0
2025-01-30,1,2025,Durham Armory,Durham,36.0329550008979,-78.904037,,31.0
2025-01-30,1,2025,Garinger High School,Mecklenburg,35.2401000008895,-80.785683,37.0,41.0
2025-01-30,1,2025,Hattie Avenue,Forsyth,36.11094,-80.224501,,31.0
2025-01-30,1,2025,Leggett,Edgecombe,35.988278,-77.5843,,22.0
2025-01-30,1,2025,Mendenhall School,Guilford,36.1090060008986,-79.802314,,34.0
2025-01-30,1,2025,Millbrook School,Wake,35.856111,-78.574167,39.0,27.0
2025-01-30,1,2025,Pitt Agri. Center,Pitt,35.6412760008938,-77.360126,,21.0
2025-01-30,1,2025,Rockwell,Rowan,35.551868,-80.395039,38.0,43.0
2025-01-30,1,2025,West Johnston Co.,Johnston,35.59095,-78.4622,,28.0
2025-01-31,1,2025,Bryson City,Swain,35.434767,-83.442133,,47.0
2025-01-31,1,2025,Castle Hayne,New Hanover,34.364167,-77.838611,,33.0
2025-01-31,1,2025,Clemmons Middle,Forsyth,36.026612,-80.341962,,53.0
2025-01-31,1,2025,Durham Armory,Durham,36.0329550008979,-78.904037,,49.0
2025-01-31,1,2025,Frying Pan Mountain,Haywood,35.379167,-82.7925,,20.0
2025-01-31,1,2025,Garinger High School,Mecklenburg,35.2401000008895,-80.785683,38.0,49.0
2025-01-31,1,2025,Hattie Avenue,Forsyth,36.11094,-80.224501,,56.5
2025-01-31,1,2025,Leggett,Edgecombe,35.988278,-77.5843,,49.0
2025-01-31,1,2025,Linville Falls,Avery,35.972347,-81.933072,,41.0
2025-01-31,1,2025,Mendenhall School,Guilford,36.1090060008986,-79.802314,,51.0
2025-01-31,1,2025,Millbrook School,Wake,35.856111,-78.574167,40.0,53.0
2025-01-31,1,2025,Old High School,Swain,35.498711,-83.310242,,32.0
2025-01-31,1,2025,Pitt Agri. Center,Pitt,35.6412760008938,-77.360126,,36.0
2025-01-31,1,2025,Rockwell,Rowan,35.551868,-80.395039,38.0,48.0
2025-01-31,1,2025,West Johnston Co.,Johnston,35.59095,-78.4622,,52.0
2025-02-01,2,2025,Bryson City,Swain,35.434767,-83.442133,,32.0
2025-02-01,2,2025,Castle Hayne,New Hanover,34.364167,-77.838611,,29.0
2025-02-01,2,2025,Clemmons Middle,Forsyth,36.026612,-80.341962,,27.0
2025-02-01,2,2025,Durham Armory,Durham,36.0329550008979,-78.904037,,30.0
2025-02-01,2,2025,Garinger High School,Mecklenburg,35.2401000008895,-80.785683,37.0,23.0
2025-02-01,2,2025,Hattie Avenue,Forsyth,36.11094,-80.224501,,28.0
2025-02-01,2,2025,Leggett,Edgecombe,35.988278,-77.5843,,13.0
2025-02-01,2,2025,Mendenhall School,Guilford,36.1090060008986,-79.802314,,20.0
2025-02-01,2,2025,Millbrook School,Wake,35.856111,-78.574167,33.0,22.0
2025-02-01,2,2025,Pitt Agri. Center,Pitt,35.6412760008938,-77.360126,,10.0
2025-02-01,2,2025,Rockwell,Rowan,35.551868,-80.395039,35.0,17.0
2025-02-01,2,2025,West Johnston Co.,Johnston,35.59095,-78.4622,,7.0
2025-02-02,2,2025,Bryson City,Swain,35.434767,-83.442133,,49.0
2025-02-02,2,2025,Castle Hayne,New Hanover,34.364167,-77.838611,,25.0
2025-02-02,2,2025,Clemmons Middle,Forsyth,36.026612,-80.341962,,30.0
2025-02-02,2,2025,Durham Armory,Durham,36.0329550008979,-78.904037,,27.0
2025-02-02,2,2025,Garinger High School,Mecklenburg,35.2401000008895,-80.785683,35.0,43.0
2025-02-02,2,2025,Hattie Avenue,Forsyth,36.11094,-80.224501,,31.0
2025-02-02,2,2025,Leggett,Edgecombe,35.988278,-77.5843,,21.0
2025-02-02,2,2025,Mendenhall School,Guilford,36.1090060008986,-79.802314,,32.0
2025-02-02,2,2025,Millbrook School,Wake,35.856111,-78.574167,32.0,23.0
2025-02-02,2,2025,Pitt Agri. Center,Pitt,35.6412760008938,-77.360126,,12.0
2025-02-02,2,2025,Rockwell,Rowan,35.551868,-80.395039,32.0,26.0
2025-02-02,2,2025,West Johnston Co.,Johnston,35.59095,-78.4622,,17.0
2025-02-03,2,2025,Bryson City,Swain,35.434767,-83.442133,,46.0
2025-02-03,2,2025,Castle Hayne,New Hanover,34.364167,-77.838611,,34.0
2025-02-03,2,2025,Clemmons Middle,Forsyth,36.026612,-80.341962,,57.0
2025-02-03,2,2025,Durham Armory,Durham,36.0329550008979,-78.904037,,51.0
2025-02-03,2,2025,Frying Pan Mountain,Haywood,35.379167,-82.7925,,18.0
2025-02-03,2,2025,Garinger High School,Mecklenburg,35.2401000008895,-80.785683,36.0,56.5
2025-02-03,2,2025,Hattie Avenue,Forsyth,36.11094,-80.224501,,55.0
2025-02-03,2,2025,Leggett,Edgecombe,35.988278,-77.5843,,31.0
2025-02-03,2,2025,Linville Falls,Avery,35.972347,-81.933072,,31.0
2025-02-03,2,2025,Mendenhall School,Guilford,36.1090060008986,-79.802314,,55.0
2025-02-03,2,2025,Millbrook School,Wake,35.856111,-78.574167,32.0,46.5
2025-02-03,2,2025,Pitt Agri. Center,Pitt,35.6412760008938,-77.360126,,29.0
2025-02-03,2,2025,Rockwell,Rowan,35.551868,-80.395039,36.0,55.0
2025-02-03,2,2025,West Johnston Co.,Johnston,35.59095,-78.4622,,39.0
2025-02-04,2,2025,Bryson City,Swain,35.434767,-83.442133,,52.0
2025-02-04,2,2025,Castle Hayne,New Hanover,34.364167,-77.838611,,49.0
2025-02-04,2,2025,Clemmons Middle,Forsyth,36.026612,-80.341962,,38.0
2025-02-04,2,2025,Durham Armory,Durham,36.0329550008979,-78.904037,,57.0
2025-02-04,2,2025,Garinger High School,Mecklenburg,35.2401000008895,-80.785683,41.0,56.0
2025-02-04,2,2025,Hattie Avenue,Forsyth,36.11094,-80.224501,,53.0
2025-02-04,2,2025,Leggett,Edgecombe,35.988278,-77.5843,,48.0
2025-02-04,2,2025,Mendenhall School,Guilford,36.1090060008986,-79.802314,,49.0
2025-02-04,2,2025,Millbrook School,Wake,35.856111,-78.574167,41.0,53.0
2025-02-04,2,2025,Pitt Agri. Center,Pitt,35.6412760008938,-77.360126,,46.0
2025-02-04,2,2025,Rockwell,Rowan,35.551868,-80.395039,42.0,52.0
2025-02-04,2,2025,West Johnston Co.,Johnston,35.59095,-78.4622,,51.0
2025-02-05,2,2025,Bryson City,Swain,35.434767,-83.442133,,49.0
2025-02-05,2,2025,Castle Hayne,New Hanover,34.364167,-77.838611,,46.0
2025-02-05,2,2025,Clemmons Middle,Forsyth,36.026612,-80.341962,,33.0
2025-02-05,2,2025,Durham Armory,Durham,36.0329550008979,-78.904037,,43.0
2025-02-05,2,2025,Garinger High School,Mecklenburg,35.2401000008895,-80.785683,31.0,52.0
2025-02-05,2,2025,Hattie Avenue,Forsyth,36.11094,-80.224501,,32.0
2025-02-05,2,2025,Leggett,Edgecombe,35.988278,-77.5843,,26.0
2025-02-05,2,2025,Mendenhall School,Guilford,36.1090060008986,-79.802314,,22.0
2025-02-05,2,2025,Millbrook School,Wake,35.856111,-78.574167,31.0,29.0
2025-02-05,2,2025,Pitt Agri. Center,Pitt,35.6412760008938,-77.360126,,12.0
2025-02-05,2,2025,Rockwell,Rowan,35.551868,-80.395039,31.0,38.0
2025-02-05,2,2025,West Johnston Co.,Johnston,35.59095,-78.4622,,20.0
2025-02-06,2,2025,Bryson City,Swain,35.434767,-83.442133,,46.0
2025-02-06,2,2025,Castle Hayne,New Hanover,34.364167,-77.838611,,57.0
2025-02-06,2,2025,Clemmons Middle,Forsyth,36.026612,-80.341962,,57.0
2025-02-06,2,2025,Durham Armory,Durham,36.0329550008979,-78.904037,,55.0
2025-02-06,2,2025,Frying Pan Mountain,Haywood,35.379167,-82.7925,,23.0
2025-02-06,2,2025,Garinger High School,Mecklenburg,35.2401000008895,-80.785683,31.0,56.0
2025-02-06,2,2025,Hattie Avenue,Forsyth,36.11094,-80.224501,,58.5
2025-02-06,2,2025,Leggett,Edgecombe,35.988278,-77.5843,,36.0
2025-02-06,2,2025,Linville Falls,Avery,35.972347,-81.933072,,39.0
2025-02-06,2,2025,Mendenhall School,Guilford,36.1090060008986,-79.802314,,55.0
2025-02-06,2,2025,Millbrook School,Wake,35.856111,-78.574167,19.0,58.0
2025-02-06,2,2025,Old High School,Swain,35.498711,-83.310242,,51.0
2025-02-06,2,2025,Pitt Agri. Center,Pitt,35.6412760008938,-77.360126,,47.0
2025-02-06,2,2025,Rockwell,Rowan,35.551868,-80.395039,31.0,57.0
2025-02-06,2,2025,West Johnston Co.,Johnston,35.59095,-78.4622,,57.0
2025-02-07,2,2025,Bryson City,Swain,35.434767,-83.442133,,19.0
2025-02-07,2,2025,Castle Hayne,New Hanover,34.364167,-77.838611,,56.0
2025-02-07,2,2025,Clemmons Middle,Forsyth,36.026612,-80.341962,,38.0
2025-02-07,2,2025,Durham Armory,Durham,36.0329550008979,-78.904037,,46.0
2025-02-07,2,2025,Garinger High School,Mecklenburg,35.2401000008895,-80.785683,34.0,47.0
2025-02-07,2,2025,Hattie Avenue,Forsyth,36.11094,-80.224501,,39.0
2025-02-07,2,2025,Leggett,Edgecombe,35.988278,-77.5843,,36.0
2025-02-07,2,2025,Mendenhall School,Guilford,36.1090060008986,-79.802314,,24.0
2025-02-07,2,2025,Millbrook School,Wake,35.856111,-78.574167,41.0,44.0
2025-02-07,2,2025,Pitt Agri. Center,Pitt,35.6412760008938,-77.360126,,36.0
2025-02-07,2,2025,Rockwell,Rowan,35.551868,-80.395039,40.0,31.0
2025-02-07,2,2025,West Johnston Co.,Johnston,35.59095,-78.4622,,44.0
2025-02-08,2,2025,Bryson City,Swain,35.434767,-83.442133,,32.0
2025-02-08,2,2025,Castle Hayne,New Hanover,34.364167,-77.838611,,49.0
2025-02-08,2,2025,Clemmons Middle,Forsyth,36.026612,-80.341962,,30.0
2025-02-08,2,2025,Durham Armory,Durham,36.0329550008979,-78.904037,,44.0
2025-02-08,2,2025,Garinger High School,Mecklenburg,35.2401000008895,-80.785683,29.0,53.0
2025-02-08,2,2025,Hattie Avenue,Forsyth,36.11094,-80.224501,,35.0
2025-02-08,2,2025,Leggett,Edgecombe,35.988278,-77.5843,,34.0
2025-02-08,2,2025,Mendenhall School,Guilford,36.1090060008986,-79.802314,,28.0
2025-02-08,2,2025,Millbrook School,Wake,35.856111,-78.574167,25.0,37.0
2025-02-08,2,2025,Pitt Agri. Center,Pitt,35.6412760008938,-77.360126,,21.0
2025-02-08,2,2025,Rockwell,Rowan,35.551868,-80.395039,29.0,43.0
2025-02-08,2,2025,West Johnston Co.,Johnston,35.59095,-78.4622,,34.0
2025-02-09,2,2025,Bryson City,Swain,35.434767,-83.442133,,21.0
2025-02-09,2,2025,Castle Hayne,New Hanover,34.364167,-77.838611,,53.5
2025-02-09,2,2025,Clemmons Middle,Forsyth,36.026612,-80.341962,,38.0
2025-02-09,2,2025,Durham Armory,Durham,36.0329550008979,-78.904037,,46.0
2025-02-09,2,2025,Frying Pan Mountain,Haywood,35.379167,-82.7925,,14.0
2025-02-09,2,2025,Garinger High School,Mecklenburg,35.2401000008895,-80.785683,39.0,41.0
2025-02-09,2,2025,Hattie Avenue,Forsyth,36.11094,-80.224501,,38.0
2025-02-09,2,2025,Leggett,Edgecombe,35.988278,-77.5843,,36.0
2025-02-09,2,2025,Linville Falls,Avery,35.972347,-81.933072,,17.0
2025-02-09,2,2025,Mendenhall School,Guilford,36.1090060008986,-79.802314,,38.0
2025-02-09,2,2025,Millbrook School,Wake,35.856111,-78.574167,35.0,46.0
2025-02-09,2,2025,Pitt Agri. Center,Pitt,35.6412760008938,-77.360126,,43.0
2025-02-09,2,2025,Rockwell,Rowan,35.551868,-80.395039,36.0,37.0
2025-02-09,2,2025,West Johnston Co.,Johnston,35.59095,-78.4622,,46.0
2025-02-10,2,2025,Bryson City,Swain,35.434767,-83.442133,,18.0
2025-02-10,2,2025,Castle Hayne,New Hanover,34.364167,-77.838611,,25.5
2025-02-10,2,2025,Clemmons Middle,Forsyth,36.026612,-80.341962,,34.0
2025-02-10,2,2025,Durham Armory,Durham,36.0329550008979,-78.904037,,37.0
2025-02-10,2,2025,Garinger High School,Mecklenburg,35.2401000008895,-80.785683,26.0,28.0
2025-02-10,2,2025,Hattie Avenue,Forsyth,36.11094,-80.224501,,32.0
2025-02-10,2,2025,Leggett,Edgecombe,35.988278,-77.5843,,26.0
2025-02-10,2,2025,Mendenhall School,Guilford,36.1090060008986,-79.802314,,19.0
2025-02-10,2,2025,Millbrook School,Wake,35.856111,-78.574167,30.0,32.0
2025-02-10,2,2025,Pitt Agri. Center,Pitt,35.6412760008938,-77.360126,,16.0
2025-02-10,2,2025,Rockwell,Rowan,35.551868,-80.395039,28.0,27.0
2025-02-10,2,2025,West Johnston Co.,Johnston,35.59095,-78.4622,,27.0
2025-02-11,2,2025,Bryson City,Swain,35.434767,-83.442133,,21.0
2025-02-11,2,2025,Castle Hayne,New Hanover,34.364167,-77.838611,,33.0
2025-02-11,2,2025,Clemmons Middle,Forsyth,36.026612,-80.341962,,51.0
2025-02-11,2,2025,Durham Armory,Durham,36.0329550008979,-78.904037,,45.0
2025-02-11,2,2025,Garinger High School,Mecklenburg,35.2401000008895,-80.785683,28.0,39.0
2025-02-11,2,2025,Hattie Avenue,Forsyth,36.11094,-80.224501,,52.0
2025-02-11,2,2025,Leggett,Edgecombe,35.988278,-77.5843,,31.0
2025-02-11,2,2025,Mendenhall School,Guilford,36.1090060008986,-79.802314,,40.0
2025-02-11,2,2025,Millbrook School,Wake,35.856111,-78.574167,29.0,39.0
2025-02-11,2,2025,Pitt Agri. Center,Pitt,35.6412760008938,-77.360126,,27.0
2025-02-11,2,2025,Rockwell,Rowan,35.551868,-80.395039,30.0,36.0
2025-02-11,2,2025,West Johnston Co.,Johnston,35.59095,-78.4622,,30.0
2025-02-12,2,2025,Bryson City,Swain,35.434767,-83.442133,,23.0
2025-02-12,2,2025,Castle Hayne,New Hanover,34.364167,-77.838611,,18.5
2025-02-12,2,2025,Clemmons Middle,Forsyth,36.026612,-80.341962,,10.0
2025-02-12,2,2025,Durham Armory,Durham,36.0329550008979,-78.904037,,14.0
2025-02-12,2,2025,Frying Pan Mountain,Haywood,35.379167,-82.7925,,2.0
2025-02-12,2,2025,Garinger High School,Mecklenburg,35.2401000008895,-80.785683,20.0,8.0
2025-02-12,2,2025,Hattie Avenue,Forsyth,36.11094,-80.224501,,8.5
2025-02-12,2,2025,Leggett,Edgecombe,35.988278,-77.5843,,11.0
2025-02-12,2,2025,Linville Falls,Avery,35.972347,-81.933072,,18.0
2025-02-12,2,2025,Mendenhall School,Guilford,36.1090060008986,-79.802314,,2.0
2025-02-12,2,2025,Millbrook School,Wake,35.856111,-78.574167,27.0,10.5
2025-02-12,2,2025,Old High School,Swain,35.498711,-83.310242,,20.0
2025-02-12,2,2025,Pitt Agri. Center,Pitt,35.6412760008938,-77.360126,,6.0
2025-02-12,2,2025,Rockwell,Rowan,35.551868,-80.395039,24.0,3.0
2025-02-12,2,2025,West Johnston Co.,Johnston,35.59095,-78.4622,,16.0
2025-02-13,2,2025,Bryson City,Swain,35.434767,-83.442133,,15.0
2025-02-13,2,2025,Castle Hayne,New Hanover,34.364167,-77.838611,,32.5
2025-02-13,2,2025,Clemmons Middle,Forsyth,36.026612,-80.341962,,21.0
2025-02-13,2,2025,Durham Armory,Durham,36.0329550008979,-78.904037,,19.0
2025-02-13,2,2025,Garinger High School,Mecklenburg,35.2401000008895,-80.785683,,19.0
2025-02-13,2,2025,Hattie Avenue,Forsyth,36.11094,-80.224501,,22.0
2025-02-13,2,2025,Leggett,Edgecombe,35.988278,-77.5843,,14.0
2025-02-13,2,2025,Mendenhall School,Guilford,36.1090060008986,-79.802314,,10.0
2025-02-13,2,2025,Millbrook School,Wake,35.856111,-78.574167,25.0,21.0
2025-02-13,2,2025,Pitt Agri. Center,Pitt,35.6412760008938,-77.360126,,14.0
2025-02-13,2,2025,Rockwell,Rowan,35.551868,-80.395039,28.0,20.0
2025-02-13,2,2025,West Johnston Co.,Johnston,35.59095,-78.4622,,24.0
2025-02-14,2,2025,Bryson City,Swain,35.434767,-83.442133,,34.0
2025-02-14,2,2025,Castle Hayne,New Hanover,34.364167,-77.838611,,30.0
2025-02-14,2,2025,Clemmons Middle,Forsyth,36.026612,-80.341962,,33.0
2025-02-14,2,2025,Durham Armory,Durham,36.0329550008979,-78.904037,,34.0
2025-02-14,2,2025,Garinger High School,Mecklenburg,35.2401000008895,-80.785683,35.0,38.0
2025-02-14,2,2025,Hattie Avenue,Forsyth,36.11094,-80.224501,,33.0
2025-02-14,2,2025,Leggett,Edgecombe,35.988278,-77.5843,,25.0
2025-02-14,2,2025,Mendenhall School,Guilford,36.1090060008986,-79.802314,,32.0
2025-02-14,2,2025,Millbrook School,Wake,35.856111,-78.574167,34.0,38.0
2025-02-14,2,2025,Pitt Agri. Center,Pitt,35.6412760008938,-77.360126,,18.0
2025-02-14,2,2025,Rockwell,Rowan,35.551868,-80.395039,34.0,28.0
2025-02-14,2,2025,West Johnston Co.,Johnston,35.59095,-78.4622,,28.0
2025-02-15,2,2025,Bryson City,Swain,35.434767,-83.442133,,46.0
2025-02-15,2,2025,Castle Hayne,New Hanover,34.364167,-77.838611,,29.0
2025-02-15,2,2025,Clemmons Middle,Forsyth,36.026612,-80.341962,,41.0
2025-02-15,2,2025,Durham Armory,Durham,36.0329550008979,-78.904037,,32.0
2025-02-15,2,2025,Frying Pan Mountain,Haywood,35.379167,-82.7925,,8.0
2025-02-15,2,2025,Garinger High School,Mecklenburg,35.2401000008895,-80.785683,23.0,39.0
2025-02-15,2,2025,Hattie Avenue,Forsyth,36.11094,-80.224501,,39.0
2025-02-15,2,2025,Leggett,Edgecombe,35.988278,-77.5843,,24.0
2025-02-15,2,2025,Linville Falls,Avery,35.972347,-81.933072,,22.0
2025-02-15,2,2025,Mendenhall School,Guilford,36.1090060008986,-79.802314,,34.0
2025-02-15,2,2025,Millbrook School,Wake,35.856111,-78.574167,29.0,28.0
2025-02-15,2,2025,Pitt Agri. Center,Pitt,35.6412760008938,-77.360126,,17.0
2025-02-15,2,2025,Rockwell,Rowan,35.551868,-80.395039,23.0,42.0
2025-02-15,2,2025,West Johnston Co.,Johnston,35.59095,-78.4622,,36.0
2025-02-16,2,2025,Bryson City,Swain,35.434767,-83.442133,,19.0
2025-02-16,2,2025,Castle Hayne,New Hanover,34.364167,-77.838611,,27.0
2025-02-16,2,2025,Clemmons Middle,Forsyth,36.026612,-80.341962,,14.0
2025-02-16,2,2025,Durham Armory,Durham,36.0329550008979,-78.904037,,15.0
2025-02-16,2,2025,Garinger High School,Mecklenburg,35.2401000008895,-80.785683,33.0,24.0
2025-02-16,2,2025,Hattie Avenue,Forsyth,36.11094,-80.224501,,16.0
2025-02-16,2,2025,Leggett,Edgecombe,35.988278,-77.5843,,14.0
2025-02-16,2,2025,Mendenhall School,Guilford,36.1090060008986,-79.802314,,9.0
2025-02-16,2,2025,Millbrook School,Wake,35.856111,-78.574167,33.0,17.0
2025-02-16,2,2025,Pitt Agri. Center,Pitt,35.6412760008938,-77.360126,,9.0
2025-02-16,2,2025,Rockwell,Rowan,35.551868,-80.395039,31.0,13.0
2025-02-16,2,2025,West Johnston Co.,Johnston,35.59095,-78.4622,,24.0
2025-02-17,2,2025,Bryson City,Swain,35.434767,-83.442133,,19.0
2025-02-17,2,2025,Castle Hayne,New Hanover,34.364167,-77.838611,,20.5
2025-02-17,2,2025,Clemmons Middle,Forsyth,36.026612,-80.341962,,20.0
2025-02-17,2,2025,Durham Armory,Durham,36.0329550008979,-78.904037,,21.0
2025-02-17,2,2025,Garinger High School,Mecklenburg,35.2401000008895,-80.785683,39.0,28.0
2025-02-17,2,2025,Hattie Avenue,Forsyth,36.11094,-80.224501,,19.0
2025-02-17,2,2025,Leggett,Edgecombe,35.988278,-77.5843,,17.0
2025-02-17,2,2025,Mendenhall School,Guilford,36.1090060008986,-79.802314,,13.0
2025-02-17,2,2025,Millbrook School,Wake,35.856111,-78.574167,38.0,18.0
2025-02-17,2,2025,Pitt Agri. Center,Pitt,35.6412760008938,-77.360126,,11.0
2025-02-17,2,2025,Rockwell,Rowan,35.551868,-80.395039,37.0,17.0
2025-02-17,2,2025,West Johnston Co.,Johnston,35.59095,-78.4622,,12.0
2025-02-18,2,2025,Bryson City,Swain,35.434767,-83.442133,,34.0
2025-02-18,2,2025,Castle Hayne,New Hanover,34.364167,-77.838611,,30.5
2025-02-18,2,2025,Clemmons Middle,Forsyth,36.026612,-80.341962,,29.0
2025-02-18,2,2025,Durham Armory,Durham,36.0329550008979,-78.904037,,19.0
2025-02-18,2,2025,Frying Pan Mountain,Haywood,35.379167,-82.7925,,10.0
2025-02-18,2,2025,Garinger High School,Mecklenburg,35.2401000008895,-80.785683,37.0,47.0
2025-02-18,2,2025,Hattie Avenue,Forsyth,36.11094,-80.224501,,25.0
2025-02-18,2,2025,Leggett,Edgecombe,35.988278,-77.5843,,13.0
2025-02-18,2,2025,Linville Falls,Avery,35.972347,-81.933072,,14.0
2025-02-18,2,2025,Mendenhall School,Guilford,36.1090060008986,-79.802314,,19.0
2025-02-18,2,2025,Millbrook School,Wake,35.856111,-78.574167,38.0,22.5
2025-02-18,2,2025,Old High School,Swain,35.498711,-83.310242,,13.0
2025-02-18,2,2025,Pitt Agri. Center,Pitt,35.6412760008938,-77.360126,,16.0
2025-02-18,2,2025,Rockwell,Rowan,35.551868,-80.395039,38.0,54.0
2025-02-18,2,2025,West Johnston Co.,Johnston,35.59095,-78.4622,,24.0
2025-02-19,2,2025,Bryson City,Swain,35.434767,-83.442133,,42.0
2025-02-19,2,2025,Castle Hayne,New Hanover,34.364167,-77.838611,,25.5
2025-02-19,2,2025,Clemmons Middle,Forsyth,36.026612,-80.341962,,31.0
2025-02-19,2,2025,Durham Armory,Durham,36.0329550008979,-78.904037,,37.0
2025-02-19,2,2025,Garinger High School,Mecklenburg,35.2401000008895,-80.785683,27.0,51.0
2025-02-19,2,2025,Hattie Avenue,Forsyth,36.11094,-80.224501,,30.0
2025-02-19,2,2025,Leggett,Edgecombe,35.988278,-77.5843,,23.0
2025-02-19,2,2025,Mendenhall School,Guilford,36.1090060008986,-79.802314,,29.0
2025-02-19,2,2025,Millbrook School,Wake,35.856111,-78.574167,30.0,28.0
2025-02-19,2,2025,Pitt Agri. Center,Pitt,35.6412760008938,-77.360126,,18.0
2025-02-19,2,2025,Rockwell,Rowan,35.551868,-80.395039,29.0,46.0
2025-02-19,2,2025,West Johnston Co.,Johnston,35.59095,-78.4622,,17.0
2025-02-20,2,2025,Bryson City,Swain,35.434767,-83.442133,,22.0
2025-02-20,2,2025,Castle Hayne,New Hanover,34.364167,-77.838611,,47.0
2025-02-20,2,2025,Clemmons Middle,Forsyth,36.026612,-80.341962,,33.0
2025-02-20,2,2025,Durham Armory,Durham,36.0329550008979,-78.904037,,32.0
2025-02-20,2,2025,Garinger High School,Mecklenburg,35.2401000008895,-80.785683,35.0,39.0
2025-02-20,2,2025,Hattie Avenue,Forsyth,36.11094,-80.224501,,32.0
2025-02-20,2,2025,Leggett,Edgecombe,35.988278,-77.5843,,25.0
2025-02-20,2,2025,Mendenhall School,Guilford,36.1090060008986,-79.802314,,27.0
2025-02-20,2,2025,Millbrook School,Wake,35.856111,-78.574167,35.0,23.0
2025-02-20,2,2025,Pitt Agri. Center,Pitt,35.6412760008938,-77.360126,,22.0
2025-02-20,2,2025,Rockwell,Rowan,35.551868,-80.395039,35.0,27.0
2025-02-20,2,2025,West Johnston Co.,Johnston,35.59095,-78.4622,,19.0
2025-02-21,2,2025,Bryson City,Swain,35.434767,-83.442133,,16.0
2025-02-21,2,2025,Castle Hayne,New Hanover,34.364167,-77.838611,,38.5
2025-02-21,2,2025,Clemmons Middle,Forsyth,36.026612,-80.341962,,22.0
2025-02-21,2,2025,Durham Armory,Durham,36.0329550008979,-78.904037,,28.0
2025-02-21,2,2025,Frying Pan Mountain,Haywood,35.379167,-82.7925,,6.0
2025-02-21,2,2025,Garinger High School,Mecklenburg,35.2401000008895,-80.785683,32.0,33.0
2025-02-21,2,2025,Hattie Avenue,Forsyth,36.11094,-80.224501,,16.5
2025-02-21,2,2025,Leggett,Edgecombe,35.988278,-77.5843,,22.0
2025-02-21,2,2025,Linville Falls,Avery,35.972347,-81.933072,,9.0
2025-02-21,2,2025,Mendenhall School,Guilford,36.1090060008986,-79.802314,,24.0
2025-02-21,2,2025,Millbrook School,Wake,35.856111,-78.574167,35.0,22.0
2025-02-21,2,2025,Pitt Agri. Center,Pitt,35.6412760008938,-77.360126,,19.0
2025-02-21,2,2025,Rockwell,Rowan,35.551868,-80.395039,34.0,17.0
2025-02-21,2,2025,West Johnston Co.,Johnston,35.59095,-78.4622,,16.0
2025-02-22,2,2025,Bryson City,Swain,35.434767,-83.442133,,51.0
2025-02-22,2,2025,Castle Hayne,New Hanover,34.364167,-77.838611,,56.0
2025-02-22,2,2025,Clemmons Middle,Forsyth,36.026612,-80.341962,,31.0
2025-02-22,2,2025,Durham Armory,Durham,36.0329550008979,-78.904037,,36.0
2025-02-22,2,2025,Garinger High School,Mecklenburg,35.2401000008895,-80.785683,40.0,42.0
2025-02-22,2,2025,Hattie Avenue,Forsyth,36.11094,-80.224501,,30.0
2025-02-22,2,2025,Leggett,Edgecombe,35.988278,-77.5843,,25.0
2025-02-22,2,2025,Mendenhall School,Guilford,36.1090060008986,-79.802314,,29.0
2025-02-22,2,2025,Millbrook School,Wake,35.856111,-78.574167,33.0,31.0
2025-02-22,2,2025,Pitt Agri. Center,Pitt,35.6412760008938,-77.360126,,32.0
2025-02-22,2,2025,Rockwell,Rowan,35.551868,-80.395039,39.0,51.0
2025-02-22,2,2025,West Johnston Co.,Johnston,35.59095,-78.4622,,27.0
2025-02-23,2,2025,Bryson City,Swain,35.434767,-83.442133,,51.0
2025-02-23,2,2025,Castle Hayne,New Hanover,34.364167,-77.838611,,46.5
2025-02-23,2,2025,Clemmons Middle,Forsyth,36.026612,-80.341962,,44.0
2025-02-23,2,2025,Durham Armory,Durham,36.0329550008979,-78.904037,,44.0
2025-02-23,2,2025,Garinger High School,Mecklenburg,35.2401000008895,-80.785683,44.0,55.0
2025-02-23,2,2025,Hattie Avenue,Forsyth,36.11094,-80.224501,,33.0
2025-02-23,2,2025,Leggett,Edgecombe,35.988278,-77.5843,,32.0
2025-02-23,2,2025,Mendenhall School,Guilford,36.1090060008986,-79.802314,,46.0
2025-02-23,2,2025,Millbrook School,Wake,35.856111,-78.574167,41.0,43.0
2025-02-23,2,2025,Pitt Agri. Center,Pitt,35.6412760008938,-77.360126,,42.0
2025-02-23,2,2025,Rockwell,Rowan,35.551868,-80.395039,41.0,49.0
2025-02-23,2,2025,West Johnston Co.,Johnston,35.59095,-78.4622,,47.0
2025-02-24,2,2025,Bryson City,Swain,35.434767,-83.442133,,35.0
2025-02-24,2,2025,Castle Hayne,New Hanover,34.364167,-77.838611,,61.5
2025-02-24,2,2025,Clemmons Middle,Forsyth,36.026612,-80.341962,,52.5
2025-02-24,2,2025,Durham Armory,Durham,36.0329550008979,-78.904037,,40.0
2025-02-24,2,2025,Frying Pan Mountain,Haywood,35.379167,-82.7925,,15.0
2025-02-24,2,2025,Garinger High School,Mecklenburg,35.2401000008895,-80.785683,50.0,66.0
2025-02-24,2,2025,Hattie Avenue,Forsyth,36.11094,-80.224501,,42.0
2025-02-24,2,2025,Leggett,Edgecombe,35.988278,-77.5843,,31.0
2025-02-24,2,2025,Linville Falls,Avery,35.972347,-81.933072,,14.0
2025-02-24,2,2025,Mendenhall School,Guilford,36.1090060008986,-79.802314,,43.0
2025-02-24,2,2025,Millbrook School,Wake,35.856111,-78.574167,43.0,52.0
2025-02-24,2,2025,Old High School,Swain,35.498711,-83.310242,,16.0
2025-02-24,2,2025,Pitt Agri. Center,Pitt,35.6412760008938,-77.360126,,38.0
2025-02-24,2,2025,Rockwell,Rowan,35.551868,-80.395039,46.0,60.0
2025-02-24,2,2025,West Johnston Co.,Johnston,35.59095,-78.4622,,53.0
2025-02-25,2,2025,Bryson City,Swain,35.434767,-83.442133,,41.0
2025-02-25,2,2025,Castle Hayne,New Hanover,34.364167,-77.838611,,69.0
2025-02-25,2,2025,Clemmons Middle,Forsyth,36.026612,-80.341962,,52.0
2025-02-25,2,2025,Durham Armory,Durham,36.0329550008979,-78.904037,,55.0
2025-02-25,2,2025,Garinger High School,Mecklenburg,35.2401000008895,-80.785683,49.0,62.0
2025-02-25,2,2025,Hattie Avenue,Forsyth,36.11094,-80.224501,46.0,58.0
2025-02-25,2,2025,Leggett,Edgecombe,35.988278,-77.5843,,51.0
2025-02-25,2,2025,Mendenhall School,Guilford,36.1090060008986,-79.802314,,48.0
2025-02-25,2,2025,Millbrook School,Wake,35.856111,-78.574167,47.0,61.0
2025-02-25,2,2025,Pitt Agri. Center,Pitt,35.6412760008938,-77.360126,,58.0
2025-02-25,2,2025,Rockwell,Rowan,35.551868,-80.395039,49.0,55.0
2025-02-25,2,2025,West Johnston Co.,Johnston,35.59095,-78.4622,,60.0
2025-02-26,2,2025,Bryson City,Swain,35.434767,-83.442133,,29.0
2025-02-26,2,2025,Castle Hayne,New Hanover,34.364167,-77.838611,,78.0
2025-02-26,2,2025,Clemmons Middle,Forsyth,36.026612,-80.341962,,39.0
2025-02-26,2,2025,Durham Armory,Durham,36.0329550008979,-78.904037,,49.0
2025-02-26,2,2025,Garinger High School,Mecklenburg,35.2401000008895,-80.785683,51.0,59.0
2025-02-26,2,2025,Hattie Avenue,Forsyth,36.11094,-80.224501,54.0,33.0
2025-02-26,2,2025,Leggett,Edgecombe,35.988278,-77.5843,,46.0
2025-02-26,2,2025,Mendenhall School,Guilford,36.1090060008986,-79.802314,,33.0
2025-02-26,2,2025,Millbrook School,Wake,35.856111,-78.574167,42.0,53.0
2025-02-26,2,2025,Pitt Agri. Center,Pitt,35.6412760008938,-77.360126,,51.0
2025-02-26,2,2025,Rockwell,Rowan,35.551868,-80.395039,49.0,54.0
2025-02-26,2,2025,West Johnston Co.,Johnston,35.59095,-78.4622,,57.0
2025-02-27,2,2025,Bryson City,Swain,35.434767,-83.442133,,34.0
2025-02-27,2,2025,Castle Hayne,New Hanover,34.364167,-77.838611,,69.0
2025-02-27,2,2025,Clemmons Middle,Forsyth,36.026612,-80.341962,45.0,55.0
2025-02-27,2,2025,Durham Armory,Durham,36.0329550008979,-78.904037,,65.0
2025-02-27,2,2025,Frying Pan Mountain,Haywood,35.379167,-82.7925,,25.0
2025-02-27,2,2025,Garinger High School,Mecklenburg,35.2401000008895,-80.785683,46.0,57.5
2025-02-27,2,2025,Hattie Avenue,Forsyth,36.11094,-80.224501,44.0,55.5
2025-02-27,2,2025,Leggett,Edgecombe,35.988278,-77.5843,,62.0
2025-02-27,2,2025,Linville Falls,Avery,35.972347,-81.933072,,30.0
2025-02-27,2,2025,Mendenhall School,Guilford,36.1090060008986,-79.802314,,55.0
2025-02-27,2,2025,Millbrook School,Wake,35.856111,-78.574167,47.0,65.0
2025-02-27,2,2025,Pitt Agri. Center,Pitt,35.6412760008938,-77.360126,,61.0
2025-02-27,2,2025,Rockwell,Rowan,35.551868,-80.395039,44.0,55.0
2025-02-27,2,2025,West Johnston Co.,Johnston,35.59095,-78.4622,,64.0
2025-02-28,2,2025,Bryson City,Swain,35.434767,-83.442133,,19.0
2025-02-28,2,2025,Castle Hayne,New Hanover,34.364167,-77.838611,,26.0
2025-02-28,2,2025,Clemmons Middle,Forsyth,36.026612,-80.341962,45.0,13.0
2025-02-28,2,2025,Durham Armory,Durham,36.0329550008979,-78.904037,,23.0
2025-02-28,2,2025,Garinger High School,Mecklenburg,35.2401000008895,-80.785683,45.0,19.0
2025-02-28,2,2025,Hattie Avenue,Forsyth,36.11094,-80.224501,44.0,14.0
2025-02-28,2,2025,Leggett,Edgecombe,35.988278,-77.5843,,19.0
2025-02-28,2,2025,Mendenhall School,Guilford,36.1090060008986,-79.802314,,12.0
2025-02-28,2,2025,Millbrook School,Wake,35.856111,-78.574167,42.0,24.0
2025-02-28,2,2025,Pitt Agri. Center,Pitt,35.6412760008938,-77.360126,,17.0
2025-02-28,2,2025,Rockwell,Rowan,35.551868,-80.395039,44.0,18.0
2025-02-28,2,2025,West Johnston Co.,Johnston,35.59095,-78.4622,,16.0
2025-03-01,3,2025,Bryson City,Swain,35.434767,-83.442133,43.0,17.0
2025-03-01,3,2025,Castle Hayne,New Hanover,34.364167,-77.838611,51.0,57.5
2025-03-01,3,2025,Clemmons Middle,Forsyth,36.026612,-80.341962,48.0,28.0
2025-03-01,3,2025,Durham Armory,Durham,36.0329550008979,-78.904037,,45.0
2025-03-01,3,2025,Frying Pan Mountain,Haywood,35.379167,-82.7925,46.0,
2025-03-01,3,2025,Garinger High School,Mecklenburg,35.2401000008895,-80.785683,49.0,32.0
2025-03-01,3,2025,Hattie Avenue,Forsyth,36.11094,-80.224501,47.0,29.0
2025-03-01,3,2025,Leggett,Edgecombe,35.988278,-77.5843,0.0,36.0
2025-03-01,3,2025,Linville Falls,Avery,35.972347,-81.933072,47.0,
2025-03-01,3,2025,Mendenhall School,Guilford,36.1090060008986,-79.802314,47.0,24.0
2025-03-01,3,2025,Millbrook School,Wake,35.856111,-78.574167,48.0,37.0
2025-03-01,3,2025,Pitt Agri. Center,Pitt,35.6412760008938,-77.360126,49.0,35.0
2025-03-01,3,2025,Rockwell,Rowan,35.551868,-80.395039,47.0,33.0
2025-03-01,3,2025,West Johnston Co.,Johnston,35.59095,-78.4622,,39.0
2025-03-02,3,2025,Bryson City,Swain,35.434767,-83.442133,40.0,12.0
2025-03-02,3,2025,Castle Hayne,New Hanover,34.364167,-77.838611,36.0,22.5
2025-03-02,3,2025,Clemmons Middle,Forsyth,36.026612,-80.341962,41.0,18.0
2025-03-02,3,2025,Durham Armory,Durham,36.0329550008979,-78.904037,,23.0
2025-03-02,3,2025,Frying Pan Mountain,Haywood,35.379167,-82.7925,45.0,16.0
2025-03-02,3,2025,Garinger High School,Mecklenburg,35.2401000008895,-80.785683,40.0,25.5
2025-03-02,3,2025,Hattie Avenue,Forsyth,36.11094,-80.224501,41.0,21.5
2025-03-02,3,2025,Leggett,Edgecombe,35.988278,-77.5843,0.0,19.0
2025-03-02,3,2025,Linville Falls,Avery,35.972347,-81.933072,43.0,23.0
2025-03-02,3,2025,Mendenhall School,Guilford,36.1090060008986,-79.802314,39.0,22.0
2025-03-02,3,2025,Millbrook School,Wake,35.856111,-78.574167,38.0,18.0
2025-03-02,3,2025,Old High School,Swain,35.498711,-83.310242,,13.0
2025-03-02,3,2025,Pitt Agri. Center,Pitt,35.6412760008938,-77.360126,39.0,12.0
2025-03-02,3,2025,Rockwell,Rowan,35.551868,-80.395039,38.0,26.0
2025-03-02,3,2025,West Johnston Co.,Johnston,35.59095,-78.4622,,9.0
2025-03-03,3,2025,Bryson City,Swain,35.434767,-83.442133,42.0,27.0
2025-03-03,3,2025,Castle Hayne,New Hanover,34.364167,-77.838611,41.0,28.5
2025-03-03,3,2025,Clemmons Middle,Forsyth,36.026612,-80.341962,44.0,48.0
2025-03-03,3,2025,Durham Armory,Durham,36.0329550008979,-78.904037,,32.0
2025-03-03,3,2025,Frying Pan Mountain,Haywood,35.379167,-82.7925,47.0,
2025-03-03,3,2025,Garinger High School,Mecklenburg,35.2401000008895,-80.785683,42.0,40.0
2025-03-03,3,2025,Hattie Avenue,Forsyth,36.11094,-80.224501,44.0,33.0
2025-03-03,3,2025,Leggett,Edgecombe,35.988278,-77.5843,0.0,24.0
2025-03-03,3,2025,Linville Falls,Avery,35.972347,-81.933072,44.0,
2025-03-03,3,2025,Mendenhall School,Guilford,36.1090060008986,-79.802314,41.0,31.0
2025-03-03,3,2025,Millbrook School,Wake,35.856111,-78.574167,40.0,39.0
2025-03-03,3,2025,Pitt Agri. Center,Pitt,35.6412760008938,-77.360126,42.0,17.0
2025-03-03,3,2025,Rockwell,Rowan,35.551868,-80.395039,42.0,44.0
2025-03-03,3,2025,West Johnston Co.,Johnston,35.59095,-78.4622,,37.0
2025-03-04,3,2025,Bryson City,Swain,35.434767,-83.442133,43.0,48.0
2025-03-04,3,2025,Castle Hayne,New Hanover,34.364167,-77.838611,42.0,25.0
2025-03-04,3,2025,Clemmons Middle,Forsyth,36.026612,-80.341962,44.0,35.0
2025-03-04,3,2025,Durham Armory,Durham,36.0329550008979,-78.904037,43.0,51.0
2025-03-04,3,2025,Frying Pan Mountain,Haywood,35.379167,-82.7925,44.0,
2025-03-04,3,2025,Garinger High School,Mecklenburg,35.2401000008895,-80.785683,42.0,29.0
2025-03-04,3,2025,Hattie Avenue,Forsyth,36.11094,-80.224501,44.0,34.0
2025-03-04,3,2025,Leggett,Edgecombe,35.988278,-77.5843,,26.0
2025-03-04,3,2025,Linville Falls,Avery,35.972347,-81.933072,44.0,
2025-03-04,3,2025,Mendenhall School,Guilford,36.1090060008986,-79.802314,43.0,32.0
2025-03-04,3,2025,Millbrook School,Wake,35.856111,-78.574167,40.0,34.0
2025-03-04,3,2025,Pitt Agri. Center,Pitt,35.6412760008938,-77.360126,43.0,17.0
2025-03-04,3,2025,Rockwell,Rowan,35.551868,-80.395039,39.0,28.0
2025-03-04,3,2025,West Johnston Co.,Johnston,35.59095,-78.4622,,42.0
2025-03-05,3,2025,Bryson City,Swain,35.434767,-83.442133,35.0,25.0
2025-03-05,3,2025,Castle Hayne,New Hanover,34.364167,-77.838611,38.0,52.5
2025-03-05,3,2025,Clemmons Middle,Forsyth,36.026612,-80.341962,44.0,34.0
2025-03-05,3,2025,Durham Armory,Durham,36.0329550008979,-78.904037,37.0,25.0
2025-03-05,3,2025,Garinger High School,Mecklenburg,35.2401000008895,-80.785683,42.0,38.0
2025-03-05,3,2025,Hattie Avenue,Forsyth,36.11094,-80.224501,44.0,33.0
2025-03-05,3,2025,Leggett,Edgecombe,35.988278,-77.5843,,32.0
2025-03-05,3,2025,Linville Falls,Avery,35.972347,-81.933072,45.0,20.0
2025-03-05,3,2025,Mendenhall School,Guilford,36.1090060008986,-79.802314,43.0,33.0
2025-03-05,3,2025,Millbrook School,Wake,35.856111,-78.574167,35.0,31.0
2025-03-05,3,2025,Pitt Agri. Center,Pitt,35.6412760008938,-77.360126,38.0,30.0
2025-03-05,3,2025,Rockwell,Rowan,35.551868,-80.395039,41.0,30.0
2025-03-05,3,2025,West Johnston Co.,Johnston,35.59095,-78.4622,,31.0
2025-03-06,3,2025,Bryson City,Swain,35.434767,-83.442133,36.0,13.0
2025-03-06,3,2025,Castle Hayne,New Hanover,34.364167,-77.838611,32.0,25.0
2025-03-06,3,2025,Clemmons Middle,Forsyth,36.026612,-80.341962,36.0,9.0
2025-03-06,3,2025,Durham Armory,Durham,36.0329550008979,-78.904037,34.0,12.0
2025-03-06,3,2025,Frying Pan Mountain,Haywood,35.379167,-82.7925,42.0,
2025-03-06,3,2025,Garinger High School,Mecklenburg,35.2401000008895,-80.785683,35.0,7.0
2025-03-06,3,2025,Hattie Avenue,Forsyth,36.11094,-80.224501,35.0,10.0
2025-03-06,3,2025,Leggett,Edgecombe,35.988278,-77.5843,36.0,11.0
2025-03-06,3,2025,Linville Falls,Avery,35.972347,-81.933072,38.0,
2025-03-06,3,2025,Mendenhall School,Guilford,36.1090060008986,-79.802314,34.0,6.0
2025-03-06,3,2025,Millbrook School,Wake,35.856111,-78.574167,33.0,11.0
2025-03-06,3,2025,Pitt Agri. Center,Pitt,35.6412760008938,-77.360126,34.0,3.0
2025-03-06,3,2025,Rockwell,Rowan,35.551868,-80.395039,32.0,4.0
2025-03-06,3,2025,West Johnston Co.,Johnston,35.59095,-78.4622,36.0,0.0
2025-03-07,3,2025,Bryson City,Swain,35.434767,-83.442133,32.0,20.0
2025-03-07,3,2025,Castle Hayne,New Hanover,34.364167,-77.838611,38.0,25.0
2025-03-07,3,2025,Clemmons Middle,Forsyth,36.026612,-80.341962,35.0,23.0
2025-03-07,3,2025,Durham Armory,Durham,36.0329550008979,-78.904037,36.0,46.0
2025-03-07,3,2025,Frying Pan Mountain,Haywood,35.379167,-82.7925,45.0,
2025-03-07,3,2025,Garinger High School,Mecklenburg,35.2401000008895,-80.785683,39.0,26.0
2025-03-07,3,2025,Hattie Avenue,Forsyth,36.11094,-80.224501,33.0,25.0
2025-03-07,3,2025,Leggett,Edgecombe,35.988278,-77.5843,39.0,30.0
2025-03-07,3,2025,Linville Falls,Avery,35.972347,-81.933072,41.0,
2025-03-07,3,2025,Mendenhall School,Guilford,36.1090060008986,-79.802314,33.0,22.0
2025-03-07,3,2025,Millbrook School,Wake,35.856111,-78.574167,34.0,47.0
2025-03-07,3,2025,Pitt Agri. Center,Pitt,35.6412760008938,-77.360126,38.0,12.0
2025-03-07,3,2025,Rockwell,Rowan,35.551868,-80.395039,31.0,23.0
2025-03-07,3,2025,West Johnston Co.,Johnston,35.59095,-78.4622,40.0,26.0
2025-03-08,3,2025,Bryson City,Swain,35.434767,-83.442133,43.0,41.0
2025-03-08,3,2025,Castle Hayne,New Hanover,34.364167,-77.838611,45.0,55.0
2025-03-08,3,2025,Clemmons Middle,Forsyth,36.026612,-80.341962,43.0,32.0
2025-03-08,3,2025,Durham Armory,Durham,36.0329550008979,-78.904037,42.0,59.0
2025-03-08,3,2025,Frying Pan Mountain,Haywood,35.379167,-82.7925,46.0,27.0
2025-03-08,3,2025,Garinger High School,Mecklenburg,35.2401000008895,-80.785683,44.0,52.0
2025-03-08,3,2025,Hattie Avenue,Forsyth,36.11094,-80.224501,41.0,46.5
2025-03-08,3,2025,Leggett,Edgecombe,35.988278,-77.5843,44.0,47.0
2025-03-08,3,2025,Linville Falls,Avery,35.972347,-81.933072,42.0,26.0
2025-03-08,3,2025,Mendenhall School,Guilford,36.1090060008986,-79.802314,42.0,34.0
2025-03-08,3,2025,Millbrook School,Wake,35.856111,-78.574167,43.0,50.0
2025-03-08,3,2025,Old High School,Swain,35.498711,-83.310242,,28.0
2025-03-08,3,2025,Pitt Agri. Center,Pitt,35.6412760008938,-77.360126,46.0,51.0
2025-03-08,3,2025,Rockwell,Rowan,35.551868,-80.395039,42.0,51.0
2025-03-08,3,2025,West Johnston Co.,Johnston,35.59095,-78.4622,47.0,
2025-03-09,3,2025,Bryson City,Swain,35.434767,-83.442133,40.0,25.0
2025-03-09,3,2025,Castle Hayne,New Hanover,34.364167,-77.838611,37.0,37.5
2025-03-09,3,2025,Clemmons Middle,Forsyth,36.026612,-80.341962,44.0,22.0
2025-03-09,3,2025,Durham Armory,Durham,36.0329550008979,-78.904037,41.0,16.0
2025-03-09,3,2025,Frying Pan Mountain,Haywood,35.379167,-82.7925,44.0,
2025-03-09,3,2025,Garinger High School,Mecklenburg,35.2401000008895,-80.785683,43.0,23.0
2025-03-09,3,2025,Hattie Avenue,Forsyth,36.11094,-80.224501,44.0,24.0
2025-03-09,3,2025,Leggett,Edgecombe,35.988278,-77.5843,44.0,32.0
2025-03-09,3,2025,Linville Falls,Avery,35.972347,-81.933072,44.0,
2025-03-09,3,2025,Mendenhall School,Guilford,36.1090060008986,-79.802314,44.0,22.0
2025-03-09,3,2025,Millbrook School,Wake,35.856111,-78.574167,41.0,26.0
2025-03-09,3,2025,Pitt Agri. Center,Pitt,35.6412760008938,-77.360126,41.0,23.0
2025-03-09,3,2025,Rockwell,Rowan,35.551868,-80.395039,42.0,24.0
2025-03-09,3,2025,West Johnston Co.,Johnston,35.59095,-78.4622,43.0,
2025-03-10,3,2025,Bryson City,Swain,35.434767,-83.442133,40.0,29.0
2025-03-10,3,2025,Castle Hayne,New Hanover,34.364167,-77.838611,38.0,37.0
2025-03-10,3,2025,Clemmons Middle,Forsyth,36.026612,-80.341962,43.0,30.0
2025-03-10,3,2025,Durham Armory,Durham,36.0329550008979,-78.904037,40.0,36.0
2025-03-10,3,2025,Frying Pan Mountain,Haywood,35.379167,-82.7925,48.0,
2025-03-10,3,2025,Garinger High School,Mecklenburg,35.2401000008895,-80.785683,30.0,46.0
2025-03-10,3,2025,Hattie Avenue,Forsyth,36.11094,-80.224501,44.0,34.0
2025-03-10,3,2025,Leggett,Edgecombe,35.988278,-77.5843,41.0,28.0
2025-03-10,3,2025,Linville Falls,Avery,35.972347,-81.933072,43.0,
2025-03-10,3,2025,Mendenhall School,Guilford,36.1090060008986,-79.802314,38.0,26.0
2025-03-10,3,2025,Millbrook School,Wake,35.856111,-78.574167,39.0,44.0
2025-03-10,3,2025,Pitt Agri. Center,Pitt,35.6412760008938,-77.360126,41.0,31.0
2025-03-10,3,2025,Rockwell,Rowan,35.551868,-80.395039,35.0,40.0
2025-03-10,3,2025,West Johnston Co.,Johnston,35.59095,-78.4622,41.0,
2025-03-11,3,2025,Bryson City,Swain,35.434767,-83.442133,48.0,30.0
2025-03-11,3,2025,Castle Hayne,New Hanover,34.364167,-77.838611,43.0,26.5
2025-03-11,3,2025,Clemmons Middle,Forsyth,36.026612,-80.341962,64.0,31.0
2025-03-11,3,2025,Durham Armory,Durham,36.0329550008979,-78.904037,48.0,35.0
2025-03-11,3,2025,Frying Pan Mountain,Haywood,35.379167,-82.7925,74.0,20.0
2025-03-11,3,2025,Garinger High School,Mecklenburg,35.2401000008895,-80.785683,49.0,34.0
2025-03-11,3,2025,Hattie Avenue,Forsyth,36.11094,-80.224501,64.0,30.0
2025-03-11,3,2025,Leggett,Edgecombe,35.988278,-77.5843,46.0,22.0
2025-03-11,3,2025,Linville Falls,Avery,35.972347,-81.933072,51.0,21.0
2025-03-11,3,2025,Mendenhall School,Guilford,36.1090060008986,-79.802314,58.0,30.0
2025-03-11,3,2025,Millbrook School,Wake,35.856111,-78.574167,47.0,32.5
2025-03-11,3,2025,Pitt Agri. Center,Pitt,35.6412760008938,-77.360126,44.0,25.0
2025-03-11,3,2025,Rockwell,Rowan,35.551868,-80.395039,50.0,29.0
2025-03-11,3,2025,West Johnston Co.,Johnston,35.59095,-78.4622,51.0,
2025-03-12,3,2025,Bryson City,Swain,35.434767,-83.442133,49.0,44.0
2025-03-12,3,2025,Castle Hayne,New Hanover,34.364167,-77.838611,74.0,51.0
2025-03-12,3,2025,Clemmons Middle,Forsyth,36.026612,-80.341962,87.0,52.0
2025-03-12,3,2025,Durham Armory,Durham,36.0329550008979,-78.904037,71.0,55.0
2025-03-12,3,2025,Frying Pan Mountain,Haywood,35.379167,-82.7925,74.0,
2025-03-12,3,2025,Garinger High School,Mecklenburg,35.2401000008895,-80.785683,74.0,53.0
2025-03-12,3,2025,Hattie Avenue,Forsyth,36.11094,-80.224501,84.0,52.0
2025-03-12,3,2025,Leggett,Edgecombe,35.988278,-77.5843,64.0,51.0
2025-03-12,3,2025,Linville Falls,Avery,35.972347,-81.933072,71.0,
2025-03-12,3,2025,Mendenhall School,Guilford,36.1090060008986,-79.802314,77.0,54.0
2025-03-12,3,2025,Millbrook School,Wake,35.856111,-78.574167,64.0,53.0
2025-03-12,3,2025,Pitt Agri. Center,Pitt,35.6412760008938,-77.360126,71.0,53.0
2025-03-12,3,2025,Rockwell,Rowan,35.551868,-80.395039,64.0,52.0
2025-03-12,3,2025,West Johnston Co.,Johnston,35.59095,-78.4622,84.0,54.0
2025-03-13,3,2025,Bryson City,Swain,35.434767,-83.442133,50.0,53.0
2025-03-13,3,2025,Castle Hayne,New Hanover,34.364167,-77.838611,64.0,65.5
2025-03-13,3,2025,Clemmons Middle,Forsyth,36.026612,-80.341962,84.0,62.0
2025-03-13,3,2025,Durham Armory,Durham,36.0329550008979,-78.904037,45.0,68.0
2025-03-13,3,2025,Frying Pan Mountain,Haywood,35.379167,-82.7925,74.0,
2025-03-13,3,2025,Garinger High School,Mecklenburg,35.2401000008895,-80.785683,54.0,68.0
2025-03-13,3,2025,Hattie Avenue,Forsyth,36.11094,-80.224501,80.0,63.0
2025-03-13,3,2025,Leggett,Edgecombe,35.988278,-77.5843,37.0,60.0
2025-03-13,3,2025,Linville Falls,Avery,35.972347,-81.933072,67.0,
2025-03-13,3,2025,Mendenhall School,Guilford,36.1090060008986,-79.802314,51.0,59.0
2025-03-13,3,2025,Millbrook School,Wake,35.856111,-78.574167,49.0,69.0
2025-03-13,3,2025,Pitt Agri. Center,Pitt,35.6412760008938,-77.360126,49.0,60.0
2025-03-13,3,2025,Rockwell,Rowan,35.551868,-80.395039,64.0,65.0
2025-03-13,3,2025,West Johnston Co.,Johnston,35.59095,-78.4622,64.0,66.0
2025-03-14,3,2025,Bryson City,Swain,35.434767,-83.442133,49.0,52.0
2025-03-14,3,2025,Castle Hayne,New Hanover,34.364167,-77.838611,31.0,57.5
2025-03-14,3,2025,Clemmons Middle,Forsyth,36.026612,-80.341962,50.0,66.0
2025-03-14,3,2025,Durham Armory,Durham,36.0329550008979,-78.904037,31.0,
2025-03-14,3,2025,Frying Pan Mountain,Haywood,35.379167,-82.7925,64.0,52.0
2025-03-14,3,2025,Garinger High School,Mecklenburg,35.2401000008895,-80.785683,48.0,75.0
2025-03-14,3,2025,Hattie Avenue,Forsyth,36.11094,-80.224501,50.0,66.0
2025-03-14,3,2025,Leggett,Edgecombe,35.988278,-77.5843,33.0,53.0
2025-03-14,3,2025,Linville Falls,Avery,35.972347,-81.933072,67.0,57.0
2025-03-14,3,2025,Mendenhall School,Guilford,36.1090060008986,-79.802314,42.0,61.0
2025-03-14,3,2025,Millbrook School,Wake,35.856111,-78.574167,30.0,61.5
2025-03-14,3,2025,Old High School,Swain,35.498711,-83.310242,,44.0
2025-03-14,3,2025,Pitt Agri. Center,Pitt,35.6412760008938,-77.360126,33.0,52.0
2025-03-14,3,2025,Rockwell,Rowan,35.551868,-80.395039,41.0,79.0
2025-03-14,3,2025,West Johnston Co.,Johnston,35.59095,-78.4622,31.0,56.0
2025-03-15,3,2025,Bryson City,Swain,35.434767,-83.442133,44.0,51.0
2025-03-15,3,2025,Castle Hayne,New Hanover,34.364167,-77.838611,37.0,33.0
2025-03-15,3,2025,Clemmons Middle,Forsyth,36.026612,-80.341962,36.0,63.0
2025-03-15,3,2025,Durham Armory,Durham,36.0329550008979,-78.904037,35.0,54.0
2025-03-15,3,2025,Frying Pan Mountain,Haywood,35.379167,-82.7925,41.0,
2025-03-15,3,2025,Garinger High School,Mecklenburg,35.2401000008895,-80.785683,36.0,55.0
2025-03-15,3,2025,Hattie Avenue,Forsyth,36.11094,-80.224501,37.0,63.0
2025-03-15,3,2025,Leggett,Edgecombe,35.988278,-77.5843,39.0,58.0
2025-03-15,3,2025,Linville Falls,Avery,35.972347,-81.933072,41.0,
2025-03-15,3,2025,Mendenhall School,Guilford,36.1090060008986,-79.802314,34.0,59.0
2025-03-15,3,2025,Millbrook School,Wake,35.856111,-78.574167,33.0,58.0
2025-03-15,3,2025,Pitt Agri. Center,Pitt,35.6412760008938,-77.360126,38.0,43.0
2025-03-15,3,2025,Rockwell,Rowan,35.551868,-80.395039,31.0,59.0
2025-03-15,3,2025,West Johnston Co.,Johnston,35.59095,-78.4622,40.0,55.0
2025-03-16,3,2025,Bryson City,Swain,35.434767,-83.442133,43.0,50.0
2025-03-16,3,2025,Castle Hayne,New Hanover,34.364167,-77.838611,34.0,45.5
2025-03-16,3,2025,Clemmons Middle,Forsyth,36.026612,-80.341962,41.0,43.0
2025-03-16,3,2025,Durham Armory,Durham,36.0329550008979,-78.904037,33.0,38.0
2025-03-16,3,2025,Garinger High School,Mecklenburg,35.2401000008895,-80.785683,39.0,42.0
2025-03-16,3,2025,Hattie Avenue,Forsyth,36.11094,-80.224501,41.0,46.0
2025-03-16,3,2025,Leggett,Edgecombe,35.988278,-77.5843,34.0,31.0
2025-03-16,3,2025,Linville Falls,Avery,35.972347,-81.933072,43.0,
2025-03-16,3,2025,Mendenhall School,Guilford,36.1090060008986,-79.802314,36.0,37.0
2025-03-16,3,2025,Millbrook School,Wake,35.856111,-78.574167,31.0,27.0
2025-03-16,3,2025,Pitt Agri. Center,Pitt,35.6412760008938,-77.360126,33.0,29.0
2025-03-16,3,2025,Rockwell,Rowan,35.551868,-80.395039,35.0,31.0
2025-03-16,3,2025,West Johnston Co.,Johnston,35.59095,-78.4622,32.0,23.0
2025-03-17,3,2025,Bryson City,Swain,35.434767,-83.442133,36.0,23.0
2025-03-17,3,2025,Castle Hayne,New Hanover,34.364167,-77.838611,31.0,41.0
2025-03-17,3,2025,Clemmons Middle,Forsyth,36.026612,-80.341962,32.0,20.0
2025-03-17,3,2025,Durham Armory,Durham,36.0329550008979,-78.904037,31.0,43.0
2025-03-17,3,2025,Frying Pan Mountain,Haywood,35.379167,-82.7925,44.0,8.0
2025-03-17,3,2025,Garinger High School,Mecklenburg,35.2401000008895,-80.785683,33.0,17.0
2025-03-17,3,2025,Hattie Avenue,Forsyth,36.11094,-80.224501,33.0,21.5
2025-03-17,3,2025,Leggett,Edgecombe,35.988278,-77.5843,31.0,28.0
2025-03-17,3,2025,Linville Falls,Avery,35.972347,-81.933072,33.0,11.0
2025-03-17,3,2025,Mendenhall School,Guilford,36.1090060008986,-79.802314,31.0,19.0
2025-03-17,3,2025,Millbrook School,Wake,35.856111,-78.574167,30.0,27.5
2025-03-17,3,2025,Pitt Agri. Center,Pitt,35.6412760008938,-77.360126,31.0,25.0
2025-03-17,3,2025,Rockwell,Rowan,35.551868,-80.395039,32.0,12.0
2025-03-17,3,2025,West Johnston Co.,Johnston,35.59095,-78.4622,31.0,23.0
2025-03-18,3,2025,Bryson City,Swain,35.434767,-83.442133,42.0,28.0
2025-03-18,3,2025,Castle Hayne,New Hanover,34.364167,-77.838611,41.0,21.5
2025-03-18,3,2025,Clemmons Middle,Forsyth,36.026612,-80.341962,46.0,22.0
2025-03-18,3,2025,Durham Armory,Durham,36.0329550008979,-78.904037,42.0,
2025-03-18,3,2025,Frying Pan Mountain,Haywood,35.379167,-82.7925,48.0,
2025-03-18,3,2025,Garinger High School,Mecklenburg,35.2401000008895,-80.785683,42.0,14.0
2025-03-18,3,2025,Hattie Avenue,Forsyth,36.11094,-80.224501,44.0,19.0
2025-03-18,3,2025,Leggett,Edgecombe,35.988278,-77.5843,41.0,16.0
2025-03-18,3,2025,Linville Falls,Avery,35.972347,-81.933072,47.0,
2025-03-18,3,2025,Mendenhall School,Guilford,36.1090060008986,-79.802314,43.0,13.0
2025-03-18,3,2025,Millbrook School,Wake,35.856111,-78.574167,41.0,18.0
2025-03-18,3,2025,Pitt Agri. Center,Pitt,35.6412760008938,-77.360126,40.0,14.0
2025-03-18,3,2025,Rockwell,Rowan,35.551868,-80.395039,43.0,11.0
2025-03-18,3,2025,West Johnston Co.,Johnston,35.59095,-78.4622,44.0,21.0
2025-03-19,3,2025,Bryson City,Swain,35.434767,-83.442133,47.0,38.0
2025-03-19,3,2025,Castle Hayne,New Hanover,34.364167,-77.838611,58.0,56.5
2025-03-19,3,2025,Clemmons Middle,Forsyth,36.026612,-80.341962,67.0,52.0
2025-03-19,3,2025,Durham Armory,Durham,36.0329550008979,-78.904037,67.0,
2025-03-19,3,2025,Frying Pan Mountain,Haywood,35.379167,-82.7925,50.0,
2025-03-19,3,2025,Garinger High School,Mecklenburg,35.2401000008895,-80.785683,50.0,52.0
2025-03-19,3,2025,Hattie Avenue,Forsyth,36.11094,-80.224501,67.0,52.0
2025-03-19,3,2025,Leggett,Edgecombe,35.988278,-77.5843,47.0,32.0
2025-03-19,3,2025,Linville Falls,Avery,35.972347,-81.933072,58.0,
2025-03-19,3,2025,Mendenhall School,Guilford,36.1090060008986,-79.802314,74.0,59.0
2025-03-19,3,2025,Millbrook School,Wake,35.856111,-78.574167,58.0,57.0
2025-03-19,3,2025,Pitt Agri. Center,Pitt,35.6412760008938,-77.360126,45.0,32.0
2025-03-19,3,2025,Rockwell,Rowan,35.551868,-80.395039,54.0,53.0
2025-03-19,3,2025,West Johnston Co.,Johnston,35.59095,-78.4622,64.0,60.0
2025-03-20,3,2025,Bryson City,Swain,35.434767,-83.442133,32.0,25.0
2025-03-20,3,2025,Castle Hayne,New Hanover,34.364167,-77.838611,45.0,53.5
2025-03-20,3,2025,Clemmons Middle,Forsyth,36.026612,-80.341962,41.0,56.0
2025-03-20,3,2025,Durham Armory,Durham,36.0329550008979,-78.904037,39.0,
2025-03-20,3,2025,Frying Pan Mountain,Haywood,35.379167,-82.7925,40.0,
2025-03-20,3,2025,Garinger High School,Mecklenburg,35.2401000008895,-80.785683,41.0,52.5
2025-03-20,3,2025,Hattie Avenue,Forsyth,36.11094,-80.224501,40.0,58.5
2025-03-20,3,2025,Leggett,Edgecombe,35.988278,-77.5843,42.0,51.0
2025-03-20,3,2025,Linville Falls,Avery,35.972347,-81.933072,38.0,51.0
2025-03-20,3,2025,Mendenhall School,Guilford,36.1090060008986,-79.802314,40.0,58.0
2025-03-20,3,2025,Millbrook School,Wake,35.856111,-78.574167,39.0,56.5
2025-03-20,3,2025,Old High School,Swain,35.498711,-83.310242,,29.0
2025-03-20,3,2025,Pitt Agri. Center,Pitt,35.6412760008938,-77.360126,43.0,37.0
2025-03-20,3,2025,Rockwell,Rowan,35.551868,-80.395039,38.0,55.0
2025-03-20,3,2025,West Johnston Co.,Johnston,35.59095,-78.4622,44.0,54.0
2025-03-21,3,2025,Bryson City,Swain,35.434767,-83.442133,43.0,16.0
2025-03-21,3,2025,Castle Hayne,New Hanover,34.364167,-77.838611,39.0,19.0
2025-03-21,3,2025,Clemmons Middle,Forsyth,36.026612,-80.341962,45.0,20.0
2025-03-21,3,2025,Durham Armory,Durham,36.0329550008979,-78.904037,41.0,
2025-03-21,3,2025,Frying Pan Mountain,Haywood,35.379167,-82.7925,46.0,
2025-03-21,3,2025,Garinger High School,Mecklenburg,35.2401000008895,-80.785683,44.0,19.0
2025-03-21,3,2025,Hattie Avenue,Forsyth,36.11094,-80.224501,44.0,22.0
2025-03-21,3,2025,Leggett,Edgecombe,35.988278,-77.5843,40.0,11.0
2025-03-21,3,2025,Linville Falls,Avery,35.972347,-81.933072,44.0,
2025-03-21,3,2025,Mendenhall School,Guilford,36.1090060008986,-79.802314,43.0,14.0
2025-03-21,3,2025,Millbrook School,Wake,35.856111,-78.574167,40.0,15.0
2025-03-21,3,2025,Pitt Agri. Center,Pitt,35.6412760008938,-77.360126,40.0,1.0
2025-03-21,3,2025,Rockwell,Rowan,35.551868,-80.395039,44.0,17.0
2025-03-21,3,2025,West Johnston Co.,Johnston,35.59095,-78.4622,43.0,9.0
2025-03-22,3,2025,Bryson City,Swain,35.434767,-83.442133,46.0,19.0
2025-03-22,3,2025,Castle Hayne,New Hanover,34.364167,-77.838611,49.0,55.0
2025-03-22,3,2025,Clemmons Middle,Forsyth,36.026612,-80.341962,50.0,49.0
2025-03-22,3,2025,Durham Armory,Durham,36.0329550008979,-78.904037,49.0,
2025-03-22,3,2025,Frying Pan Mountain,Haywood,35.379167,-82.7925,48.0,
2025-03-22,3,2025,Garinger High School,Mecklenburg,35.2401000008895,-80.785683,54.0,42.0
2025-03-22,3,2025,Hattie Avenue,Forsyth,36.11094,-80.224501,50.0,53.0
2025-03-22,3,2025,Leggett,Edgecombe,35.988278,-77.5843,50.0,37.0
2025-03-22,3,2025,Linville Falls,Avery,35.972347,-81.933072,49.0,
2025-03-22,3,2025,Mendenhall School,Guilford,36.1090060008986,-79.802314,48.0,37.0
2025-03-22,3,2025,Millbrook School,Wake,35.856111,-78.574167,47.0,46.0
2025-03-22,3,2025,Pitt Agri. Center,Pitt,35.6412760008938,-77.360126,48.0,39.0
2025-03-22,3,2025,Rockwell,Rowan,35.551868,-80.395039,48.0,36.0
2025-03-22,3,2025,West Johnston Co.,Johnston,35.59095,-78.4622,51.0,48.0
2025-03-23,3,2025,Bryson City,Swain,35.434767,-83.442133,58.0,20.0
2025-03-23,3,2025,Castle Hayne,New Hanover,34.364167,-77.838611,41.0,46.0
2025-03-23,3,2025,Clemmons Middle,Forsyth,36.026612,-80.341962,50.0,24.0
2025-03-23,3,2025,Durham Armory,Durham,36.0329550008979,-78.904037,46.0,
2025-03-23,3,2025,Frying Pan Mountain,Haywood,35.379167,-82.7925,61.0,
2025-03-23,3,2025,Garinger High School,Mecklenburg,35.2401000008895,-80.785683,48.0,35.5
2025-03-23,3,2025,Hattie Avenue,Forsyth,36.11094,-80.224501,50.0,28.0
2025-03-23,3,2025,Leggett,Edgecombe,35.988278,-77.5843,43.0,30.0
2025-03-23,3,2025,Linville Falls,Avery,35.972347,-81.933072,61.0,44.0
2025-03-23,3,2025,Mendenhall School,Guilford,36.1090060008986,-79.802314,47.0,22.0
2025-03-23,3,2025,Millbrook School,Wake,35.856111,-78.574167,44.0,38.0
2025-03-23,3,2025,Pitt Agri. Center,Pitt,35.6412760008938,-77.360126,41.0,31.0
2025-03-23,3,2025,Rockwell,Rowan,35.551868,-80.395039,45.0,21.0
2025-03-23,3,2025,West Johnston Co.,Johnston,35.59095,-78.4622,46.0,42.0
2025-03-24,3,2025,Bryson City,Swain,35.434767,-83.442133,44.0,28.0
2025-03-24,3,2025,Castle Hayne,New Hanover,34.364167,-77.838611,,54.0
2025-03-24,3,2025,Clemmons Middle,Forsyth,36.026612,-80.341962,42.0,53.0
2025-03-24,3,2025,Durham Armory,Durham,36.0329550008979,-78.904037,36.0,
2025-03-24,3,2025,Frying Pan Mountain,Haywood,35.379167,-82.7925,45.0,
2025-03-24,3,2025,Garinger High School,Mecklenburg,35.2401000008895,-80.785683,40.0,54.0
2025-03-24,3,2025,Hattie Avenue,Forsyth,36.11094,-80.224501,41.0,55.0
2025-03-24,3,2025,Leggett,Edgecombe,35.988278,-77.5843,45.0,42.0
2025-03-24,3,2025,Linville Falls,Avery,35.972347,-81.933072,45.0,
2025-03-24,3,2025,Mendenhall School,Guilford,36.1090060008986,-79.802314,37.0,55.0
2025-03-24,3,2025,Millbrook School,Wake,35.856111,-78.574167,37.0,53.0
2025-03-24,3,2025,Pitt Agri. Center,Pitt,35.6412760008938,-77.360126,46.0,46.0
2025-03-24,3,2025,Rockwell,Rowan,35.551868,-80.395039,36.0,55.0
2025-03-24,3,2025,West Johnston Co.,Johnston,35.59095,-78.4622,44.0,53.0
2025-03-25,3,2025,Bryson City,Swain,35.434767,-83.442133,47.0,19.0
2025-03-25,3,2025,Castle Hayne,New Hanover,34.364167,-77.838611,48.0,112.5
2025-03-25,3,2025,Clemmons Middle,Forsyth,36.026612,-80.341962,50.0,15.0
2025-03-25,3,2025,Durham Armory,Durham,36.0329550008979,-78.904037,45.0,
2025-03-25,3,2025,Frying Pan Mountain,Haywood,35.379167,-82.7925,46.0,
2025-03-25,3,2025,Garinger High School,Mecklenburg,35.2401000008895,-80.785683,49.0,20.0
2025-03-25,3,2025,Hattie Avenue,Forsyth,36.11094,-80.224501,49.0,16.0
2025-03-25,3,2025,Leggett,Edgecombe,35.988278,-77.5843,49.0,15.0
2025-03-25,3,2025,Linville Falls,Avery,35.972347,-81.933072,48.0,
2025-03-25,3,2025,Mendenhall School,Guilford,36.1090060008986,-79.802314,48.0,12.0
2025-03-25,3,2025,Millbrook School,Wake,35.856111,-78.574167,45.0,23.0
2025-03-25,3,2025,Pitt Agri. Center,Pitt,35.6412760008938,-77.360126,48.0,11.0
2025-03-25,3,2025,Rockwell,Rowan,35.551868,-80.395039,46.0,16.0
2025-03-25,3,2025,West Johnston Co.,Johnston,35.59095,-78.4622,50.0,23.0
2025-03-26,3,2025,Bryson City,Swain,35.434767,-83.442133,47.0,24.0
2025-03-26,3,2025,Castle Hayne,New Hanover,34.364167,-77.838611,45.0,100.5
2025-03-26,3,2025,Clemmons Middle,Forsyth,36.026612,-80.341962,47.0,21.5
2025-03-26,3,2025,Durham Armory,Durham,36.0329550008979,-78.904037,44.0,
2025-03-26,3,2025,Frying Pan Mountain,Haywood,35.379167,-82.7925,47.0,18.0
2025-03-26,3,2025,Garinger High School,Mecklenburg,35.2401000008895,-80.785683,46.0,21.0
2025-03-26,3,2025,Hattie Avenue,Forsyth,36.11094,-80.224501,46.0,19.5
2025-03-26,3,2025,Leggett,Edgecombe,35.988278,-77.5843,45.0,17.0
2025-03-26,3,2025,Linville Falls,Avery,35.972347,-81.933072,46.0,14.0
2025-03-26,3,2025,Mendenhall School,Guilford,36.1090060008986,-79.802314,44.0,17.0
2025-03-26,3,2025,Millbrook School,Wake,35.856111,-78.574167,44.0,21.5
2025-03-26,3,2025,Old High School,Swain,35.498711,-83.310242,,23.0
2025-03-26,3,2025,Pitt Agri. Center,Pitt,35.6412760008938,-77.360126,44.0,12.0
2025-03-26,3,2025,Rockwell,Rowan,35.551868,-80.395039,44.0,18.0
2025-03-26,3,2025,West Johnston Co.,Johnston,35.59095,-78.4622,46.0,17.0
2025-03-27,3,2025,Bryson City,Swain,35.434767,-83.442133,43.0,37.0
2025-03-27,3,2025,Castle Hayne,New Hanover,34.364167,-77.838611,46.0,68.5
2025-03-27,3,2025,Clemmons Middle,Forsyth,36.026612,-80.341962,54.0,23.0
2025-03-27,3,2025,Durham Armory,Durham,36.0329550008979,-78.904037,49.0,54.0
2025-03-27,3,2025,Frying Pan Mountain,Haywood,35.379167,-82.7925,49.0,
2025-03-27,3,2025,Garinger High School,Mecklenburg,35.2401000008895,-80.785683,48.0,37.0
2025-03-27,3,2025,Hattie Avenue,Forsyth,36.11094,-80.224501,51.0,28.0
2025-03-27,3,2025,Leggett,Edgecombe,35.988278,-77.5843,49.0,21.0
2025-03-27,3,2025,Linville Falls,Avery,35.972347,-81.933072,51.0,
2025-03-27,3,2025,Mendenhall School,Guilford,36.1090060008986,-79.802314,49.0,24.0
2025-03-27,3,2025,Millbrook School,Wake,35.856111,-78.574167,48.0,24.0
2025-03-27,3,2025,Pitt Agri. Center,Pitt,35.6412760008938,-77.360126,47.0,26.0
2025-03-27,3,2025,Rockwell,Rowan,35.551868,-80.395039,47.0,27.0
2025-03-27,3,2025,West Johnston Co.,Johnston,35.59095,-78.4622,50.0,22.0
2025-03-28,3,2025,Bryson City,Swain,35.434767,-83.442133,51.0,56.0
2025-03-28,3,2025,Castle Hayne,New Hanover,34.364167,-77.838611,46.0,27.0
2025-03-28,3,2025,Clemmons Middle,Forsyth,36.026612,-80.341962,77.0,52.0
2025-03-28,3,2025,Durham Armory,Durham,36.0329550008979,-78.904037,58.0,56.0
2025-03-28,3,2025,Frying Pan Mountain,Haywood,35.379167,-82.7925,61.0,
2025-03-28,3,2025,Garinger High School,Mecklenburg,35.2401000008895,-80.785683,58.0,48.0
2025-03-28,3,2025,Hattie Avenue,Forsyth,36.11094,-80.224501,77.0,54.0
2025-03-28,3,2025,Leggett,Edgecombe,35.988278,-77.5843,58.0,42.0
2025-03-28,3,2025,Linville Falls,Avery,35.972347,-81.933072,80.0,
2025-03-28,3,2025,Mendenhall School,Guilford,36.1090060008986,-79.802314,71.0,47.0
2025-03-28,3,2025,Millbrook School,Wake,35.856111,-78.574167,58.0,51.0
2025-03-28,3,2025,Pitt Agri. Center,Pitt,35.6412760008938,-77.360126,50.0,27.0
2025-03-28,3,2025,Rockwell,Rowan,35.551868,-80.395039,54.0,50.0
2025-03-28,3,2025,West Johnston Co.,Johnston,35.59095,-78.4622,64.0,47.0
2025-03-29,3,2025,Bryson City,Swain,35.434767,-83.442133,37.0,66.0
2025-03-29,3,2025,Castle Hayne,New Hanover,34.364167,-77.838611,42.0,26.5
2025-03-29,3,2025,Clemmons Middle,Forsyth,36.026612,-80.341962,46.0,41.0
2025-03-29,3,2025,Durham Armory,Durham,36.0329550008979,-78.904037,41.0,51.0
2025-03-29,3,2025,Frying Pan Mountain,Haywood,35.379167,-82.7925,44.0,41.0
2025-03-29,3,2025,Garinger High School,Mecklenburg,35.2401000008895,-80.785683,43.0,37.5
2025-03-29,3,2025,Hattie Avenue,Forsyth,36.11094,-80.224501,46.0,41.5
2025-03-29,3,2025,Leggett,Edgecombe,35.988278,-77.5843,44.0,37.0
2025-03-29,3,2025,Linville Falls,Avery,35.972347,-81.933072,46.0,68.0
2025-03-29,3,2025,Mendenhall School,Guilford,36.1090060008986,-79.802314,45.0,35.0
2025-03-29,3,2025,Millbrook School,Wake,35.856111,-78.574167,41.0,40.0
2025-03-29,3,2025,Pitt Agri. Center,Pitt,35.6412760008938,-77.360126,40.0,28.0
2025-03-29,3,2025,Rockwell,Rowan,35.551868,-80.395039,42.0,36.0
2025-03-29,3,2025,West Johnston Co.,Johnston,35.59095,-78.4622,44.0,32.0
2025-03-30,3,2025,Bryson City,Swain,35.434767,-83.442133,27.0,34.0
2025-03-30,3,2025,Castle Hayne,New Hanover,34.364167,-77.838611,39.0,23.0
2025-03-30,3,2025,Clemmons Middle,Forsyth,36.026612,-80.341962,43.0,36.0
2025-03-30,3,2025,Durham Armory,Durham,36.0329550008979,-78.904037,38.0,49.0
2025-03-30,3,2025,Frying Pan Mountain,Haywood,35.379167,-82.7925,32.0,
2025-03-30,3,2025,Garinger High School,Mecklenburg,35.2401000008895,-80.785683,40.0,33.0
2025-03-30,3,2025,Hattie Avenue,Forsyth,36.11094,-80.224501,44.0,39.0
2025-03-30,3,2025,Leggett,Edgecombe,35.988278,-77.5843,41.0,29.0
2025-03-30,3,2025,Linville Falls,Avery,35.972347,-81.933072,38.0,
2025-03-30,3,2025,Mendenhall School,Guilford,36.1090060008986,-79.802314,40.0,29.0
2025-03-30,3,2025,Millbrook School,Wake,35.856111,-78.574167,37.0,29.0
2025-03-30,3,2025,Pitt Agri. Center,Pitt,35.6412760008938,-77.360126,38.0,26.0
2025-03-30,3,2025,Rockwell,Rowan,35.551868,-80.395039,36.0,38.0
2025-03-30,3,2025,West Johnston Co.,Johnston,35.59095,-78.4622,40.0,27.0
2025-03-31,3,2025,Bryson City,Swain,35.434767,-83.442133,35.0,14.0
2025-03-31,3,2025,Castle Hayne,New Hanover,34.364167,-77.838611,32.0,21.0
2025-03-31,3,2025,Clemmons Middle,Forsyth,36.026612,-80.341962,31.0,33.0
2025-03-31,3,2025,Durham Armory,Durham,36.0329550008979,-78.904037,31.0,50.0
2025-03-31,3,2025,Frying Pan Mountain,Haywood,35.379167,-82.7925,44.0,
2025-03-31,3,2025,Garinger High School,Mecklenburg,35.2401000008895,-80.785683,24.0,32.0
2025-03-31,3,2025,Hattie Avenue,Forsyth,36.11094,-80.224501,31.0,33.0
2025-03-31,3,2025,Leggett,Edgecombe,35.988278,-77.5843,32.0,29.0
2025-03-31,3,2025,Linville Falls,Avery,35.972347,-81.933072,40.0,
2025-03-31,3,2025,Mendenhall School,Guilford,36.1090060008986,-79.802314,31.0,32.0
2025-03-31,3,2025,Millbrook School,Wake,35.856111,-78.574167,31.0,39.0
2025-03-31,3,2025,Pitt Agri. Center,Pitt,35.6412760008938,-77.360126,31.0,25.0
2025-03-31,3,2025,Rockwell,Rowan,35.551868,-80.395039,25.0,33.0
2025-03-31,3,2025,West Johnston Co.,Johnston,35.59095,-78.4622,32.0,26.0
2025-04-01,4,2025,Bryson City,Swain,35.434767,-83.442133,38.0,12.0
2025-04-01,4,2025,Castle Hayne,New Hanover,34.364167,-77.838611,32.0,32.0
2025-04-01,4,2025,Clemmons Middle,Forsyth,36.026612,-80.341962,37.0,10.0
2025-04-01,4,2025,Durham Armory,Durham,36.0329550008979,-78.904037,31.0,16.0
2025-04-01,4,2025,Frying Pan Mountain,Haywood,35.379167,-82.7925,37.0,8.0
2025-04-01,4,2025,Garinger High School,Mecklenburg,35.2401000008895,-80.785683,37.0,14.5
2025-04-01,4,2025,Hattie Avenue,Forsyth,36.11094,-80.224501,34.0,10.5
2025-04-01,4,2025,Leggett,Edgecombe,35.988278,-77.5843,,15.0
2025-04-01,4,2025,Linville Falls,Avery,35.972347,-81.933072,37.0,4.0
2025-04-01,4,2025,Mendenhall School,Guilford,36.1090060008986,-79.802314,32.0,9.0
2025-04-01,4,2025,Millbrook School,Wake,35.856111,-78.574167,31.0,15.0
2025-04-01,4,2025,Old High School,Swain,35.498711,-83.310242,,14.0
2025-04-01,4,2025,Pitt Agri. Center,Pitt,35.6412760008938,-77.360126,31.0,9.0
2025-04-01,4,2025,Rockwell,Rowan,35.551868,-80.395039,34.0,7.0
2025-04-01,4,2025,West Johnston Co.,Johnston,35.59095,-78.4622,34.0,10.0
2025-04-02,4,2025,Bryson City,Swain,35.434767,-83.442133,27.0,33.0
2025-04-02,4,2025,Castle Hayne,New Hanover,34.364167,-77.838611,37.0,37.5
2025-04-02,4,2025,Clemmons Middle,Forsyth,36.026612,-80.341962,32.0,39.0
2025-04-02,4,2025,Durham Armory,Durham,36.0329550008979,-78.904037,37.0,36.0
2025-04-02,4,2025,Frying Pan Mountain,Haywood,35.379167,-82.7925,30.0,
2025-04-02,4,2025,Garinger High School,Mecklenburg,35.2401000008895,-80.785683,28.0,52.0
2025-04-02,4,2025,Hattie Avenue,Forsyth,36.11094,-80.224501,32.0,37.0
2025-04-02,4,2025,Leggett,Edgecombe,35.988278,-77.5843,40.0,27.0
2025-04-02,4,2025,Linville Falls,Avery,35.972347,-81.933072,28.0,
2025-04-02,4,2025,Mendenhall School,Guilford,36.1090060008986,-79.802314,35.0,48.0
2025-04-02,4,2025,Millbrook School,Wake,35.856111,-78.574167,37.0,34.0
2025-04-02,4,2025,Pitt Agri. Center,Pitt,35.6412760008938,-77.360126,37.0,23.0
2025-04-02,4,2025,Rockwell,Rowan,35.551868,-80.395039,31.0,51.0
2025-04-02,4,2025,West Johnston Co.,Johnston,35.59095,-78.4622,39.0,38.0
2025-04-03,4,2025,Bryson City,Swain,35.434767,-83.442133,34.0,41.0
2025-04-03,4,2025,Castle Hayne,New Hanover,34.364167,-77.838611,23.0,39.0
2025-04-03,4,2025,Clemmons Middle,Forsyth,36.026612,-80.341962,31.0,47.0
2025-04-03,4,2025,Durham Armory,Durham,36.0329550008979,-78.904037,28.0,52.0
2025-04-03,4,2025,Frying Pan Mountain,Haywood,35.379167,-82.7925,30.0,
2025-04-03,4,2025,Garinger High School,Mecklenburg,35.2401000008895,-80.785683,27.0,40.0
2025-04-03,4,2025,Hattie Avenue,Forsyth,36.11094,-80.224501,29.0,51.0
2025-04-03,4,2025,Leggett,Edgecombe,35.988278,-77.5843,31.0,37.0
2025-04-03,4,2025,Linville Falls,Avery,35.972347,-81.933072,31.0,
2025-04-03,4,2025,Mendenhall School,Guilford,36.1090060008986,-79.802314,28.0,46.0
2025-04-03,4,2025,Millbrook School,Wake,35.856111,-78.574167,31.0,53.0
2025-04-03,4,2025,Pitt Agri. Center,Pitt,35.6412760008938,-77.360126,28.0,41.0
2025-04-03,4,2025,Rockwell,Rowan,35.551868,-80.395039,28.0,44.0
2025-04-03,4,2025,West Johnston Co.,Johnston,35.59095,-78.4622,31.0,39.0
2025-04-04,4,2025,Bryson City,Swain,35.434767,-83.442133,36.0,35.0
2025-04-04,4,2025,Castle Hayne,New Hanover,34.364167,-77.838611,27.0,38.5
2025-04-04,4,2025,Clemmons Middle,Forsyth,36.026612,-80.341962,38.0,52.0
2025-04-04,4,2025,Durham Armory,Durham,36.0329550008979,-78.904037,31.0,55.0
2025-04-04,4,2025,Frying Pan Mountain,Haywood,35.379167,-82.7925,33.0,31.0
2025-04-04,4,2025,Garinger High School,Mecklenburg,35.2401000008895,-80.785683,32.0,51.5
2025-04-04,4,2025,Hattie Avenue,Forsyth,36.11094,-80.224501,38.0,53.0
2025-04-04,4,2025,Leggett,Edgecombe,35.988278,-77.5843,32.0,48.0
2025-04-04,4,2025,Linville Falls,Avery,35.972347,-81.933072,32.0,34.0
2025-04-04,4,2025,Mendenhall School,Guilford,36.1090060008986,-79.802314,37.0,51.0
2025-04-04,4,2025,Millbrook School,Wake,35.856111,-78.574167,32.0,57.5
2025-04-04,4,2025,Pitt Agri. Center,Pitt,35.6412760008938,-77.360126,30.0,44.0
2025-04-04,4,2025,Rockwell,Rowan,35.551868,-80.395039,35.0,47.0
2025-04-04,4,2025,West Johnston Co.,Johnston,35.59095,-78.4622,32.0,54.0
2025-04-05,4,2025,Bryson City,Swain,35.434767,-83.442133,44.0,38.0
2025-04-05,4,2025,Castle Hayne,New Hanover,34.364167,-77.838611,32.0,23.5
2025-04-05,4,2025,Clemmons Middle,Forsyth,36.026612,-80.341962,38.0,52.0
2025-04-05,4,2025,Durham Armory,Durham,36.0329550008979,-78.904037,33.0,55.0
2025-04-05,4,2025,Frying Pan Mountain,Haywood,35.379167,-82.7925,41.0,
2025-04-05,4,2025,Garinger High School,Mecklenburg,35.2401000008895,-80.785683,35.0,46.0
2025-04-05,4,2025,Hattie Avenue,Forsyth,36.11094,-80.224501,38.0,52.0
2025-04-05,4,2025,Leggett,Edgecombe,35.988278,-77.5843,31.0,50.0
2025-04-05,4,2025,Linville Falls,Avery,35.972347,-81.933072,43.0,
2025-04-05,4,2025,Mendenhall School,Guilford,36.1090060008986,-79.802314,35.0,53.0
2025-04-05,4,2025,Millbrook School,Wake,35.856111,-78.574167,31.0,55.0
2025-04-05,4,2025,Pitt Agri. Center,Pitt,35.6412760008938,-77.360126,29.0,29.0
2025-04-05,4,2025,Rockwell,Rowan,35.551868,-80.395039,33.0,51.0
2025-04-05,4,2025,West Johnston Co.,Johnston,35.59095,-78.4622,32.0,46.0
2025-04-06,4,2025,Bryson City,Swain,35.434767,-83.442133,32.0,16.0
2025-04-06,4,2025,Castle Hayne,New Hanover,34.364167,-77.838611,31.0,36.0
2025-04-06,4,2025,Clemmons Middle,Forsyth,36.026612,-80.341962,46.0,32.0
2025-04-06,4,2025,Durham Armory,Durham,36.0329550008979,-78.904037,40.0,36.0
2025-04-06,4,2025,Frying Pan Mountain,Haywood,35.379167,-82.7925,42.0,
2025-04-06,4,2025,Garinger High School,Mecklenburg,35.2401000008895,-80.785683,38.0,34.0
2025-04-06,4,2025,Hattie Avenue,Forsyth,36.11094,-80.224501,45.0,37.0
2025-04-06,4,2025,Leggett,Edgecombe,35.988278,-77.5843,36.0,39.0
2025-04-06,4,2025,Linville Falls,Avery,35.972347,-81.933072,45.0,
2025-04-06,4,2025,Mendenhall School,Guilford,36.1090060008986,-79.802314,45.0,34.0
2025-04-06,4,2025,Millbrook School,Wake,35.856111,-78.574167,36.0,42.0
2025-04-06,4,2025,Pitt Agri. Center,Pitt,35.6412760008938,-77.360126,34.0,32.0
2025-04-06,4,2025,Rockwell,Rowan,35.551868,-80.395039,43.0,38.0
2025-04-06,4,2025,West Johnston Co.,Johnston,35.59095,-78.4622,35.0,36.0
2025-04-07,4,2025,Bryson City,Swain,35.434767,-83.442133,28.0,8.0
2025-04-07,4,2025,Castle Hayne,New Hanover,34.364167,-77.838611,33.0,36.5
2025-04-07,4,2025,Clemmons Middle,Forsyth,36.026612,-80.341962,29.0,27.5
2025-04-07,4,2025,Durham Armory,Durham,36.0329550008979,-78.904037,24.0,37.0
2025-04-07,4,2025,Frying Pan Mountain,Haywood,35.379167,-82.7925,44.0,8.0
2025-04-07,4,2025,Garinger High School,Mecklenburg,35.2401000008895,-80.785683,28.0,31.5
2025-04-07,4,2025,Hattie Avenue,Forsyth,36.11094,-80.224501,28.0,30.0
2025-04-07,4,2025,Leggett,Edgecombe,35.988278,-77.5843,28.0,36.0
2025-04-07,4,2025,Linville Falls,Avery,35.972347,-81.933072,43.0,8.0
2025-04-07,4,2025,Mendenhall School,Guilford,36.1090060008986,-79.802314,27.0,38.0
2025-04-07,4,2025,Millbrook School,Wake,35.856111,-78.574167,24.0,39.5
2025-04-07,4,2025,Old High School,Swain,35.498711,-83.310242,,12.0
2025-04-07,4,2025,Pitt Agri. Center,Pitt,35.6412760008938,-77.360126,31.0,29.0
2025-04-07,4,2025,Rockwell,Rowan,35.551868,-80.395039,29.0,33.0
2025-04-07,4,2025,West Johnston Co.,Johnston,35.59095,-78.4622,26.0,38.0
2025-04-08,4,2025,Bryson City,Swain,35.434767,-83.442133,48.0,25.0
2025-04-08,4,2025,Castle Hayne,New Hanover,34.364167,-77.838611,43.0,31.5
2025-04-08,4,2025,Clemmons Middle,Forsyth,36.026612,-80.341962,50.0,23.0
2025-04-08,4,2025,Durham Armory,Durham,36.0329550008979,-78.904037,44.0,31.5
2025-04-08,4,2025,Frying Pan Mountain,Haywood,35.379167,-82.7925,49.0,
2025-04-08,4,2025,Garinger High School,Mecklenburg,35.2401000008895,-80.785683,51.0,30.0
2025-04-08,4,2025,Hattie Avenue,Forsyth,36.11094,-80.224501,49.0,23.0
2025-04-08,4,2025,Leggett,Edgecombe,35.988278,-77.5843,37.0,23.0
2025-04-08,4,2025,Linville Falls,Avery,35.972347,-81.933072,48.0,
2025-04-08,4,2025,Mendenhall School,Guilford,36.1090060008986,-79.802314,47.0,19.0
2025-04-08,4,2025,Millbrook School,Wake,35.856111,-78.574167,45.0,21.0
2025-04-08,4,2025,Pitt Agri. Center,Pitt,35.6412760008938,-77.360126,37.0,13.0
2025-04-08,4,2025,Rockwell,Rowan,35.551868,-80.395039,46.0,23.0
2025-04-08,4,2025,West Johnston Co.,Johnston,35.59095,-78.4622,48.0,21.0
2025-04-09,4,2025,Bryson City,Swain,35.434767,-83.442133,46.0,27.0
2025-04-09,4,2025,Castle Hayne,New Hanover,34.364167,-77.838611,44.0,54.5
2025-04-09,4,2025,Clemmons Middle,Forsyth,36.026612,-80.341962,48.0,24.0
2025-04-09,4,2025,Durham Armory,Durham,36.0329550008979,-78.904037,46.0,34.0
2025-04-09,4,2025,Frying Pan Mountain,Haywood,35.379167,-82.7925,48.0,
2025-04-09,4,2025,Garinger High School,Mecklenburg,35.2401000008895,-80.785683,47.0,36.0
2025-04-09,4,2025,Hattie Avenue,Forsyth,36.11094,-80.224501,49.0,23.0
2025-04-09,4,2025,Leggett,Edgecombe,35.988278,-77.5843,45.0,26.0
2025-04-09,4,2025,Linville Falls,Avery,35.972347,-81.933072,48.0,
2025-04-09,4,2025,Mendenhall School,Guilford,36.1090060008986,-79.802314,45.0,21.0
2025-04-09,4,2025,Millbrook School,Wake,35.856111,-78.574167,44.0,23.0
2025-04-09,4,2025,Pitt Agri. Center,Pitt,35.6412760008938,-77.360126,44.0,23.0
2025-04-09,4,2025,Rockwell,Rowan,35.551868,-80.395039,44.0,31.0
2025-04-09,4,2025,West Johnston Co.,Johnston,35.59095,-78.4622,46.0,26.0
2025-04-10,4,2025,Bryson City,Swain,35.434767,-83.442133,37.0,51.0
2025-04-10,4,2025,Castle Hayne,New Hanover,34.364167,-77.838611,46.0,53.0
2025-04-10,4,2025,Clemmons Middle,Forsyth,36.026612,-80.341962,38.0,52.0
2025-04-10,4,2025,Durham Armory,Durham,36.0329550008979,-78.904037,44.0,39.5
2025-04-10,4,2025,Frying Pan Mountain,Haywood,35.379167,-82.7925,61.0,
2025-04-10,4,2025,Garinger High School,Mecklenburg,35.2401000008895,-80.785683,41.0,49.0
2025-04-10,4,2025,Hattie Avenue,Forsyth,36.11094,-80.224501,40.0,47.5
2025-04-10,4,2025,Leggett,Edgecombe,35.988278,-77.5843,45.0,34.0
2025-04-10,4,2025,Linville Falls,Avery,35.972347,-81.933072,38.0,33.0
2025-04-10,4,2025,Mendenhall School,Guilford,36.1090060008986,-79.802314,42.0,38.0
2025-04-10,4,2025,Millbrook School,Wake,35.856111,-78.574167,45.0,31.0
2025-04-10,4,2025,Pitt Agri. Center,Pitt,35.6412760008938,-77.360126,44.0,25.0
2025-04-10,4,2025,Rockwell,Rowan,35.551868,-80.395039,39.0,47.0
2025-04-10,4,2025,West Johnston Co.,Johnston,35.59095,-78.4622,48.0,32.0
2025-04-11,4,2025,Bryson City,Swain,35.434767,-83.442133,40.0,23.0
2025-04-11,4,2025,Castle Hayne,New Hanover,34.364167,-77.838611,45.0,29.5
2025-04-11,4,2025,Clemmons Middle,Forsyth,36.026612,-80.341962,36.0,35.0
2025-04-11,4,2025,Durham Armory,Durham,36.0329550008979,-78.904037,30.0,38.0
2025-04-11,4,2025,Frying Pan Mountain,Haywood,35.379167,-82.7925,44.0,
2025-04-11,4,2025,Garinger High School,Mecklenburg,35.2401000008895,-80.785683,40.0,29.0
2025-04-11,4,2025,Hattie Avenue,Forsyth,36.11094,-80.224501,35.0,27.0
2025-04-11,4,2025,Leggett,Edgecombe,35.988278,-77.5843,32.0,17.0
2025-04-11,4,2025,Linville Falls,Avery,35.972347,-81.933072,45.0,
2025-04-11,4,2025,Mendenhall School,Guilford,36.1090060008986,-79.802314,31.0,21.0
2025-04-11,4,2025,Millbrook School,Wake,35.856111,-78.574167,37.0,24.0
2025-04-11,4,2025,Pitt Agri. Center,Pitt,35.6412760008938,-77.360126,35.0,15.0
2025-04-11,4,2025,Rockwell,Rowan,35.551868,-80.395039,40.0,21.0
2025-04-11,4,2025,West Johnston Co.,Johnston,35.59095,-78.4622,42.0,24.0
2025-04-12,4,2025,Bryson City,Swain,35.434767,-83.442133,42.0,27.0
2025-04-12,4,2025,Castle Hayne,New Hanover,34.364167,-77.838611,34.0,21.0
2025-04-12,4,2025,Clemmons Middle,Forsyth,36.026612,-80.341962,40.0,38.0
2025-04-12,4,2025,Durham Armory,Durham,36.0329550008979,-78.904037,33.0,27.0
2025-04-12,4,2025,Frying Pan Mountain,Haywood,35.379167,-82.7925,46.0,
2025-04-12,4,2025,Garinger High School,Mecklenburg,35.2401000008895,-80.785683,38.0,40.0
2025-04-12,4,2025,Hattie Avenue,Forsyth,36.11094,-80.224501,40.0,36.0
2025-04-12,4,2025,Leggett,Edgecombe,35.988278,-77.5843,30.0,14.0
2025-04-12,4,2025,Linville Falls,Avery,35.972347,-81.933072,42.0,
2025-04-12,4,2025,Mendenhall School,Guilford,36.1090060008986,-79.802314,37.0,18.0
2025-04-12,4,2025,Millbrook School,Wake,35.856111,-78.574167,36.0,18.0
2025-04-12,4,2025,Pitt Agri. Center,Pitt,35.6412760008938,-77.360126,32.0,7.0
2025-04-12,4,2025,Rockwell,Rowan,35.551868,-80.395039,38.0,29.0
2025-04-12,4,2025,West Johnston Co.,Johnston,35.59095,-78.4622,33.0,16.0
2025-04-13,4,2025,Bryson City,Swain,35.434767,-83.442133,42.0,26.0
2025-04-13,4,2025,Castle Hayne,New Hanover,34.364167,-77.838611,41.0,36.0
2025-04-13,4,2025,Clemmons Middle,Forsyth,36.026612,-80.341962,47.0,26.0
2025-04-13,4,2025,Durham Armory,Durham,36.0329550008979,-78.904037,43.0,28.5
2025-04-13,4,2025,Frying Pan Mountain,Haywood,35.379167,-82.7925,67.0,
2025-04-13,4,2025,Garinger High School,Mecklenburg,35.2401000008895,-80.785683,48.0,43.0
2025-04-13,4,2025,Hattie Avenue,Forsyth,36.11094,-80.224501,47.0,25.0
2025-04-13,4,2025,Leggett,Edgecombe,35.988278,-77.5843,43.0,29.0
2025-04-13,4,2025,Linville Falls,Avery,35.972347,-81.933072,48.0,18.0
2025-04-13,4,2025,Mendenhall School,Guilford,36.1090060008986,-79.802314,44.0,28.0
2025-04-13,4,2025,Millbrook School,Wake,35.856111,-78.574167,44.0,27.0
2025-04-13,4,2025,Old High School,Swain,35.498711,-83.310242,,21.0
2025-04-13,4,2025,Pitt Agri. Center,Pitt,35.6412760008938,-77.360126,44.0,23.0
2025-04-13,4,2025,Rockwell,Rowan,35.551868,-80.395039,45.0,37.0
2025-04-13,4,2025,West Johnston Co.,Johnston,35.59095,-78.4622,45.0,31.0
2025-04-14,4,2025,Bryson City,Swain,35.434767,-83.442133,71.0,49.0
2025-04-14,4,2025,Castle Hayne,New Hanover,34.364167,-77.838611,51.0,52.0
2025-04-14,4,2025,Clemmons Middle,Forsyth,36.026612,-80.341962,77.0,53.0
2025-04-14,4,2025,Durham Armory,Durham,36.0329550008979,-78.904037,51.0,53.0
2025-04-14,4,2025,Frying Pan Mountain,Haywood,35.379167,-82.7925,77.0,
2025-04-14,4,2025,Garinger High School,Mecklenburg,35.2401000008895,-80.785683,77.0,52.0
2025-04-14,4,2025,Hattie Avenue,Forsyth,36.11094,-80.224501,71.0,53.0
2025-04-14,4,2025,Leggett,Edgecombe,35.988278,-77.5843,58.0,52.0
2025-04-14,4,2025,Linville Falls,Avery,35.972347,-81.933072,67.0,
2025-04-14,4,2025,Mendenhall School,Guilford,36.1090060008986,-79.802314,67.0,52.0
2025-04-14,4,2025,Millbrook School,Wake,35.856111,-78.574167,48.0,54.0
2025-04-14,4,2025,Pitt Agri. Center,Pitt,35.6412760008938,-77.360126,50.0,52.0
2025-04-14,4,2025,Rockwell,Rowan,35.551868,-80.395039,67.0,54.0
2025-04-14,4,2025,West Johnston Co.,Johnston,35.59095,-78.4622,50.0,57.0
2025-04-15,4,2025,Bryson City,Swain,35.434767,-83.442133,44.0,32.0
2025-04-15,4,2025,Castle Hayne,New Hanover,34.364167,-77.838611,46.0,60.0
2025-04-15,4,2025,Clemmons Middle,Forsyth,36.026612,-80.341962,45.0,36.0
2025-04-15,4,2025,Durham Armory,Durham,36.0329550008979,-78.904037,44.0,48.0
2025-04-15,4,2025,Frying Pan Mountain,Haywood,35.379167,-82.7925,45.0,
2025-04-15,4,2025,Garinger High School,Mecklenburg,35.2401000008895,-80.785683,44.0,46.0
2025-04-15,4,2025,Hattie Avenue,Forsyth,36.11094,-80.224501,44.0,35.0
2025-04-15,4,2025,Leggett,Edgecombe,35.988278,-77.5843,44.0,53.0
2025-04-15,4,2025,Linville Falls,Avery,35.972347,-81.933072,44.0,
2025-04-15,4,2025,Mendenhall School,Guilford,36.1090060008986,-79.802314,43.0,37.0
2025-04-15,4,2025,Millbrook School,Wake,35.856111,-78.574167,44.0,43.0
2025-04-15,4,2025,Pitt Agri. Center,Pitt,35.6412760008938,-77.360126,45.0,51.0
2025-04-15,4,2025,Rockwell,Rowan,35.551868,-80.395039,44.0,42.0
2025-04-15,4,2025,West Johnston Co.,Johnston,35.59095,-78.4622,48.0,43.0
2025-04-16,4,2025,Bryson City,Swain,35.434767,-83.442133,49.0,22.0
2025-04-16,4,2025,Castle Hayne,New Hanover,34.364167,-77.838611,45.0,32.5
2025-04-16,4,2025,Clemmons Middle,Forsyth,36.026612,-80.341962,47.0,26.0
2025-04-16,4,2025,Durham Armory,Durham,36.0329550008979,-78.904037,44.0,33.5
2025-04-16,4,2025,Frying Pan Mountain,Haywood,35.379167,-82.7925,54.0,
2025-04-16,4,2025,Garinger High School,Mecklenburg,35.2401000008895,-80.785683,47.0,32.0
2025-04-16,4,2025,Hattie Avenue,Forsyth,36.11094,-80.224501,47.0,30.0
2025-04-16,4,2025,Leggett,Edgecombe,35.988278,-77.5843,44.0,28.0
2025-04-16,4,2025,Linville Falls,Avery,35.972347,-81.933072,48.0,17.0
2025-04-16,4,2025,Mendenhall School,Guilford,36.1090060008986,-79.802314,46.0,22.0
2025-04-16,4,2025,Millbrook School,Wake,35.856111,-78.574167,45.0,26.5
2025-04-16,4,2025,Pitt Agri. Center,Pitt,35.6412760008938,-77.360126,44.0,19.0
2025-04-16,4,2025,Rockwell,Rowan,35.551868,-80.395039,45.0,24.0
2025-04-16,4,2025,West Johnston Co.,Johnston,35.59095,-78.4622,48.0,32.0
2025-04-17,4,2025,Bryson City,Swain,35.434767,-83.442133,50.0,30.0
2025-04-17,4,2025,Castle Hayne,New Hanover,34.364167,-77.838611,51.0,52.0
2025-04-17,4,2025,Clemmons Middle,Forsyth,36.026612,-80.341962,61.0,34.0
2025-04-17,4,2025,Durham Armory,Durham,36.0329550008979,-78.904037,51.0,42.5
2025-04-17,4,2025,Frying Pan Mountain,Haywood,35.379167,-82.7925,58.0,
2025-04-17,4,2025,Garinger High School,Mecklenburg,35.2401000008895,-80.785683,77.0,46.0
2025-04-17,4,2025,Hattie Avenue,Forsyth,36.11094,-80.224501,67.0,34.0
2025-04-17,4,2025,Leggett,Edgecombe,35.988278,-77.5843,48.0,26.0
2025-04-17,4,2025,Linville Falls,Avery,35.972347,-81.933072,67.0,
2025-04-17,4,2025,Mendenhall School,Guilford,36.1090060008986,-79.802314,61.0,37.0
2025-04-17,4,2025,Millbrook School,Wake,35.856111,-78.574167,54.0,33.0
2025-04-17,4,2025,Pitt Agri. Center,Pitt,35.6412760008938,-77.360126,48.0,32.0
2025-04-17,4,2025,Rockwell,Rowan,35.551868,-80.395039,50.0,46.0
2025-04-17,4,2025,West Johnston Co.,Johnston,35.59095,-78.4622,54.0,46.0
2025-04-18,4,2025,Bryson City,Swain,35.434767,-83.442133,87.0,62.0
2025-04-18,4,2025,Castle Hayne,New Hanover,34.364167,-77.838611,51.0,42.0
2025-04-18,4,2025,Clemmons Middle,Forsyth,36.026612,-80.341962,90.0,55.0
2025-04-18,4,2025,Durham Armory,Durham,36.0329550008979,-78.904037,58.0,56.5
2025-04-18,4,2025,Frying Pan Mountain,Haywood,35.379167,-82.7925,84.0,
2025-04-18,4,2025,Garinger High School,Mecklenburg,35.2401000008895,-80.785683,71.0,55.0
2025-04-18,4,2025,Hattie Avenue,Forsyth,36.11094,-80.224501,90.0,55.0
2025-04-18,4,2025,Leggett,Edgecombe,35.988278,-77.5843,54.0,41.0
2025-04-18,4,2025,Linville Falls,Avery,35.972347,-81.933072,90.0,
2025-04-18,4,2025,Mendenhall School,Guilford,36.1090060008986,-79.802314,64.0,54.0
2025-04-18,4,2025,Millbrook School,Wake,35.856111,-78.574167,51.0,53.0
2025-04-18,4,2025,Pitt Agri. Center,Pitt,35.6412760008938,-77.360126,50.0,33.0
2025-04-18,4,2025,Rockwell,Rowan,35.551868,-80.395039,54.0,55.0
2025-04-18,4,2025,West Johnston Co.,Johnston,35.59095,-78.4622,61.0,52.0
2025-04-19,4,2025,Bryson City,Swain,35.434767,-83.442133,64.0,80.0
2025-04-19,4,2025,Castle Hayne,New Hanover,34.364167,-77.838611,44.0,23.5
2025-04-19,4,2025,Clemmons Middle,Forsyth,36.026612,-80.341962,44.0,55.0
2025-04-19,4,2025,Durham Armory,Durham,36.0329550008979,-78.904037,41.0,53.5
2025-04-19,4,2025,Frying Pan Mountain,Haywood,35.379167,-82.7925,74.0,
2025-04-19,4,2025,Garinger High School,Mecklenburg,35.2401000008895,-80.785683,45.0,53.5
2025-04-19,4,2025,Hattie Avenue,Forsyth,36.11094,-80.224501,46.0,58.0
2025-04-19,4,2025,Leggett,Edgecombe,35.988278,-77.5843,44.0,39.0
2025-04-19,4,2025,Linville Falls,Avery,35.972347,-81.933072,51.0,54.0
2025-04-19,4,2025,Mendenhall School,Guilford,36.1090060008986,-79.802314,44.0,54.0
2025-04-19,4,2025,Millbrook School,Wake,35.856111,-78.574167,43.0,46.5
2025-04-19,4,2025,Old High School,Swain,35.498711,-83.310242,54.0,69.0
2025-04-19,4,2025,Pitt Agri. Center,Pitt,35.6412760008938,-77.360126,41.0,33.0
2025-04-19,4,2025,Rockwell,Rowan,35.551868,-80.395039,42.0,57.0
2025-04-19,4,2025,West Johnston Co.,Johnston,35.59095,-78.4622,45.0,43.0
2025-04-20,4,2025,Bryson City,Swain,35.434767,-83.442133,54.0,76.0
2025-04-20,4,2025,Castle Hayne,New Hanover,34.364167,-77.838611,38.0,37.5
2025-04-20,4,2025,Clemmons Middle,Forsyth,36.026612,-80.341962,45.0,60.0
2025-04-20,4,2025,Durham Armory,Durham,36.0329550008979,-78.904037,40.0,57.5
2025-04-20,4,2025,Frying Pan Mountain,Haywood,35.379167,-82.7925,50.0,
2025-04-20,4,2025,Garinger High School,Mecklenburg,35.2401000008895,-80.785683,38.0,51.0
2025-04-20,4,2025,Hattie Avenue,Forsyth,36.11094,-80.224501,47.0,61.0
2025-04-20,4,2025,Leggett,Edgecombe,35.988278,-77.5843,41.0,51.0
2025-04-20,4,2025,Linville Falls,Avery,35.972347,-81.933072,50.0,
2025-04-20,4,2025,Mendenhall School,Guilford,36.1090060008986,-79.802314,43.0,57.0
2025-04-20,4,2025,Millbrook School,Wake,35.856111,-78.574167,39.0,54.0
2025-04-20,4,2025,Old High School,Swain,35.498711,-83.310242,49.0,64.0
2025-04-20,4,2025,Pitt Agri. Center,Pitt,35.6412760008938,-77.360126,40.0,57.0
2025-04-20,4,2025,Rockwell,Rowan,35.551868,-80.395039,38.0,51.0
2025-04-20,4,2025,West Johnston Co.,Johnston,35.59095,-78.4622,37.0,53.0
2025-04-21,4,2025,Bryson City,Swain,35.434767,-83.442133,45.0,44.0
2025-04-21,4,2025,Castle Hayne,New Hanover,34.364167,-77.838611,46.0,46.0
2025-04-21,4,2025,Clemmons Middle,Forsyth,36.026612,-80.341962,47.0,53.0
2025-04-21,4,2025,Durham Armory,Durham,36.0329550008979,-78.904037,44.0,56.5
2025-04-21,4,2025,Frying Pan Mountain,Haywood,35.379167,-82.7925,49.0,
2025-04-21,4,2025,Garinger High School,Mecklenburg,35.2401000008895,-80.785683,46.0,50.0
2025-04-21,4,2025,Hattie Avenue,Forsyth,36.11094,-80.224501,47.0,54.0
2025-04-21,4,2025,Leggett,Edgecombe,35.988278,-77.5843,46.0,52.0
2025-04-21,4,2025,Linville Falls,Avery,35.972347,-81.933072,46.0,
2025-04-21,4,2025,Mendenhall School,Guilford,36.1090060008986,-79.802314,49.0,52.0
2025-04-21,4,2025,Millbrook School,Wake,35.856111,-78.574167,46.0,57.0
2025-04-21,4,2025,Old High School,Swain,35.498711,-83.310242,45.0,52.0
2025-04-21,4,2025,Pitt Agri. Center,Pitt,35.6412760008938,-77.360126,44.0,42.0
2025-04-21,4,2025,Rockwell,Rowan,35.551868,-80.395039,44.0,49.0
2025-04-21,4,2025,West Johnston Co.,Johnston,35.59095,-78.4622,49.0,42.0
2025-04-22,4,2025,Bryson City,Swain,35.434767,-83.442133,31.0,34.0
2025-04-22,4,2025,Castle Hayne,New Hanover,34.364167,-77.838611,44.0,45.0
2025-04-22,4,2025,Clemmons Middle,Forsyth,36.026612,-80.341962,39.0,53.0
2025-04-22,4,2025,Durham Armory,Durham,36.0329550008979,-78.904037,40.0,55.5
2025-04-22,4,2025,Frying Pan Mountain,Haywood,35.379167,-82.7925,44.0,
2025-04-22,4,2025,Garinger High School,Mecklenburg,35.2401000008895,-80.785683,44.0,52.0
2025-04-22,4,2025,Hattie Avenue,Forsyth,36.11094,-80.224501,37.0,53.0
2025-04-22,4,2025,Leggett,Edgecombe,35.988278,-77.5843,43.0,54.0
2025-04-22,4,2025,Linville Falls,Avery,35.972347,-81.933072,42.0,24.0
2025-04-22,4,2025,Mendenhall School,Guilford,36.1090060008986,-79.802314,37.0,46.0
2025-04-22,4,2025,Millbrook School,Wake,35.856111,-78.574167,43.0,55.5
2025-04-22,4,2025,Old High School,Swain,35.498711,-83.310242,,37.0
2025-04-22,4,2025,Pitt Agri. Center,Pitt,35.6412760008938,-77.360126,42.0,53.0
2025-04-22,4,2025,Rockwell,Rowan,35.551868,-80.395039,42.0,53.0
2025-04-22,4,2025,West Johnston Co.,Johnston,35.59095,-78.4622,40.0,57.0
2025-04-23,4,2025,Bryson City,Swain,35.434767,-83.442133,38.0,16.0
2025-04-23,4,2025,Castle Hayne,New Hanover,34.364167,-77.838611,34.0,50.5
2025-04-23,4,2025,Clemmons Middle,Forsyth,36.026612,-80.341962,71.0,39.0
2025-04-23,4,2025,Durham Armory,Durham,36.0329550008979,-78.904037,48.0,50.5
2025-04-23,4,2025,Frying Pan Mountain,Haywood,35.379167,-82.7925,44.0,
2025-04-23,4,2025,Garinger High School,Mecklenburg,35.2401000008895,-80.785683,46.0,46.0
2025-04-23,4,2025,Hattie Avenue,Forsyth,36.11094,-80.224501,67.0,39.0
2025-04-23,4,2025,Leggett,Edgecombe,35.988278,-77.5843,44.0,53.0
2025-04-23,4,2025,Linville Falls,Avery,35.972347,-81.933072,45.0,
2025-04-23,4,2025,Mendenhall School,Guilford,36.1090060008986,-79.802314,48.0,42.0
2025-04-23,4,2025,Millbrook School,Wake,35.856111,-78.574167,43.0,52.0
2025-04-23,4,2025,Old High School,Swain,35.498711,-83.310242,36.0,29.0
2025-04-23,4,2025,Pitt Agri. Center,Pitt,35.6412760008938,-77.360126,42.0,56.0
2025-04-23,4,2025,Rockwell,Rowan,35.551868,-80.395039,43.0,42.0
2025-04-23,4,2025,West Johnston Co.,Johnston,35.59095,-78.4622,41.0,57.0
2025-04-24,4,2025,Bryson City,Swain,35.434767,-83.442133,32.0,27.0
2025-04-24,4,2025,Castle Hayne,New Hanover,34.364167,-77.838611,38.0,50.5
2025-04-24,4,2025,Clemmons Middle,Forsyth,36.026612,-80.341962,39.0,55.0
2025-04-24,4,2025,Durham Armory,Durham,36.0329550008979,-78.904037,51.0,57.0
2025-04-24,4,2025,Frying Pan Mountain,Haywood,35.379167,-82.7925,41.0,
2025-04-24,4,2025,Garinger High School,Mecklenburg,35.2401000008895,-80.785683,26.0,55.0
2025-04-24,4,2025,Hattie Avenue,Forsyth,36.11094,-80.224501,40.0,55.0
2025-04-24,4,2025,Leggett,Edgecombe,35.988278,-77.5843,47.0,48.0
2025-04-24,4,2025,Linville Falls,Avery,35.972347,-81.933072,42.0,
2025-04-24,4,2025,Mendenhall School,Guilford,36.1090060008986,-79.802314,46.0,55.0
2025-04-24,4,2025,Millbrook School,Wake,35.856111,-78.574167,51.0,58.0
2025-04-24,4,2025,Old High School,Swain,35.498711,-83.310242,33.0,37.0
2025-04-24,4,2025,Pitt Agri. Center,Pitt,35.6412760008938,-77.360126,46.0,51.0
2025-04-24,4,2025,Rockwell,Rowan,35.551868,-80.395039,32.0,54.0
2025-04-24,4,2025,West Johnston Co.,Johnston,35.59095,-78.4622,51.0,53.0
2025-04-25,4,2025,Bryson City,Swain,35.434767,-83.442133,35.0,47.0
2025-04-25,4,2025,Castle Hayne,New Hanover,34.364167,-77.838611,44.0,39.5
2025-04-25,4,2025,Clemmons Middle,Forsyth,36.026612,-80.341962,39.0,61.0
2025-04-25,4,2025,Durham Armory,Durham,36.0329550008979,-78.904037,36.0,54.5
2025-04-25,4,2025,Frying Pan Mountain,Haywood,35.379167,-82.7925,40.0,19.0
2025-04-25,4,2025,Garinger High School,Mecklenburg,35.2401000008895,-80.785683,38.0,50.0
2025-04-25,4,2025,Hattie Avenue,Forsyth,36.11094,-80.224501,40.0,60.0
2025-04-25,4,2025,Leggett,Edgecombe,35.988278,-77.5843,44.0,40.0
2025-04-25,4,2025,Linville Falls,Avery,35.972347,-81.933072,34.0,32.0
2025-04-25,4,2025,Mendenhall School,Guilford,36.1090060008986,-79.802314,38.0,54.0
2025-04-25,4,2025,Millbrook School,Wake,35.856111,-78.574167,41.0,54.5
2025-04-25,4,2025,Old High School,Swain,35.498711,-83.310242,35.0,44.5
2025-04-25,4,2025,Pitt Agri. Center,Pitt,35.6412760008938,-77.360126,42.0,30.0
2025-04-25,4,2025,Rockwell,Rowan,35.551868,-80.395039,36.0,
2025-04-25,4,2025,West Johnston Co.,Johnston,35.59095,-78.4622,44.0,55.0
2025-04-26,4,2025,Bryson City,Swain,35.434767,-83.442133,40.0,33.0
2025-04-26,4,2025,Castle Hayne,New Hanover,34.364167,-77.838611,35.0,33.0
2025-04-26,4,2025,Clemmons Middle,Forsyth,36.026612,-80.341962,37.0,38.0
2025-04-26,4,2025,Durham Armory,Durham,36.0329550008979,-78.904037,37.0,45.0
2025-04-26,4,2025,Frying Pan Mountain,Haywood,35.379167,-82.7925,43.0,
2025-04-26,4,2025,Garinger High School,Mecklenburg,35.2401000008895,-80.785683,40.0,33.0
2025-04-26,4,2025,Hattie Avenue,Forsyth,36.11094,-80.224501,38.0,38.0
2025-04-26,4,2025,Leggett,Edgecombe,35.988278,-77.5843,40.0,35.0
2025-04-26,4,2025,Linville Falls,Avery,35.972347,-81.933072,44.0,
2025-04-26,4,2025,Mendenhall School,Guilford,36.1090060008986,-79.802314,35.0,34.0
2025-04-26,4,2025,Millbrook School,Wake,35.856111,-78.574167,38.0,41.0
2025-04-26,4,2025,Old High School,Swain,35.498711,-83.310242,37.0,41.0
2025-04-26,4,2025,Pitt Agri. Center,Pitt,35.6412760008938,-77.360126,40.0,34.0
2025-04-26,4,2025,Rockwell,Rowan,35.551868,-80.395039,39.0,
2025-04-26,4,2025,West Johnston Co.,Johnston,35.59095,-78.4622,37.0,36.0
2025-04-27,4,2025,Bryson City,Swain,35.434767,-83.442133,45.0,31.0
2025-04-27,4,2025,Castle Hayne,New Hanover,34.364167,-77.838611,42.0,32.5
2025-04-27,4,2025,Clemmons Middle,Forsyth,36.026612,-80.341962,49.0,28.0
2025-04-27,4,2025,Durham Armory,Durham,36.0329550008979,-78.904037,44.0,30.0
2025-04-27,4,2025,Frying Pan Mountain,Haywood,35.379167,-82.7925,64.0,
2025-04-27,4,2025,Garinger High School,Mecklenburg,35.2401000008895,-80.785683,54.0,28.0
2025-04-27,4,2025,Hattie Avenue,Forsyth,36.11094,-80.224501,50.0,33.0
2025-04-27,4,2025,Leggett,Edgecombe,35.988278,-77.5843,44.0,17.0
2025-04-27,4,2025,Linville Falls,Avery,35.972347,-81.933072,46.0,
2025-04-27,4,2025,Mendenhall School,Guilford,36.1090060008986,-79.802314,45.0,23.0
2025-04-27,4,2025,Millbrook School,Wake,35.856111,-78.574167,44.0,24.0
2025-04-27,4,2025,Old High School,Swain,35.498711,-83.310242,44.0,37.0
2025-04-27,4,2025,Pitt Agri. Center,Pitt,35.6412760008938,-77.360126,44.0,16.0
2025-04-27,4,2025,Rockwell,Rowan,35.551868,-80.395039,47.0,
2025-04-27,4,2025,West Johnston Co.,Johnston,35.59095,-78.4622,44.0,18.0
2025-04-28,4,2025,Bryson City,Swain,35.434767,-83.442133,45.0,36.0
2025-04-28,4,2025,Castle Hayne,New Hanover,34.364167,-77.838611,49.0,32.5
2025-04-28,4,2025,Clemmons Middle,Forsyth,36.026612,-80.341962,50.0,36.0
2025-04-28,4,2025,Durham Armory,Durham,36.0329550008979,-78.904037,61.0,30.5
2025-04-28,4,2025,Frying Pan Mountain,Haywood,35.379167,-82.7925,50.0,24.0
2025-04-28,4,2025,Garinger High School,Mecklenburg,35.2401000008895,-80.785683,51.0,44.0
2025-04-28,4,2025,Hattie Avenue,Forsyth,36.11094,-80.224501,58.0,38.0
2025-04-28,4,2025,Leggett,Edgecombe,35.988278,-77.5843,46.0,17.0
2025-04-28,4,2025,Linville Falls,Avery,35.972347,-81.933072,50.0,26.0
2025-04-28,4,2025,Mendenhall School,Guilford,36.1090060008986,-79.802314,49.0,34.0
2025-04-28,4,2025,Millbrook School,Wake,35.856111,-78.574167,47.0,31.0
2025-04-28,4,2025,Old High School,Swain,35.498711,-83.310242,47.0,41.0
2025-04-28,4,2025,Pitt Agri. Center,Pitt,35.6412760008938,-77.360126,45.0,21.0
2025-04-28,4,2025,Rockwell,Rowan,35.551868,-80.395039,46.0,
2025-04-28,4,2025,West Johnston Co.,Johnston,35.59095,-78.4622,50.0,35.0
2025-04-29,4,2025,Bryson City,Swain,35.434767,-83.442133,42.0,47.0
2025-04-29,4,2025,Castle Hayne,New Hanover,34.364167,-77.838611,45.0,54.5
2025-04-29,4,2025,Clemmons Middle,Forsyth,36.026612,-80.341962,47.0,49.0
2025-04-29,4,2025,Durham Armory,Durham,36.0329550008979,-78.904037,47.0,54.5
2025-04-29,4,2025,Frying Pan Mountain,Haywood,35.379167,-82.7925,43.0,
2025-04-29,4,2025,Garinger High School,Mecklenburg,35.2401000008895,-80.785683,44.0,42.0
2025-04-29,4,2025,Hattie Avenue,Forsyth,36.11094,-80.224501,49.0,47.0
2025-04-29,4,2025,Leggett,Edgecombe,35.988278,-77.5843,51.0,31.0
2025-04-29,4,2025,Linville Falls,Avery,35.972347,-81.933072,46.0,
2025-04-29,4,2025,Mendenhall School,Guilford,36.1090060008986,-79.802314,51.0,41.0
2025-04-29,4,2025,Millbrook School,Wake,35.856111,-78.574167,49.0,43.0
2025-04-29,4,2025,Old High School,Swain,35.498711,-83.310242,44.0,47.0
2025-04-29,4,2025,Pitt Agri. Center,Pitt,35.6412760008938,-77.360126,48.0,32.0
2025-04-29,4,2025,Rockwell,Rowan,35.551868,-80.395039,45.0,
2025-04-29,4,2025,West Johnston Co.,Johnston,35.59095,-78.4622,51.0,36.0
2025-04-30,4,2025,Bryson City,Swain,35.434767,-83.442133,37.0,51.0
2025-04-30,4,2025,Castle Hayne,New Hanover,34.364167,-77.838611,42.0,39.0
2025-04-30,4,2025,Clemmons Middle,Forsyth,36.026612,-80.341962,44.0,52.0
2025-04-30,4,2025,Durham Armory,Durham,36.0329550008979,-78.904037,43.0,55.5
2025-04-30,4,2025,Frying Pan Mountain,Haywood,35.379167,-82.7925,44.0,
2025-04-30,4,2025,Garinger High School,Mecklenburg,35.2401000008895,-80.785683,44.0,52.0
2025-04-30,4,2025,Hattie Avenue,Forsyth,36.11094,-80.224501,44.0,53.0
2025-04-30,4,2025,Leggett,Edgecombe,35.988278,-77.5843,46.0,53.0
2025-04-30,4,2025,Linville Falls,Avery,35.972347,-81.933072,37.0,
2025-04-30,4,2025,Mendenhall School,Guilford,36.1090060008986,-79.802314,43.0,52.0
2025-04-30,4,2025,Millbrook School,Wake,35.856111,-78.574167,42.0,54.0
2025-04-30,4,2025,Old High School,Swain,35.498711,-83.310242,38.0,53.0
2025-04-30,4,2025,Pitt Agri. Center,Pitt,35.6412760008938,-77.360126,44.0,44.0
2025-04-30,4,2025,Rockwell,Rowan,35.551868,-80.395039,45.0,
2025-04-30,4,2025,West Johnston Co.,Johnston,35.59095,-78.4622,,54.0
2025-05-01,5,2025,Bryson City,Swain,35.434767,-83.442133,37.0,46.0
2025-05-01,5,2025,Castle Hayne,New Hanover,34.364167,-77.838611,43.0,28.0
2025-05-01,5,2025,Clemmons Middle,Forsyth,36.026612,-80.341962,45.0,52.5
2025-05-01,5,2025,Durham Armory,Durham,36.0329550008979,-78.904037,42.0,56.5
2025-05-01,5,2025,Frying Pan Mountain,Haywood,35.379167,-82.7925,46.0,34.0
2025-05-01,5,2025,Garinger High School,Mecklenburg,35.2401000008895,-80.785683,43.0,50.0
2025-05-01,5,2025,Hattie Avenue,Forsyth,36.11094,-80.224501,45.0,54.0
2025-05-01,5,2025,Leggett,Edgecombe,35.988278,-77.5843,47.0,53.0
2025-05-01,5,2025,Linville Falls,Avery,35.972347,-81.933072,42.0,41.0
2025-05-01,5,2025,Mendenhall School,Guilford,36.1090060008986,-79.802314,46.0,60.0
2025-05-01,5,2025,Millbrook School,Wake,35.856111,-78.574167,44.0,55.5
2025-05-01,5,2025,Old High School,Swain,35.498711,-83.310242,34.0,53.0
2025-05-01,5,2025,Pitt Agri. Center,Pitt,35.6412760008938,-77.360126,44.0,39.0
2025-05-01,5,2025,Rockwell,Rowan,35.551868,-80.395039,44.0,51.0
2025-05-01,5,2025,West Johnston Co.,Johnston,35.59095,-78.4622,47.0,52.0
2025-05-02,5,2025,Bryson City,Swain,35.434767,-83.442133,30.0,31.0
2025-05-02,5,2025,Castle Hayne,New Hanover,34.364167,-77.838611,41.0,35.0
2025-05-02,5,2025,Clemmons Middle,Forsyth,36.026612,-80.341962,47.0,48.0
2025-05-02,5,2025,Durham Armory,Durham,36.0329550008979,-78.904037,44.0,49.5
2025-05-02,5,2025,Frying Pan Mountain,Haywood,35.379167,-82.7925,44.0,
2025-05-02,5,2025,Garinger High School,Mecklenburg,35.2401000008895,-80.785683,43.0,44.0
2025-05-02,5,2025,Hattie Avenue,Forsyth,36.11094,-80.224501,48.0,51.0
2025-05-02,5,2025,Leggett,Edgecombe,35.988278,-77.5843,46.0,42.0
2025-05-02,5,2025,Linville Falls,Avery,35.972347,-81.933072,44.0,
2025-05-02,5,2025,Mendenhall School,Guilford,36.1090060008986,-79.802314,49.0,52.0
2025-05-02,5,2025,Millbrook School,Wake,35.856111,-78.574167,45.0,48.0
2025-05-02,5,2025,Old High School,Swain,35.498711,-83.310242,31.0,32.0
2025-05-02,5,2025,Pitt Agri. Center,Pitt,35.6412760008938,-77.360126,42.0,47.0
2025-05-02,5,2025,Rockwell,Rowan,35.551868,-80.395039,43.0,47.0
2025-05-02,5,2025,West Johnston Co.,Johnston,35.59095,-78.4622,44.0,42.0
2025-05-03,5,2025,Bryson City,Swain,35.434767,-83.442133,28.0,12.0
2025-05-03,5,2025,Castle Hayne,New Hanover,34.364167,-77.838611,42.0,34.5
2025-05-03,5,2025,Clemmons Middle,Forsyth,36.026612,-80.341962,34.0,43.0
2025-05-03,5,2025,Durham Armory,Durham,36.0329550008979,-78.904037,40.0,37.5
2025-05-03,5,2025,Frying Pan Mountain,Haywood,35.379167,-82.7925,46.0,
2025-05-03,5,2025,Garinger High School,Mecklenburg,35.2401000008895,-80.785683,31.0,42.0
2025-05-03,5,2025,Hattie Avenue,Forsyth,36.11094,-80.224501,35.0,46.0
2025-05-03,5,2025,Leggett,Edgecombe,35.988278,-77.5843,42.0,39.0
2025-05-03,5,2025,Linville Falls,Avery,35.972347,-81.933072,39.0,
2025-05-03,5,2025,Mendenhall School,Guilford,36.1090060008986,-79.802314,32.0,41.0
2025-05-03,5,2025,Millbrook School,Wake,35.856111,-78.574167,39.0,37.0
2025-05-03,5,2025,Old High School,Swain,35.498711,-83.310242,30.0,20.0
2025-05-03,5,2025,Pitt Agri. Center,Pitt,35.6412760008938,-77.360126,40.0,40.0
2025-05-03,5,2025,Rockwell,Rowan,35.551868,-80.395039,31.0,33.0
2025-05-03,5,2025,West Johnston Co.,Johnston,35.59095,-78.4622,39.0,31.0
2025-05-04,5,2025,Bryson City,Swain,35.434767,-83.442133,36.0,16.0
2025-05-04,5,2025,Castle Hayne,New Hanover,34.364167,-77.838611,40.0,28.0
2025-05-04,5,2025,Clemmons Middle,Forsyth,36.026612,-80.341962,43.0,21.0
2025-05-04,5,2025,Durham Armory,Durham,36.0329550008979,-78.904037,39.0,29.5
2025-05-04,5,2025,Frying Pan Mountain,Haywood,35.379167,-82.7925,42.0,11.0
2025-05-04,5,2025,Garinger High School,Mecklenburg,35.2401000008895,-80.785683,40.0,16.0
2025-05-04,5,2025,Hattie Avenue,Forsyth,36.11094,-80.224501,44.0,23.5
2025-05-04,5,2025,Leggett,Edgecombe,35.988278,-77.5843,33.0,26.0
2025-05-04,5,2025,Linville Falls,Avery,35.972347,-81.933072,41.0,11.0
2025-05-04,5,2025,Mendenhall School,Guilford,36.1090060008986,-79.802314,43.0,16.0
2025-05-04,5,2025,Millbrook School,Wake,35.856111,-78.574167,35.0,33.5
2025-05-04,5,2025,Old High School,Swain,35.498711,-83.310242,38.0,21.0
2025-05-04,5,2025,Pitt Agri. Center,Pitt,35.6412760008938,-77.360126,30.0,21.0
2025-05-04,5,2025,Rockwell,Rowan,35.551868,-80.395039,40.0,16.0
2025-05-04,5,2025,West Johnston Co.,Johnston,35.59095,-78.4622,35.0,22.0
2025-05-05,5,2025,Bryson City,Swain,35.434767,-83.442133,35.0,21.0
2025-05-05,5,2025,Castle Hayne,New Hanover,34.364167,-77.838611,41.0,25.0
2025-05-05,5,2025,Clemmons Middle,Forsyth,36.026612,-80.341962,47.0,33.0
2025-05-05,5,2025,Durham Armory,Durham,36.0329550008979,-78.904037,34.0,42.0
2025-05-05,5,2025,Frying Pan Mountain,Haywood,35.379167,-82.7925,43.0,
2025-05-05,5,2025,Garinger High School,Mecklenburg,35.2401000008895,-80.785683,44.0,24.0
2025-05-05,5,2025,Hattie Avenue,Forsyth,36.11094,-80.224501,47.0,33.0
2025-05-05,5,2025,Leggett,Edgecombe,35.988278,-77.5843,36.0,21.0
2025-05-05,5,2025,Linville Falls,Avery,35.972347,-81.933072,41.0,
2025-05-05,5,2025,Mendenhall School,Guilford,36.1090060008986,-79.802314,44.0,30.0
2025-05-05,5,2025,Millbrook School,Wake,35.856111,-78.574167,33.0,34.0
2025-05-05,5,2025,Pitt Agri. Center,Pitt,35.6412760008938,-77.360126,32.0,28.0
2025-05-05,5,2025,Rockwell,Rowan,35.551868,-80.395039,43.0,26.0
2025-05-05,5,2025,West Johnston Co.,Johnston,35.59095,-78.4622,36.0,32.0
2025-05-06,5,2025,Bryson City,Swain,35.434767,-83.442133,41.0,26.0
2025-05-06,5,2025,Castle Hayne,New Hanover,34.364167,-77.838611,48.0,31.5
2025-05-06,5,2025,Clemmons Middle,Forsyth,36.026612,-80.341962,47.0,26.0
2025-05-06,5,2025,Durham Armory,Durham,36.0329550008979,-78.904037,44.0,37.5
2025-05-06,5,2025,Frying Pan Mountain,Haywood,35.379167,-82.7925,46.0,
2025-05-06,5,2025,Garinger High School,Mecklenburg,35.2401000008895,-80.785683,47.0,31.0
2025-05-06,5,2025,Hattie Avenue,Forsyth,36.11094,-80.224501,47.0,29.0
2025-05-06,5,2025,Leggett,Edgecombe,35.988278,-77.5843,46.0,28.0
2025-05-06,5,2025,Linville Falls,Avery,35.972347,-81.933072,42.0,
2025-05-06,5,2025,Mendenhall School,Guilford,36.1090060008986,-79.802314,46.0,28.0
2025-05-06,5,2025,Millbrook School,Wake,35.856111,-78.574167,44.0,30.0
2025-05-06,5,2025,Pitt Agri. Center,Pitt,35.6412760008938,-77.360126,47.0,37.0
2025-05-06,5,2025,Rockwell,Rowan,35.551868,-80.395039,47.0,28.0
2025-05-06,5,2025,West Johnston Co.,Johnston,35.59095,-78.4622,45.0,33.0
2025-05-07,5,2025,Bryson City,Swain,35.434767,-83.442133,25.0,29.0
2025-05-07,5,2025,Castle Hayne,New Hanover,34.364167,-77.838611,48.0,43.0
2025-05-07,5,2025,Clemmons Middle,Forsyth,36.026612,-80.341962,44.0,34.5
2025-05-07,5,2025,Durham Armory,Durham,36.0329550008979,-78.904037,44.0,41.5
2025-05-07,5,2025,Frying Pan Mountain,Haywood,35.379167,-82.7925,39.0,11.0
2025-05-07,5,2025,Garinger High School,Mecklenburg,35.2401000008895,-80.785683,43.0,41.5
2025-05-07,5,2025,Hattie Avenue,Forsyth,36.11094,-80.224501,45.0,38.0
2025-05-07,5,2025,Leggett,Edgecombe,35.988278,-77.5843,45.0,37.0
2025-05-07,5,2025,Linville Falls,Avery,35.972347,-81.933072,44.0,20.0
2025-05-07,5,2025,Mendenhall School,Guilford,36.1090060008986,-79.802314,48.0,32.0
2025-05-07,5,2025,Millbrook School,Wake,35.856111,-78.574167,44.0,36.0
2025-05-07,5,2025,Pitt Agri. Center,Pitt,35.6412760008938,-77.360126,48.0,38.0
2025-05-07,5,2025,Rockwell,Rowan,35.551868,-80.395039,41.0,41.0
2025-05-07,5,2025,West Johnston Co.,Johnston,35.59095,-78.4622,45.0,39.0
2025-05-08,5,2025,Bryson City,Swain,35.434767,-83.442133,37.0,31.0
2025-05-08,5,2025,Castle Hayne,New Hanover,34.364167,-77.838611,50.0,52.0
2025-05-08,5,2025,Clemmons Middle,Forsyth,36.026612,-80.341962,44.0,36.0
2025-05-08,5,2025,Durham Armory,Durham,36.0329550008979,-78.904037,47.0,51.0
2025-05-08,5,2025,Frying Pan Mountain,Haywood,35.379167,-82.7925,51.0,
2025-05-08,5,2025,Garinger High School,Mecklenburg,35.2401000008895,-80.785683,47.0,43.0
2025-05-08,5,2025,Hattie Avenue,Forsyth,36.11094,-80.224501,49.0,41.0
2025-05-08,5,2025,Leggett,Edgecombe,35.988278,-77.5843,58.0,52.0
2025-05-08,5,2025,Linville Falls,Avery,35.972347,-81.933072,43.0,
2025-05-08,5,2025,Mendenhall School,Guilford,36.1090060008986,-79.802314,51.0,41.0
2025-05-08,5,2025,Millbrook School,Wake,35.856111,-78.574167,49.0,50.0
2025-05-08,5,2025,Pitt Agri. Center,Pitt,35.6412760008938,-77.360126,47.0,47.0
2025-05-08,5,2025,Rockwell,Rowan,35.551868,-80.395039,45.0,48.0
2025-05-08,5,2025,West Johnston Co.,Johnston,35.59095,-78.4622,43.0,52.0
2025-05-09,5,2025,Bryson City,Swain,35.434767,-83.442133,41.0,23.0
2025-05-09,5,2025,Castle Hayne,New Hanover,34.364167,-77.838611,44.0,30.0
2025-05-09,5,2025,Clemmons Middle,Forsyth,36.026612,-80.341962,45.0,30.0
2025-05-09,5,2025,Durham Armory,Durham,36.0329550008979,-78.904037,42.0,35.0
2025-05-09,5,2025,Frying Pan Mountain,Haywood,35.379167,-82.7925,48.0,
2025-05-09,5,2025,Garinger High School,Mecklenburg,35.2401000008895,-80.785683,47.0,22.0
2025-05-09,5,2025,Hattie Avenue,Forsyth,36.11094,-80.224501,46.0,30.0
2025-05-09,5,2025,Leggett,Edgecombe,35.988278,-77.5843,43.0,31.0
2025-05-09,5,2025,Mendenhall School,Guilford,36.1090060008986,-79.802314,44.0,26.0
2025-05-09,5,2025,Millbrook School,Wake,35.856111,-78.574167,44.0,30.0
2025-05-09,5,2025,Pitt Agri. Center,Pitt,35.6412760008938,-77.360126,48.0,23.0
2025-05-09,5,2025,Rockwell,Rowan,35.551868,-80.395039,43.0,30.0
2025-05-09,5,2025,West Johnston Co.,Johnston,35.59095,-78.4622,48.0,21.0
2025-05-10,5,2025,Bryson City,Swain,35.434767,-83.442133,26.0,33.0
2025-05-10,5,2025,Castle Hayne,New Hanover,34.364167,-77.838611,41.0,32.5
2025-05-10,5,2025,Clemmons Middle,Forsyth,36.026612,-80.341962,48.0,33.0
2025-05-10,5,2025,Durham Armory,Durham,36.0329550008979,-78.904037,43.0,33.0
2025-05-10,5,2025,Frying Pan Mountain,Haywood,35.379167,-82.7925,44.0,22.0
2025-05-10,5,2025,Garinger High School,Mecklenburg,35.2401000008895,-80.785683,37.0,30.5
2025-05-10,5,2025,Hattie Avenue,Forsyth,36.11094,-80.224501,49.0,28.0
2025-05-10,5,2025,Leggett,Edgecombe,35.988278,-77.5843,48.0,27.0
2025-05-10,5,2025,Linville Falls,Avery,35.972347,-81.933072,43.0,
2025-05-10,5,2025,Mendenhall School,Guilford,36.1090060008986,-79.802314,44.0,29.0
2025-05-10,5,2025,Millbrook School,Wake,35.856111,-78.574167,43.0,28.0
2025-05-10,5,2025,Pitt Agri. Center,Pitt,35.6412760008938,-77.360126,47.0,23.0
2025-05-10,5,2025,Rockwell,Rowan,35.551868,-80.395039,36.0,27.0
2025-05-10,5,2025,West Johnston Co.,Johnston,35.59095,-78.4622,42.0,31.0
2025-05-11,5,2025,Bryson City,Swain,35.434767,-83.442133,33.0,22.0
2025-05-11,5,2025,Castle Hayne,New Hanover,34.364167,-77.838611,36.0,21.5
2025-05-11,5,2025,Clemmons Middle,Forsyth,36.026612,-80.341962,37.0,41.0
2025-05-11,5,2025,Durham Armory,Durham,36.0329550008979,-78.904037,22.0,51.5
2025-05-11,5,2025,Frying Pan Mountain,Haywood,35.379167,-82.7925,36.0,
2025-05-11,5,2025,Garinger High School,Mecklenburg,35.2401000008895,-80.785683,30.0,47.0
2025-05-11,5,2025,Hattie Avenue,Forsyth,36.11094,-80.224501,36.0,42.0
2025-05-11,5,2025,Leggett,Edgecombe,35.988278,-77.5843,36.0,38.0
2025-05-11,5,2025,Linville Falls,Avery,35.972347,-81.933072,40.0,
2025-05-11,5,2025,Mendenhall School,Guilford,36.1090060008986,-79.802314,31.0,46.0
2025-05-11,5,2025,Millbrook School,Wake,35.856111,-78.574167,32.0,41.0
2025-05-11,5,2025,Pitt Agri. Center,Pitt,35.6412760008938,-77.360126,35.0,33.0
2025-05-11,5,2025,Rockwell,Rowan,35.551868,-80.395039,23.0,43.0
2025-05-11,5,2025,West Johnston Co.,Johnston,35.59095,-78.4622,27.0,48.0
2025-05-12,5,2025,Bryson City,Swain,35.434767,-83.442133,23.0,20.0
2025-05-12,5,2025,Castle Hayne,New Hanover,34.364167,-77.838611,23.0,24.0
2025-05-12,5,2025,Clemmons Middle,Forsyth,36.026612,-80.341962,24.0,24.0
2025-05-12,5,2025,Durham Armory,Durham,36.0329550008979,-78.904037,25.0,29.5
2025-05-12,5,2025,Frying Pan Mountain,Haywood,35.379167,-82.7925,39.0,
2025-05-12,5,2025,Garinger High School,Mecklenburg,35.2401000008895,-80.785683,22.0,18.0
2025-05-12,5,2025,Hattie Avenue,Forsyth,36.11094,-80.224501,25.0,25.0
2025-05-12,5,2025,Leggett,Edgecombe,35.988278,-77.5843,31.0,22.0
2025-05-12,5,2025,Linville Falls,Avery,35.972347,-81.933072,33.0,
2025-05-12,5,2025,Mendenhall School,Guilford,36.1090060008986,-79.802314,24.0,24.0
2025-05-12,5,2025,Millbrook School,Wake,35.856111,-78.574167,25.0,27.0
2025-05-12,5,2025,Pitt Agri. Center,Pitt,35.6412760008938,-77.360126,29.0,24.0
2025-05-12,5,2025,Rockwell,Rowan,35.551868,-80.395039,21.0,17.0
2025-05-12,5,2025,West Johnston Co.,Johnston,35.59095,-78.4622,28.0,23.0
2025-05-13,5,2025,Bryson City,Swain,35.434767,-83.442133,36.0,16.0
2025-05-13,5,2025,Castle Hayne,New Hanover,34.364167,-77.838611,32.0,23.5
2025-05-13,5,2025,Clemmons Middle,Forsyth,36.026612,-80.341962,39.0,30.0
2025-05-13,5,2025,Durham Armory,Durham,36.0329550008979,-78.904037,30.0,21.5
2025-05-13,5,2025,Frying Pan Mountain,Haywood,35.379167,-82.7925,41.0,9.0
2025-05-13,5,2025,Garinger High School,Mecklenburg,35.2401000008895,-80.785683,39.0,18.0
2025-05-13,5,2025,Hattie Avenue,Forsyth,36.11094,-80.224501,42.0,24.5
2025-05-13,5,2025,Leggett,Edgecombe,35.988278,-77.5843,30.0,18.0
2025-05-13,5,2025,Linville Falls,Avery,35.972347,-81.933072,43.0,11.0
2025-05-13,5,2025,Mendenhall School,Guilford,36.1090060008986,-79.802314,37.0,17.0
2025-05-13,5,2025,Millbrook School,Wake,35.856111,-78.574167,32.0,19.0
2025-05-13,5,2025,Pitt Agri. Center,Pitt,35.6412760008938,-77.360126,25.0,9.0
2025-05-13,5,2025,Rockwell,Rowan,35.551868,-80.395039,34.0,15.0
2025-05-13,5,2025,West Johnston Co.,Johnston,35.59095,-78.4622,29.0,19.0
2025-05-14,5,2025,Bryson City,Swain,35.434767,-83.442133,35.0,27.0
2025-05-14,5,2025,Castle Hayne,New Hanover,34.364167,-77.838611,38.0,40.0
2025-05-14,5,2025,Clemmons Middle,Forsyth,36.026612,-80.341962,39.0,29.0
2025-05-14,5,2025,Durham Armory,Durham,36.0329550008979,-78.904037,32.0,36.5
2025-05-14,5,2025,Frying Pan Mountain,Haywood,35.379167,-82.7925,46.0,
2025-05-14,5,2025,Garinger High School,Mecklenburg,35.2401000008895,-80.785683,42.0,23.0
2025-05-14,5,2025,Hattie Avenue,Forsyth,36.11094,-80.224501,41.0,24.0
2025-05-14,5,2025,Leggett,Edgecombe,35.988278,-77.5843,37.0,33.0
2025-05-14,5,2025,Linville Falls,Avery,35.972347,-81.933072,41.0,
2025-05-14,5,2025,Mendenhall School,Guilford,36.1090060008986,-79.802314,31.0,31.0
2025-05-14,5,2025,Millbrook School,Wake,35.856111,-78.574167,34.0,31.0
2025-05-14,5,2025,Pitt Agri. Center,Pitt,35.6412760008938,-77.360126,35.0,29.0
2025-05-14,5,2025,Rockwell,Rowan,35.551868,-80.395039,44.0,22.0
2025-05-14,5,2025,West Johnston Co.,Johnston,35.59095,-78.4622,36.0,26.0
2025-05-15,5,2025,Bryson City,Swain,35.434767,-83.442133,39.0,45.0
2025-05-15,5,2025,Castle Hayne,New Hanover,34.364167,-77.838611,45.0,42.0
2025-05-15,5,2025,Clemmons Middle,Forsyth,36.026612,-80.341962,48.0,52.0
2025-05-15,5,2025,Durham Armory,Durham,36.0329550008979,-78.904037,35.0,51.5
2025-05-15,5,2025,Frying Pan Mountain,Haywood,35.379167,-82.7925,46.0,
2025-05-15,5,2025,Garinger High School,Mecklenburg,35.2401000008895,-80.785683,44.0,47.0
2025-05-15,5,2025,Hattie Avenue,Forsyth,36.11094,-80.224501,51.0,51.0
2025-05-15,5,2025,Leggett,Edgecombe,35.988278,-77.5843,40.0,53.0
2025-05-15,5,2025,Linville Falls,Avery,35.972347,-81.933072,42.0,
2025-05-15,5,2025,Mendenhall School,Guilford,36.1090060008986,-79.802314,48.0,52.0
2025-05-15,5,2025,Millbrook School,Wake,35.856111,-78.574167,39.0,54.0
2025-05-15,5,2025,Pitt Agri. Center,Pitt,35.6412760008938,-77.360126,36.0,51.0
2025-05-15,5,2025,Rockwell,Rowan,35.551868,-80.395039,47.0,52.0
2025-05-15,5,2025,West Johnston Co.,Johnston,35.59095,-78.4622,42.0,50.0
2025-05-16,5,2025,Bryson City,Swain,35.434767,-83.442133,22.0,51.0
2025-05-16,5,2025,Castle Hayne,New Hanover,34.364167,-77.838611,38.0,56.0
2025-05-16,5,2025,Clemmons Middle,Forsyth,36.026612,-80.341962,32.0,59.0
2025-05-16,5,2025,Durham Armory,Durham,36.0329550008979,-78.904037,35.0,56.0
2025-05-16,5,2025,Frying Pan Mountain,Haywood,35.379167,-82.7925,42.0,40.0
2025-05-16,5,2025,Garinger High School,Mecklenburg,35.2401000008895,-80.785683,44.0,57.5
2025-05-16,5,2025,Hattie Avenue,Forsyth,36.11094,-80.224501,35.0,55.5
2025-05-16,5,2025,Leggett,Edgecombe,35.988278,-77.5843,38.0,59.0
2025-05-16,5,2025,Linville Falls,Avery,35.972347,-81.933072,34.0,51.0
2025-05-16,5,2025,Mendenhall School,Guilford,36.1090060008986,-79.802314,37.0,54.0
2025-05-16,5,2025,Millbrook School,Wake,35.856111,-78.574167,39.0,58.5
2025-05-16,5,2025,Pitt Agri. Center,Pitt,35.6412760008938,-77.360126,42.0,58.0
2025-05-16,5,2025,Rockwell,Rowan,35.551868,-80.395039,36.0,57.0
2025-05-16,5,2025,West Johnston Co.,Johnston,35.59095,-78.4622,39.0,58.0
2025-05-17,5,2025,Bryson City,Swain,35.434767,-83.442133,46.0,26.0
2025-05-17,5,2025,Castle Hayne,New Hanover,34.364167,-77.838611,34.0,54.5
2025-05-17,5,2025,Clemmons Middle,Forsyth,36.026612,-80.341962,44.0,31.0
2025-05-17,5,2025,Durham Armory,Durham,36.0329550008979,-78.904037,41.0,37.0
2025-05-17,5,2025,Frying Pan Mountain,Haywood,35.379167,-82.7925,48.0,
2025-05-17,5,2025,Garinger High School,Mecklenburg,35.2401000008895,-80.785683,41.0,33.0
2025-05-17,5,2025,Hattie Avenue,Forsyth,36.11094,-80.224501,44.0,27.0
2025-05-17,5,2025,Leggett,Edgecombe,35.988278,-77.5843,44.0,47.0
2025-05-17,5,2025,Linville Falls,Avery,35.972347,-81.933072,48.0,
2025-05-17,5,2025,Mendenhall School,Guilford,36.1090060008986,-79.802314,44.0,28.0
2025-05-17,5,2025,Millbrook School,Wake,35.856111,-78.574167,41.0,39.0
2025-05-17,5,2025,Pitt Agri. Center,Pitt,35.6412760008938,-77.360126,41.0,47.0
2025-05-17,5,2025,Rockwell,Rowan,35.551868,-80.395039,42.0,28.0
2025-05-17,5,2025,West Johnston Co.,Johnston,35.59095,-78.4622,43.0,48.0
2025-05-18,5,2025,Bryson City,Swain,35.434767,-83.442133,45.0,37.0
2025-05-18,5,2025,Castle Hayne,New Hanover,34.364167,-77.838611,44.0,43.5
2025-05-18,5,2025,Clemmons Middle,Forsyth,36.026612,-80.341962,44.0,22.0
2025-05-18,5,2025,Durham Armory,Durham,36.0329550008979,-78.904037,43.0,32.5
2025-05-18,5,2025,Frying Pan Mountain,Haywood,35.379167,-82.7925,48.0,
2025-05-18,5,2025,Garinger High School,Mecklenburg,35.2401000008895,-80.785683,44.0,29.0
2025-05-18,5,2025,Hattie Avenue,Forsyth,36.11094,-80.224501,44.0,23.0
2025-05-18,5,2025,Leggett,Edgecombe,35.988278,-77.5843,40.0,29.0
2025-05-18,5,2025,Linville Falls,Avery,35.972347,-81.933072,47.0,
2025-05-18,5,2025,Mendenhall School,Guilford,36.1090060008986,-79.802314,44.0,23.0
2025-05-18,5,2025,Millbrook School,Wake,35.856111,-78.574167,44.0,26.0
2025-05-18,5,2025,Pitt Agri. Center,Pitt,35.6412760008938,-77.360126,43.0,26.0
2025-05-18,5,2025,Rockwell,Rowan,35.551868,-80.395039,44.0,32.0
2025-05-18,5,2025,West Johnston Co.,Johnston,35.59095,-78.4622,45.0,36.0
2025-05-19,5,2025,Bryson City,Swain,35.434767,-83.442133,31.0,33.0
2025-05-19,5,2025,Castle Hayne,New Hanover,34.364167,-77.838611,42.0,46.0
2025-05-19,5,2025,Clemmons Middle,Forsyth,36.026612,-80.341962,46.0,39.5
2025-05-19,5,2025,Durham Armory,Durham,36.0329550008979,-78.904037,48.0,31.5
2025-05-19,5,2025,Frying Pan Mountain,Haywood,35.379167,-82.7925,39.0,24.0
2025-05-19,5,2025,Garinger High School,Mecklenburg,35.2401000008895,-80.785683,47.0,45.5
2025-05-19,5,2025,Hattie Avenue,Forsyth,36.11094,-80.224501,45.0,32.5
2025-05-19,5,2025,Leggett,Edgecombe,35.988278,-77.5843,44.0,32.0
2025-05-19,5,2025,Linville Falls,Avery,35.972347,-81.933072,40.0,26.0
2025-05-19,5,2025,Mendenhall School,Guilford,36.1090060008986,-79.802314,48.0,26.0
2025-05-19,5,2025,Millbrook School,Wake,35.856111,-78.574167,49.0,32.0
2025-05-19,5,2025,Pitt Agri. Center,Pitt,35.6412760008938,-77.360126,48.0,32.0
2025-05-19,5,2025,Rockwell,Rowan,35.551868,-80.395039,48.0,37.0
2025-05-19,5,2025,West Johnston Co.,Johnston,35.59095,-78.4622,50.0,39.0
2025-05-20,5,2025,Bryson City,Swain,35.434767,-83.442133,28.0,39.0
2025-05-20,5,2025,Castle Hayne,New Hanover,34.364167,-77.838611,45.0,40.5
2025-05-20,5,2025,Clemmons Middle,Forsyth,36.026612,-80.341962,49.0,37.0
2025-05-20,5,2025,Durham Armory,Durham,36.0329550008979,-78.904037,50.0,41.0
2025-05-20,5,2025,Frying Pan Mountain,Haywood,35.379167,-82.7925,34.0,
2025-05-20,5,2025,Garinger High School,Mecklenburg,35.2401000008895,-80.785683,44.0,53.0
2025-05-20,5,2025,Hattie Avenue,Forsyth,36.11094,-80.224501,58.0,34.0
2025-05-20,5,2025,Leggett,Edgecombe,35.988278,-77.5843,42.0,34.0
2025-05-20,5,2025,Linville Falls,Avery,35.972347,-81.933072,37.0,
2025-05-20,5,2025,Mendenhall School,Guilford,36.1090060008986,-79.802314,47.0,38.0
2025-05-20,5,2025,Millbrook School,Wake,35.856111,-78.574167,47.0,37.0
2025-05-20,5,2025,Pitt Agri. Center,Pitt,35.6412760008938,-77.360126,43.0,30.0
2025-05-20,5,2025,Rockwell,Rowan,35.551868,-80.395039,39.0,54.0
2025-05-20,5,2025,West Johnston Co.,Johnston,35.59095,-78.4622,,45.0
2025-05-21,5,2025,Bryson City,Swain,35.434767,-83.442133,43.0,18.0
2025-05-21,5,2025,Castle Hayne,New Hanover,34.364167,-77.838611,43.0,50.5
2025-05-21,5,2025,Clemmons Middle,Forsyth,36.026612,-80.341962,44.0,38.0
2025-05-21,5,2025,Durham Armory,Durham,36.0329550008979,-78.904037,34.0,38.0
2025-05-21,5,2025,Frying Pan Mountain,Haywood,35.379167,-82.7925,45.0,
2025-05-21,5,2025,Garinger High School,Mecklenburg,35.2401000008895,-80.785683,43.0,40.0
2025-05-21,5,2025,Hattie Avenue,Forsyth,36.11094,-80.224501,40.0,34.0
2025-05-21,5,2025,Leggett,Edgecombe,35.988278,-77.5843,30.0,31.0
2025-05-21,5,2025,Linville Falls,Avery,35.972347,-81.933072,44.0,
2025-05-21,5,2025,Mendenhall School,Guilford,36.1090060008986,-79.802314,40.0,44.0
2025-05-21,5,2025,Millbrook School,Wake,35.856111,-78.574167,32.0,39.0
2025-05-21,5,2025,Pitt Agri. Center,Pitt,35.6412760008938,-77.360126,36.0,30.0
2025-05-21,5,2025,Rockwell,Rowan,35.551868,-80.395039,42.0,46.0
2025-05-21,5,2025,West Johnston Co.,Johnston,35.59095,-78.4622,,37.0
2025-05-22,5,2025,Bryson City,Swain,35.434767,-83.442133,49.0,14.0
2025-05-22,5,2025,Castle Hayne,New Hanover,34.364167,-77.838611,50.0,33.0
2025-05-22,5,2025,Clemmons Middle,Forsyth,36.026612,-80.341962,48.0,14.0
2025-05-22,5,2025,Durham Armory,Durham,36.0329550008979,-78.904037,45.0,32.0
2025-05-22,5,2025,Frying Pan Mountain,Haywood,35.379167,-82.7925,50.0,12.0
2025-05-22,5,2025,Garinger High School,Mecklenburg,35.2401000008895,-80.785683,50.0,18.5
2025-05-22,5,2025,Hattie Avenue,Forsyth,36.11094,-80.224501,46.0,16.5
2025-05-22,5,2025,Leggett,Edgecombe,35.988278,-77.5843,44.0,21.0
2025-05-22,5,2025,Linville Falls,Avery,35.972347,-81.933072,49.0,12.0
2025-05-22,5,2025,Mendenhall School,Guilford,36.1090060008986,-79.802314,45.0,17.0
2025-05-22,5,2025,Millbrook School,Wake,35.856111,-78.574167,47.0,23.0
2025-05-22,5,2025,Pitt Agri. Center,Pitt,35.6412760008938,-77.360126,46.0,21.0
2025-05-22,5,2025,Rockwell,Rowan,35.551868,-80.395039,49.0,16.0
2025-05-22,5,2025,West Johnston Co.,Johnston,35.59095,-78.4622,46.0,18.0
2025-05-23,5,2025,Bryson City,Swain,35.434767,-83.442133,42.0,23.0
2025-05-23,5,2025,Castle Hayne,New Hanover,34.364167,-77.838611,47.0,33.0
2025-05-23,5,2025,Clemmons Middle,Forsyth,36.026612,-80.341962,40.0,14.0
2025-05-23,5,2025,Durham Armory,Durham,36.0329550008979,-78.904037,40.0,20.5
2025-05-23,5,2025,Frying Pan Mountain,Haywood,35.379167,-82.7925,42.0,
2025-05-23,5,2025,Garinger High School,Mecklenburg,35.2401000008895,-80.785683,44.0,14.0
2025-05-23,5,2025,Hattie Avenue,Forsyth,36.11094,-80.224501,37.0,13.0
2025-05-23,5,2025,Leggett,Edgecombe,35.988278,-77.5843,,23.0
2025-05-23,5,2025,Linville Falls,Avery,35.972347,-81.933072,41.0,
2025-05-23,5,2025,Mendenhall School,Guilford,36.1090060008986,-79.802314,37.0,16.0
2025-05-23,5,2025,Millbrook School,Wake,35.856111,-78.574167,42.0,14.0
2025-05-23,5,2025,Pitt Agri. Center,Pitt,35.6412760008938,-77.360126,44.0,10.0
2025-05-23,5,2025,Rockwell,Rowan,35.551868,-80.395039,42.0,8.0
2025-05-23,5,2025,West Johnston Co.,Johnston,35.59095,-78.4622,42.0,13.0
2025-05-24,5,2025,Bryson City,Swain,35.434767,-83.442133,31.0,31.0
2025-05-24,5,2025,Castle Hayne,New Hanover,34.364167,-77.838611,44.0,24.0
2025-05-24,5,2025,Clemmons Middle,Forsyth,36.026612,-80.341962,43.0,24.0
2025-05-24,5,2025,Durham Armory,Durham,36.0329550008979,-78.904037,45.0,30.0
2025-05-24,5,2025,Frying Pan Mountain,Haywood,35.379167,-82.7925,45.0,
2025-05-24,5,2025,Garinger High School,Mecklenburg,35.2401000008895,-80.785683,44.0,31.0
2025-05-24,5,2025,Hattie Avenue,Forsyth,36.11094,-80.224501,43.0,23.0
2025-05-24,5,2025,Leggett,Edgecombe,35.988278,-77.5843,44.0,28.0
2025-05-24,5,2025,Linville Falls,Avery,35.972347,-81.933072,43.0,
2025-05-24,5,2025,Mendenhall School,Guilford,36.1090060008986,-79.802314,44.0,24.0
2025-05-24,5,2025,Millbrook School,Wake,35.856111,-78.574167,45.0,22.0
2025-05-24,5,2025,Pitt Agri. Center,Pitt,35.6412760008938,-77.360126,46.0,22.0
2025-05-24,5,2025,Rockwell,Rowan,35.551868,-80.395039,44.0,29.0
2025-05-24,5,2025,West Johnston Co.,Johnston,35.59095,-78.4622,44.0,29.0
2025-05-25,5,2025,Bryson City,Swain,35.434767,-83.442133,29.0,36.0
2025-05-25,5,2025,Castle Hayne,New Hanover,34.364167,-77.838611,43.0,35.5
2025-05-25,5,2025,Clemmons Middle,Forsyth,36.026612,-80.341962,42.0,36.0
2025-05-25,5,2025,Durham Armory,Durham,36.0329550008979,-78.904037,41.0,33.5
2025-05-25,5,2025,Frying Pan Mountain,Haywood,35.379167,-82.7925,33.0,12.0
2025-05-25,5,2025,Garinger High School,Mecklenburg,35.2401000008895,-80.785683,39.0,53.5
2025-05-25,5,2025,Hattie Avenue,Forsyth,36.11094,-80.224501,45.0,33.5
2025-05-25,5,2025,Leggett,Edgecombe,35.988278,-77.5843,39.0,36.0
2025-05-25,5,2025,Linville Falls,Avery,35.972347,-81.933072,40.0,26.0
2025-05-25,5,2025,Mendenhall School,Guilford,36.1090060008986,-79.802314,40.0,37.0
2025-05-25,5,2025,Millbrook School,Wake,35.856111,-78.574167,41.0,32.5
2025-05-25,5,2025,Pitt Agri. Center,Pitt,35.6412760008938,-77.360126,41.0,34.0
2025-05-25,5,2025,Rockwell,Rowan,35.551868,-80.395039,35.0,46.0
2025-05-25,5,2025,West Johnston Co.,Johnston,35.59095,-78.4622,39.0,39.0
2025-05-26,5,2025,Bryson City,Swain,35.434767,-83.442133,31.0,23.0
2025-05-26,5,2025,Castle Hayne,New Hanover,34.364167,-77.838611,31.0,29.0
2025-05-26,5,2025,Clemmons Middle,Forsyth,36.026612,-80.341962,26.0,33.0
2025-05-26,5,2025,Durham Armory,Durham,36.0329550008979,-78.904037,28.0,44.5
2025-05-26,5,2025,Frying Pan Mountain,Haywood,35.379167,-82.7925,27.0,
2025-05-26,5,2025,Garinger High School,Mecklenburg,35.2401000008895,-80.785683,30.0,53.0
2025-05-26,5,2025,Hattie Avenue,Forsyth,36.11094,-80.224501,25.0,28.0
2025-05-26,5,2025,Leggett,Edgecombe,35.988278,-77.5843,31.0,30.0
2025-05-26,5,2025,Linville Falls,Avery,35.972347,-81.933072,29.0,
2025-05-26,5,2025,Mendenhall School,Guilford,36.1090060008986,-79.802314,21.0,33.0
2025-05-26,5,2025,Millbrook School,Wake,35.856111,-78.574167,31.0,31.0
2025-05-26,5,2025,Pitt Agri. Center,Pitt,35.6412760008938,-77.360126,32.0,17.0
2025-05-26,5,2025,Rockwell,Rowan,35.551868,-80.395039,26.0,49.0
2025-05-26,5,2025,West Johnston Co.,Johnston,35.59095,-78.4622,32.0,29.0
2025-05-27,5,2025,Bryson City,Swain,35.434767,-83.442133,18.0,18.0
2025-05-27,5,2025,Castle Hayne,New Hanover,34.364167,-77.838611,33.0,22.0
2025-05-27,5,2025,Clemmons Middle,Forsyth,36.026612,-80.341962,29.0,15.0
2025-05-27,5,2025,Durham Armory,Durham,36.0329550008979,-78.904037,,16.5
2025-05-27,5,2025,Frying Pan Mountain,Haywood,35.379167,-82.7925,31.0,
2025-05-27,5,2025,Garinger High School,Mecklenburg,35.2401000008895,-80.785683,25.0,5.0
2025-05-27,5,2025,Hattie Avenue,Forsyth,36.11094,-80.224501,31.0,12.0
2025-05-27,5,2025,Leggett,Edgecombe,35.988278,-77.5843,30.0,22.0
2025-05-27,5,2025,Linville Falls,Avery,35.972347,-81.933072,29.0,
2025-05-27,5,2025,Mendenhall School,Guilford,36.1090060008986,-79.802314,27.0,11.0
2025-05-27,5,2025,Millbrook School,Wake,35.856111,-78.574167,25.0,17.0
2025-05-27,5,2025,Pitt Agri. Center,Pitt,35.6412760008938,-77.360126,27.0,14.0
2025-05-27,5,2025,Rockwell,Rowan,35.551868,-80.395039,24.0,10.0
2025-05-27,5,2025,West Johnston Co.,Johnston,35.59095,-78.4622,29.0,16.0
2025-05-28,5,2025,Bryson City,Swain,35.434767,-83.442133,26.0,39.0
2025-05-28,5,2025,Castle Hayne,New Hanover,34.364167,-77.838611,26.0,28.5
2025-05-28,5,2025,Clemmons Middle,Forsyth,36.026612,-80.341962,24.0,14.0
2025-05-28,5,2025,Durham Armory,Durham,36.0329550008979,-78.904037,25.0,13.5
2025-05-28,5,2025,Frying Pan Mountain,Haywood,35.379167,-82.7925,36.0,14.0
2025-05-28,5,2025,Garinger High School,Mecklenburg,35.2401000008895,-80.785683,24.0,19.5
2025-05-28,5,2025,Hattie Avenue,Forsyth,36.11094,-80.224501,26.0,12.0
2025-05-28,5,2025,Leggett,Edgecombe,35.988278,-77.5843,26.0,19.0
2025-05-28,5,2025,Linville Falls,Avery,35.972347,-81.933072,27.0,12.0
2025-05-28,5,2025,Mendenhall School,Guilford,36.1090060008986,-79.802314,27.0,14.0
2025-05-28,5,2025,Millbrook School,Wake,35.856111,-78.574167,24.0,16.0
2025-05-28,5,2025,Pitt Agri. Center,Pitt,35.6412760008938,-77.360126,26.0,17.0
2025-05-28,5,2025,Rockwell,Rowan,35.551868,-80.395039,27.0,13.0
2025-05-28,5,2025,West Johnston Co.,Johnston,35.59095,-78.4622,24.0,18.0
2025-05-29,5,2025,Bryson City,Swain,35.434767,-83.442133,24.0,32.0
2025-05-29,5,2025,Castle Hayne,New Hanover,34.364167,-77.838611,26.0,40.0
2025-05-29,5,2025,Clemmons Middle,Forsyth,36.026612,-80.341962,31.0,38.0
2025-05-29,5,2025,Durham Armory,Durham,36.0329550008979,-78.904037,30.0,32.5
2025-05-29,5,2025,Frying Pan Mountain,Haywood,35.379167,-82.7925,41.0,
2025-05-29,5,2025,Garinger High School,Mecklenburg,35.2401000008895,-80.785683,31.0,34.0
2025-05-29,5,2025,Hattie Avenue,Forsyth,36.11094,-80.224501,31.0,33.0
2025-05-29,5,2025,Leggett,Edgecombe,35.988278,-77.5843,27.0,31.0
2025-05-29,5,2025,Linville Falls,Avery,35.972347,-81.933072,29.0,
2025-05-29,5,2025,Mendenhall School,Guilford,36.1090060008986,-79.802314,32.0,29.0
2025-05-29,5,2025,Millbrook School,Wake,35.856111,-78.574167,31.0,37.0
2025-05-29,5,2025,Pitt Agri. Center,Pitt,35.6412760008938,-77.360126,26.0,28.0
2025-05-29,5,2025,Rockwell,Rowan,35.551868,-80.395039,30.0,34.0
2025-05-29,5,2025,West Johnston Co.,Johnston,35.59095,-78.4622,25.0,37.0
2025-05-30,5,2025,Bryson City,Swain,35.434767,-83.442133,41.0,14.0
2025-05-30,5,2025,Castle Hayne,New Hanover,34.364167,-77.838611,32.0,23.5
2025-05-30,5,2025,Clemmons Middle,Forsyth,36.026612,-80.341962,44.0,22.0
2025-05-30,5,2025,Durham Armory,Durham,36.0329550008979,-78.904037,37.0,22.5
2025-05-30,5,2025,Frying Pan Mountain,Haywood,35.379167,-82.7925,44.0,
2025-05-30,5,2025,Garinger High School,Mecklenburg,35.2401000008895,-80.785683,35.0,24.0
2025-05-30,5,2025,Hattie Avenue,Forsyth,36.11094,-80.224501,41.0,19.0
2025-05-30,5,2025,Leggett,Edgecombe,35.988278,-77.5843,38.0,28.0
2025-05-30,5,2025,Linville Falls,Avery,35.972347,-81.933072,44.0,
2025-05-30,5,2025,Mendenhall School,Guilford,36.1090060008986,-79.802314,41.0,17.0
2025-05-30,5,2025,Millbrook School,Wake,35.856111,-78.574167,34.0,26.0
2025-05-30,5,2025,Pitt Agri. Center,Pitt,35.6412760008938,-77.360126,33.0,23.0
2025-05-30,5,2025,Rockwell,Rowan,35.551868,-80.395039,39.0,21.0
2025-05-30,5,2025,West Johnston Co.,Johnston,35.59095,-78.4622,35.0,21.0
2025-05-31,5,2025,Bryson City,Swain,35.434767,-83.442133,48.0,48.0
2025-05-31,5,2025,Castle Hayne,New Hanover,34.364167,-77.838611,44.0,43.5
2025-05-31,5,2025,Clemmons Middle,Forsyth,36.026612,-80.341962,44.0,52.5
2025-05-31,5,2025,Durham Armory,Durham,36.0329550008979,-78.904037,42.0,52.5
2025-05-31,5,2025,Frying Pan Mountain,Haywood,35.379167,-82.7925,51.0,53.0
2025-05-31,5,2025,Garinger High School,Mecklenburg,35.2401000008895,-80.785683,45.0,49.0
2025-05-31,5,2025,Hattie Avenue,Forsyth,36.11094,-80.224501,43.0,52.0
2025-05-31,5,2025,Leggett,Edgecombe,35.988278,-77.5843,44.0,46.0
2025-05-31,5,2025,Linville Falls,Avery,35.972347,-81.933072,48.0,48.0
2025-05-31,5,2025,Mendenhall School,Guilford,36.1090060008986,-79.802314,42.0,45.0
2025-05-31,5,2025,Millbrook School,Wake,35.856111,-78.574167,44.0,45.5
2025-05-31,5,2025,Pitt Agri. Center,Pitt,35.6412760008938,-77.360126,46.0,34.0
2025-05-31,5,2025,Rockwell,Rowan,35.551868,-80.395039,44.0,39.0
2025-05-31,5,2025,West Johnston Co.,Johnston,35.59095,-78.4622,45.0,43.0
2025-06-01,6,2025,Bryson City,Swain,35.434767,-83.442133,44.0,54.0
2025-06-01,6,2025,Castle Hayne,New Hanover,34.364167,-77.838611,51.0,52.0
2025-06-01,6,2025,Clemmons Middle,Forsyth,36.026612,-80.341962,44.0,62.0
2025-06-01,6,2025,Durham Armory,Durham,36.0329550008979,-78.904037,44.0,53.5
2025-06-01,6,2025,Frying Pan Mountain,Haywood,35.379167,-82.7925,47.0,
2025-06-01,6,2025,Garinger High School,Mecklenburg,35.2401000008895,-80.785683,50.0,58.0
2025-06-01,6,2025,Hattie Avenue,Forsyth,36.11094,-80.224501,45.0,58.0
2025-06-01,6,2025,Leggett,Edgecombe,35.988278,-77.5843,44.0,44.0
2025-06-01,6,2025,Linville Falls,Avery,35.972347,-81.933072,46.0,
2025-06-01,6,2025,Mendenhall School,Guilford,36.1090060008986,-79.802314,44.0,55.0
2025-06-01,6,2025,Millbrook School,Wake,35.856111,-78.574167,45.0,53.0
2025-06-01,6,2025,Pitt Agri. Center,Pitt,35.6412760008938,-77.360126,44.0,44.0
2025-06-01,6,2025,Rockwell,Rowan,35.551868,-80.395039,42.0,56.0
2025-06-01,6,2025,West Johnston Co.,Johnston,35.59095,-78.4622,45.0,49.0
2025-06-02,6,2025,Bryson City,Swain,35.434767,-83.442133,44.0,62.0
2025-06-02,6,2025,Castle Hayne,New Hanover,34.364167,-77.838611,40.0,53.5
2025-06-02,6,2025,Clemmons Middle,Forsyth,36.026612,-80.341962,67.0,43.0
2025-06-02,6,2025,Durham Armory,Durham,36.0329550008979,-78.904037,43.0,39.0
2025-06-02,6,2025,Frying Pan Mountain,Haywood,35.379167,-82.7925,44.0,
2025-06-02,6,2025,Garinger High School,Mecklenburg,35.2401000008895,-80.785683,50.0,50.0
2025-06-02,6,2025,Hattie Avenue,Forsyth,36.11094,-80.224501,67.0,29.0
2025-06-02,6,2025,Leggett,Edgecombe,35.988278,-77.5843,44.0,33.0
2025-06-02,6,2025,Linville Falls,Avery,35.972347,-81.933072,46.0,
2025-06-02,6,2025,Mendenhall School,Guilford,36.1090060008986,-79.802314,46.0,23.0
2025-06-02,6,2025,Millbrook School,Wake,35.856111,-78.574167,44.0,41.0
2025-06-02,6,2025,Pitt Agri. Center,Pitt,35.6412760008938,-77.360126,44.0,36.0
2025-06-02,6,2025,Rockwell,Rowan,35.551868,-80.395039,49.0,39.0
2025-06-02,6,2025,West Johnston Co.,Johnston,35.59095,-78.4622,45.0,35.0
2025-06-03,6,2025,Bryson City,Swain,35.434767,-83.442133,48.0,68.0
2025-06-03,6,2025,Castle Hayne,New Hanover,34.364167,-77.838611,49.0,48.5
2025-06-03,6,2025,Clemmons Middle,Forsyth,36.026612,-80.341962,51.0,54.0
2025-06-03,6,2025,Durham Armory,Durham,36.0329550008979,-78.904037,77.0,43.0
2025-06-03,6,2025,Frying Pan Mountain,Haywood,35.379167,-82.7925,49.0,57.0
2025-06-03,6,2025,Garinger High School,Mecklenburg,35.2401000008895,-80.785683,61.0,53.5
2025-06-03,6,2025,Hattie Avenue,Forsyth,36.11094,-80.224501,64.0,53.0
2025-06-03,6,2025,Leggett,Edgecombe,35.988278,-77.5843,49.0,37.0
2025-06-03,6,2025,Linville Falls,Avery,35.972347,-81.933072,50.0,55.0
2025-06-03,6,2025,Mendenhall School,Guilford,36.1090060008986,-79.802314,58.0,51.0
2025-06-03,6,2025,Millbrook School,Wake,35.856111,-78.574167,58.0,46.5
2025-06-03,6,2025,Pitt Agri. Center,Pitt,35.6412760008938,-77.360126,44.0,34.0
2025-06-03,6,2025,Rockwell,Rowan,35.551868,-80.395039,46.0,59.0
2025-06-03,6,2025,West Johnston Co.,Johnston,35.59095,-78.4622,50.0,46.0
2025-06-04,6,2025,Bryson City,Swain,35.434767,-83.442133,44.0,68.0
2025-06-04,6,2025,Castle Hayne,New Hanover,34.364167,-77.838611,47.0,30.0
2025-06-04,6,2025,Clemmons Middle,Forsyth,36.026612,-80.341962,51.0,67.0
2025-06-04,6,2025,Durham Armory,Durham,36.0329550008979,-78.904037,71.0,56.5
2025-06-04,6,2025,Frying Pan Mountain,Haywood,35.379167,-82.7925,44.0,
2025-06-04,6,2025,Garinger High School,Mecklenburg,35.2401000008895,-80.785683,49.0,61.0
2025-06-04,6,2025,Hattie Avenue,Forsyth,36.11094,-80.224501,64.0,61.0
2025-06-04,6,2025,Leggett,Edgecombe,35.988278,-77.5843,49.0,44.0
2025-06-04,6,2025,Linville Falls,Avery,35.972347,-81.933072,49.0,
2025-06-04,6,2025,Mendenhall School,Guilford,36.1090060008986,-79.802314,49.0,59.0
2025-06-04,6,2025,Millbrook School,Wake,35.856111,-78.574167,54.0,51.0
2025-06-04,6,2025,Pitt Agri. Center,Pitt,35.6412760008938,-77.360126,44.0,40.0
2025-06-04,6,2025,Rockwell,Rowan,35.551868,-80.395039,43.0,62.0
2025-06-04,6,2025,West Johnston Co.,Johnston,35.59095,-78.4622,50.0,51.0
2025-06-05,6,2025,Bryson City,Swain,35.434767,-83.442133,36.0,60.0
2025-06-05,6,2025,Castle Hayne,New Hanover,34.364167,-77.838611,23.0,30.0
2025-06-05,6,2025,Clemmons Middle,Forsyth,36.026612,-80.341962,30.0,52.0
2025-06-05,6,2025,Durham Armory,Durham,36.0329550008979,-78.904037,24.0,36.5
2025-06-05,6,2025,Frying Pan Mountain,Haywood,35.379167,-82.7925,40.0,
2025-06-05,6,2025,Garinger High School,Mecklenburg,35.2401000008895,-80.785683,25.0,19.0
2025-06-05,6,2025,Hattie Avenue,Forsyth,36.11094,-80.224501,30.0,43.0
2025-06-05,6,2025,Leggett,Edgecombe,35.988278,-77.5843,25.0,39.0
2025-06-05,6,2025,Linville Falls,Avery,35.972347,-81.933072,31.0,
2025-06-05,6,2025,Mendenhall School,Guilford,36.1090060008986,-79.802314,17.0,50.0
2025-06-05,6,2025,Millbrook School,Wake,35.856111,-78.574167,20.0,39.0
2025-06-05,6,2025,Pitt Agri. Center,Pitt,35.6412760008938,-77.360126,21.0,31.0
2025-06-05,6,2025,Rockwell,Rowan,35.551868,-80.395039,24.0,32.0
2025-06-05,6,2025,West Johnston Co.,Johnston,35.59095,-78.4622,21.0,40.0
2025-06-06,6,2025,Bryson City,Swain,35.434767,-83.442133,32.0,54.0
2025-06-06,6,2025,Castle Hayne,New Hanover,34.364167,-77.838611,27.0,38.0
2025-06-06,6,2025,Clemmons Middle,Forsyth,36.026612,-80.341962,40.0,52.0
2025-06-06,6,2025,Durham Armory,Durham,36.0329550008979,-78.904037,42.0,52.0
2025-06-06,6,2025,Frying Pan Mountain,Haywood,35.379167,-82.7925,36.0,43.0
2025-06-06,6,2025,Garinger High School,Mecklenburg,35.2401000008895,-80.785683,48.0,52.0
2025-06-06,6,2025,Hattie Avenue,Forsyth,36.11094,-80.224501,41.0,46.0
2025-06-06,6,2025,Leggett,Edgecombe,35.988278,-77.5843,35.0,43.0
2025-06-06,6,2025,Linville Falls,Avery,35.972347,-81.933072,37.0,51.0
2025-06-06,6,2025,Mendenhall School,Guilford,36.1090060008986,-79.802314,45.0,51.0
2025-06-06,6,2025,Millbrook School,Wake,35.856111,-78.574167,41.0,50.5
2025-06-06,6,2025,Pitt Agri. Center,Pitt,35.6412760008938,-77.360126,33.0,42.0
2025-06-06,6,2025,Rockwell,Rowan,35.551868,-80.395039,43.0,51.0
2025-06-06,6,2025,West Johnston Co.,Johnston,35.59095,-78.4622,40.0,63.0
2025-06-07,6,2025,Bryson City,Swain,35.434767,-83.442133,38.0,12.0
2025-06-07,6,2025,Castle Hayne,New Hanover,34.364167,-77.838611,31.0,53.5
2025-06-07,6,2025,Clemmons Middle,Forsyth,36.026612,-80.341962,37.0,31.0
2025-06-07,6,2025,Durham Armory,Durham,36.0329550008979,-78.904037,36.0,33.5
2025-06-07,6,2025,Frying Pan Mountain,Haywood,35.379167,-82.7925,43.0,
2025-06-07,6,2025,Garinger High School,Mecklenburg,35.2401000008895,-80.785683,40.0,34.0
2025-06-07,6,2025,Hattie Avenue,Forsyth,36.11094,-80.224501,35.0,25.0
2025-06-07,6,2025,Leggett,Edgecombe,35.988278,-77.5843,41.0,48.0
2025-06-07,6,2025,Linville Falls,Avery,35.972347,-81.933072,35.0,
2025-06-07,6,2025,Mendenhall School,Guilford,36.1090060008986,-79.802314,37.0,32.0
2025-06-07,6,2025,Millbrook School,Wake,35.856111,-78.574167,35.0,38.0
2025-06-07,6,2025,Pitt Agri. Center,Pitt,35.6412760008938,-77.360126,38.0,54.0
2025-06-07,6,2025,Rockwell,Rowan,35.551868,-80.395039,36.0,32.0
2025-06-07,6,2025,West Johnston Co.,Johnston,35.59095,-78.4622,35.0,43.0
2025-06-08,6,2025,Bryson City,Swain,35.434767,-83.442133,41.0,26.0
2025-06-08,6,2025,Castle Hayne,New Hanover,34.364167,-77.838611,30.0,37.0
2025-06-08,6,2025,Clemmons Middle,Forsyth,36.026612,-80.341962,34.0,29.0
2025-06-08,6,2025,Durham Armory,Durham,36.0329550008979,-78.904037,31.0,35.0
2025-06-08,6,2025,Frying Pan Mountain,Haywood,35.379167,-82.7925,42.0,
2025-06-08,6,2025,Garinger High School,Mecklenburg,35.2401000008895,-80.785683,36.0,41.0
2025-06-08,6,2025,Hattie Avenue,Forsyth,36.11094,-80.224501,36.0,23.0
2025-06-08,6,2025,Leggett,Edgecombe,35.988278,-77.5843,35.0,49.0
2025-06-08,6,2025,Linville Falls,Avery,35.972347,-81.933072,42.0,
2025-06-08,6,2025,Mendenhall School,Guilford,36.1090060008986,-79.802314,35.0,34.0
2025-06-08,6,2025,Millbrook School,Wake,35.856111,-78.574167,32.0,39.0
2025-06-08,6,2025,Pitt Agri. Center,Pitt,35.6412760008938,-77.360126,31.0,31.0
2025-06-08,6,2025,Rockwell,Rowan,35.551868,-80.395039,32.0,31.0
2025-06-08,6,2025,West Johnston Co.,Johnston,35.59095,-78.4622,31.0,50.0
2025-06-09,6,2025,Bryson City,Swain,35.434767,-83.442133,34.0,24.0
2025-06-09,6,2025,Castle Hayne,New Hanover,34.364167,-77.838611,36.0,40.5
2025-06-09,6,2025,Clemmons Middle,Forsyth,36.026612,-80.341962,46.0,31.0
2025-06-09,6,2025,Durham Armory,Durham,36.0329550008979,-78.904037,44.0,34.0
2025-06-09,6,2025,Frying Pan Mountain,Haywood,35.379167,-82.7925,42.0,19.0
2025-06-09,6,2025,Garinger High School,Mecklenburg,35.2401000008895,-80.785683,46.0,34.0
2025-06-09,6,2025,Hattie Avenue,Forsyth,36.11094,-80.224501,49.0,23.0
2025-06-09,6,2025,Leggett,Edgecombe,35.988278,-77.5843,44.0,46.0
2025-06-09,6,2025,Linville Falls,Avery,35.972347,-81.933072,42.0,26.0
2025-06-09,6,2025,Mendenhall School,Guilford,36.1090060008986,-79.802314,51.0,27.0
2025-06-09,6,2025,Millbrook School,Wake,35.856111,-78.574167,44.0,36.0
2025-06-09,6,2025,Pitt Agri. Center,Pitt,35.6412760008938,-77.360126,43.0,48.0
2025-06-09,6,2025,Rockwell,Rowan,35.551868,-80.395039,47.0,26.0
2025-06-09,6,2025,West Johnston Co.,Johnston,35.59095,-78.4622,43.0,43.0
2025-06-10,6,2025,Bryson City,Swain,35.434767,-83.442133,35.0,23.0
2025-06-10,6,2025,Castle Hayne,New Hanover,34.364167,-77.838611,28.0,28.0
2025-06-10,6,2025,Clemmons Middle,Forsyth,36.026612,-80.341962,37.0,32.0
2025-06-10,6,2025,Durham Armory,Durham,36.0329550008979,-78.904037,33.0,33.5
2025-06-10,6,2025,Frying Pan Mountain,Haywood,35.379167,-82.7925,49.0,
2025-06-10,6,2025,Garinger High School,Mecklenburg,35.2401000008895,-80.785683,33.0,28.0
2025-06-10,6,2025,Hattie Avenue,Forsyth,36.11094,-80.224501,42.0,24.0
2025-06-10,6,2025,Leggett,Edgecombe,35.988278,-77.5843,36.0,30.0
2025-06-10,6,2025,Linville Falls,Avery,35.972347,-81.933072,40.0,
2025-06-10,6,2025,Mendenhall School,Guilford,36.1090060008986,-79.802314,41.0,33.0
2025-06-10,6,2025,Millbrook School,Wake,35.856111,-78.574167,33.0,34.0
2025-06-10,6,2025,Pitt Agri. Center,Pitt,35.6412760008938,-77.360126,26.0,25.0
2025-06-10,6,2025,Rockwell,Rowan,35.551868,-80.395039,38.0,29.0
2025-06-10,6,2025,West Johnston Co.,Johnston,35.59095,-78.4622,31.0,30.0
2025-06-11,6,2025,Bryson City,Swain,35.434767,-83.442133,44.0,57.0
2025-06-11,6,2025,Castle Hayne,New Hanover,34.364167,-77.838611,29.0,27.0
2025-06-11,6,2025,Clemmons Middle,Forsyth,36.026612,-80.341962,61.0,56.0
2025-06-11,6,2025,Durham Armory,Durham,36.0329550008979,-78.904037,41.0,51.0
2025-06-11,6,2025,Frying Pan Mountain,Haywood,35.379167,-82.7925,42.0,
2025-06-11,6,2025,Garinger High School,Mecklenburg,35.2401000008895,-80.785683,77.0,52.0
2025-06-11,6,2025,Hattie Avenue,Forsyth,36.11094,-80.224501,67.0,52.0
2025-06-11,6,2025,Leggett,Edgecombe,35.988278,-77.5843,42.0,42.0
2025-06-11,6,2025,Linville Falls,Avery,35.972347,-81.933072,44.0,
2025-06-11,6,2025,Mendenhall School,Guilford,36.1090060008986,-79.802314,43.0,54.0
2025-06-11,6,2025,Millbrook School,Wake,35.856111,-78.574167,43.0,48.0
2025-06-11,6,2025,Old High School,Swain,35.498711,-83.310242,39.0,62.0
2025-06-11,6,2025,Pitt Agri. Center,Pitt,35.6412760008938,-77.360126,32.0,39.0
2025-06-11,6,2025,Rockwell,Rowan,35.551868,-80.395039,44.0,42.0
2025-06-11,6,2025,West Johnston Co.,Johnston,35.59095,-78.4622,,46.0
2025-06-12,6,2025,Bryson City,Swain,35.434767,-83.442133,32.0,53.0
2025-06-12,6,2025,Castle Hayne,New Hanover,34.364167,-77.838611,24.0,23.5
2025-06-12,6,2025,Clemmons Middle,Forsyth,36.026612,-80.341962,51.0,62.0
2025-06-12,6,2025,Durham Armory,Durham,36.0329550008979,-78.904037,44.0,46.0
2025-06-12,6,2025,Frying Pan Mountain,Haywood,35.379167,-82.7925,31.0,31.0
2025-06-12,6,2025,Garinger High School,Mecklenburg,35.2401000008895,-80.785683,44.0,51.0
2025-06-12,6,2025,Hattie Avenue,Forsyth,36.11094,-80.224501,80.0,59.5
2025-06-12,6,2025,Leggett,Edgecombe,35.988278,-77.5843,46.0,51.0
2025-06-12,6,2025,Linville Falls,Avery,35.972347,-81.933072,39.0,41.0
2025-06-12,6,2025,Mendenhall School,Guilford,36.1090060008986,-79.802314,77.0,59.0
2025-06-12,6,2025,Millbrook School,Wake,35.856111,-78.574167,40.0,46.0
2025-06-12,6,2025,Old High School,Swain,35.498711,-83.310242,31.0,54.0
2025-06-12,6,2025,Pitt Agri. Center,Pitt,35.6412760008938,-77.360126,36.0,37.0
2025-06-12,6,2025,Rockwell,Rowan,35.551868,-80.395039,37.0,52.0
2025-06-12,6,2025,West Johnston Co.,Johnston,35.59095,-78.4622,40.0,44.0
2025-06-13,6,2025,Bryson City,Swain,35.434767,-83.442133,23.0,23.0
2025-06-13,6,2025,Castle Hayne,New Hanover,34.364167,-77.838611,16.0,39.0
2025-06-13,6,2025,Clemmons Middle,Forsyth,36.026612,-80.341962,34.0,25.0
2025-06-13,6,2025,Durham Armory,Durham,36.0329550008979,-78.904037,26.0,29.5
2025-06-13,6,2025,Frying Pan Mountain,Haywood,35.379167,-82.7925,23.0,
2025-06-13,6,2025,Garinger High School,Mecklenburg,35.2401000008895,-80.785683,29.0,18.0
2025-06-13,6,2025,Hattie Avenue,Forsyth,36.11094,-80.224501,35.0,19.0
2025-06-13,6,2025,Leggett,Edgecombe,35.988278,-77.5843,25.0,35.0
2025-06-13,6,2025,Linville Falls,Avery,35.972347,-81.933072,26.0,
2025-06-13,6,2025,Mendenhall School,Guilford,36.1090060008986,-79.802314,32.0,27.0
2025-06-13,6,2025,Millbrook School,Wake,35.856111,-78.574167,21.0,36.0
2025-06-13,6,2025,Old High School,Swain,35.498711,-83.310242,24.0,34.0
2025-06-13,6,2025,Pitt Agri. Center,Pitt,35.6412760008938,-77.360126,20.0,29.0
2025-06-13,6,2025,Rockwell,Rowan,35.551868,-80.395039,31.0,25.0
2025-06-13,6,2025,West Johnston Co.,Johnston,35.59095,-78.4622,24.0,36.0
2025-06-14,6,2025,Bryson City,Swain,35.434767,-83.442133,25.0,26.0
2025-06-14,6,2025,Castle Hayne,New Hanover,34.364167,-77.838611,18.0,30.5
2025-06-14,6,2025,Clemmons Middle,Forsyth,36.026612,-80.341962,31.0,22.0
2025-06-14,6,2025,Durham Armory,Durham,36.0329550008979,-78.904037,27.0,24.5
2025-06-14,6,2025,Frying Pan Mountain,Haywood,35.379167,-82.7925,31.0,
2025-06-14,6,2025,Garinger High School,Mecklenburg,35.2401000008895,-80.785683,28.0,23.0
2025-06-14,6,2025,Hattie Avenue,Forsyth,36.11094,-80.224501,33.0,17.0
2025-06-14,6,2025,Leggett,Edgecombe,35.988278,-77.5843,29.0,38.0
2025-06-14,6,2025,Linville Falls,Avery,35.972347,-81.933072,27.0,
2025-06-14,6,2025,Mendenhall School,Guilford,36.1090060008986,-79.802314,32.0,18.0
2025-06-14,6,2025,Millbrook School,Wake,35.856111,-78.574167,28.0,34.0
2025-06-14,6,2025,Old High School,Swain,35.498711,-83.310242,26.0,33.0
2025-06-14,6,2025,Pitt Agri. Center,Pitt,35.6412760008938,-77.360126,24.0,43.0
2025-06-14,6,2025,Rockwell,Rowan,35.551868,-80.395039,31.0,22.0
2025-06-14,6,2025,West Johnston Co.,Johnston,35.59095,-78.4622,29.0,34.0
2025-06-15,6,2025,Bryson City,Swain,35.434767,-83.442133,28.0,28.0
2025-06-15,6,2025,Castle Hayne,New Hanover,34.364167,-77.838611,24.0,27.5
2025-06-15,6,2025,Clemmons Middle,Forsyth,36.026612,-80.341962,31.0,28.0
2025-06-15,6,2025,Durham Armory,Durham,36.0329550008979,-78.904037,23.0,34.5
2025-06-15,6,2025,Frying Pan Mountain,Haywood,35.379167,-82.7925,31.0,18.0
2025-06-15,6,2025,Garinger High School,Mecklenburg,35.2401000008895,-80.785683,28.0,27.0
2025-06-15,6,2025,Hattie Avenue,Forsyth,36.11094,-80.224501,32.0,23.5
2025-06-15,6,2025,Leggett,Edgecombe,35.988278,-77.5843,28.0,39.0
2025-06-15,6,2025,Linville Falls,Avery,35.972347,-81.933072,26.0,18.0
2025-06-15,6,2025,Mendenhall School,Guilford,36.1090060008986,-79.802314,31.0,29.0
2025-06-15,6,2025,Millbrook School,Wake,35.856111,-78.574167,25.0,39.5
2025-06-15,6,2025,Old High School,Swain,35.498711,-83.310242,26.0,34.0
2025-06-15,6,2025,Pitt Agri. Center,Pitt,35.6412760008938,-77.360126,29.0,35.0
2025-06-15,6,2025,Rockwell,Rowan,35.551868,-80.395039,30.0,28.0
2025-06-15,6,2025,West Johnston Co.,Johnston,35.59095,-78.4622,28.0,35.0
2025-06-16,6,2025,Bryson City,Swain,35.434767,-83.442133,25.0,29.0
2025-06-16,6,2025,Castle Hayne,New Hanover,34.364167,-77.838611,26.0,32.0
2025-06-16,6,2025,Clemmons Middle,Forsyth,36.026612,-80.341962,32.0,31.0
2025-06-16,6,2025,Durham Armory,Durham,36.0329550008979,-78.904037,,23.5
2025-06-16,6,2025,Frying Pan Mountain,Haywood,35.379167,-82.7925,29.0,
2025-06-16,6,2025,Garinger High School,Mecklenburg,35.2401000008895,-80.785683,31.0,37.0
2025-06-16,6,2025,Hattie Avenue,Forsyth,36.11094,-80.224501,33.0,21.0
2025-06-16,6,2025,Leggett,Edgecombe,35.988278,-77.5843,27.0,33.0
2025-06-16,6,2025,Linville Falls,Avery,35.972347,-81.933072,27.0,
2025-06-16,6,2025,Mendenhall School,Guilford,36.1090060008986,-79.802314,34.0,28.0
2025-06-16,6,2025,Millbrook School,Wake,35.856111,-78.574167,31.0,39.0
2025-06-16,6,2025,Old High School,Swain,35.498711,-83.310242,27.0,41.0
2025-06-16,6,2025,Pitt Agri. Center,Pitt,35.6412760008938,-77.360126,24.0,32.0
2025-06-16,6,2025,Rockwell,Rowan,35.551868,-80.395039,39.0,41.0
2025-06-16,6,2025,West Johnston Co.,Johnston,35.59095,-78.4622,32.0,37.0
2025-06-17,6,2025,Bryson City,Swain,35.434767,-83.442133,25.0,21.0
2025-06-17,6,2025,Castle Hayne,New Hanover,34.364167,-77.838611,25.0,32.0
2025-06-17,6,2025,Clemmons Middle,Forsyth,36.026612,-80.341962,37.0,29.0
2025-06-17,6,2025,Durham Armory,Durham,36.0329550008979,-78.904037,32.0,32.0
2025-06-17,6,2025,Frying Pan Mountain,Haywood,35.379167,-82.7925,39.0,
2025-06-17,6,2025,Garinger High School,Mecklenburg,35.2401000008895,-80.785683,29.0,34.0
2025-06-17,6,2025,Hattie Avenue,Forsyth,36.11094,-80.224501,39.0,21.0
2025-06-17,6,2025,Leggett,Edgecombe,35.988278,-77.5843,34.0,47.0
2025-06-17,6,2025,Linville Falls,Avery,35.972347,-81.933072,28.0,
2025-06-17,6,2025,Mendenhall School,Guilford,36.1090060008986,-79.802314,40.0,35.0
2025-06-17,6,2025,Millbrook School,Wake,35.856111,-78.574167,32.0,39.0
2025-06-17,6,2025,Old High School,Swain,35.498711,-83.310242,24.0,29.0
2025-06-17,6,2025,Pitt Agri. Center,Pitt,35.6412760008938,-77.360126,31.0,39.0
2025-06-17,6,2025,Rockwell,Rowan,35.551868,-80.395039,33.0,34.0
2025-06-17,6,2025,West Johnston Co.,Johnston,35.59095,-78.4622,28.0,36.0
2025-06-18,6,2025,Bryson City,Swain,35.434767,-83.442133,23.0,26.0
2025-06-18,6,2025,Castle Hayne,New Hanover,34.364167,-77.838611,28.0,34.0
2025-06-18,6,2025,Clemmons Middle,Forsyth,36.026612,-80.341962,39.0,23.0
2025-06-18,6,2025,Durham Armory,Durham,36.0329550008979,-78.904037,32.0,34.5
2025-06-18,6,2025,Frying Pan Mountain,Haywood,35.379167,-82.7925,30.0,27.0
2025-06-18,6,2025,Garinger High School,Mecklenburg,35.2401000008895,-80.785683,30.0,29.5
2025-06-18,6,2025,Hattie Avenue,Forsyth,36.11094,-80.224501,39.0,21.5
2025-06-18,6,2025,Leggett,Edgecombe,35.988278,-77.5843,34.0,41.0
2025-06-18,6,2025,Linville Falls,Avery,35.972347,-81.933072,30.0,18.0
2025-06-18,6,2025,Mendenhall School,Guilford,36.1090060008986,-79.802314,38.0,22.0
2025-06-18,6,2025,Millbrook School,Wake,35.856111,-78.574167,31.0,36.0
2025-06-18,6,2025,Old High School,Swain,35.498711,-83.310242,21.0,30.5
2025-06-18,6,2025,Pitt Agri. Center,Pitt,35.6412760008938,-77.360126,31.0,38.0
2025-06-18,6,2025,Rockwell,Rowan,35.551868,-80.395039,36.0,30.0
2025-06-18,6,2025,West Johnston Co.,Johnston,35.59095,-78.4622,32.0,45.0
2025-06-19,6,2025,Bryson City,Swain,35.434767,-83.442133,43.0,24.0
2025-06-19,6,2025,Castle Hayne,New Hanover,34.364167,-77.838611,31.0,32.5
2025-06-19,6,2025,Clemmons Middle,Forsyth,36.026612,-80.341962,34.0,31.0
2025-06-19,6,2025,Durham Armory,Durham,36.0329550008979,-78.904037,31.0,31.5
2025-06-19,6,2025,Frying Pan Mountain,Haywood,35.379167,-82.7925,44.0,
2025-06-19,6,2025,Garinger High School,Mecklenburg,35.2401000008895,-80.785683,28.0,31.0
2025-06-19,6,2025,Hattie Avenue,Forsyth,36.11094,-80.224501,37.0,22.0
2025-06-19,6,2025,Leggett,Edgecombe,35.988278,-77.5843,39.0,48.0
2025-06-19,6,2025,Linville Falls,Avery,35.972347,-81.933072,31.0,
2025-06-19,6,2025,Mendenhall School,Guilford,36.1090060008986,-79.802314,34.0,31.0
2025-06-19,6,2025,Millbrook School,Wake,35.856111,-78.574167,31.0,33.0
2025-06-19,6,2025,Old High School,Swain,35.498711,-83.310242,32.0,32.0
2025-06-19,6,2025,Pitt Agri. Center,Pitt,35.6412760008938,-77.360126,32.0,42.0
2025-06-19,6,2025,Rockwell,Rowan,35.551868,-80.395039,31.0,31.0
2025-06-19,6,2025,West Johnston Co.,Johnston,35.59095,-78.4622,36.0,44.0
2025-06-20,6,2025,Bryson City,Swain,35.434767,-83.442133,37.0,27.0
2025-06-20,6,2025,Castle Hayne,New Hanover,34.364167,-77.838611,32.0,38.0
2025-06-20,6,2025,Clemmons Middle,Forsyth,36.026612,-80.341962,71.0,32.0
2025-06-20,6,2025,Durham Armory,Durham,36.0329550008979,-78.904037,47.0,33.0
2025-06-20,6,2025,Frying Pan Mountain,Haywood,35.379167,-82.7925,34.0,
2025-06-20,6,2025,Garinger High School,Mecklenburg,35.2401000008895,-80.785683,58.0,33.0
2025-06-20,6,2025,Hattie Avenue,Forsyth,36.11094,-80.224501,67.0,26.0
2025-06-20,6,2025,Leggett,Edgecombe,35.988278,-77.5843,42.0,26.0
2025-06-20,6,2025,Linville Falls,Avery,35.972347,-81.933072,44.0,
2025-06-20,6,2025,Mendenhall School,Guilford,36.1090060008986,-79.802314,44.0,23.0
2025-06-20,6,2025,Millbrook School,Wake,35.856111,-78.574167,44.0,33.0
2025-06-20,6,2025,Old High School,Swain,35.498711,-83.310242,31.0,34.0
2025-06-20,6,2025,Pitt Agri. Center,Pitt,35.6412760008938,-77.360126,38.0,24.0
2025-06-20,6,2025,Rockwell,Rowan,35.551868,-80.395039,47.0,27.0
2025-06-20,6,2025,West Johnston Co.,Johnston,35.59095,-78.4622,46.0,55.0
2025-06-21,6,2025,Bryson City,Swain,35.434767,-83.442133,39.0,42.0
2025-06-21,6,2025,Castle Hayne,New Hanover,34.364167,-77.838611,30.0,28.0
2025-06-21,6,2025,Clemmons Middle,Forsyth,36.026612,-80.341962,54.0,43.0
2025-06-21,6,2025,Durham Armory,Durham,36.0329550008979,-78.904037,54.0,46.5
2025-06-21,6,2025,Frying Pan Mountain,Haywood,35.379167,-82.7925,44.0,28.0
2025-06-21,6,2025,Garinger High School,Mecklenburg,35.2401000008895,-80.785683,67.0,52.0
2025-06-21,6,2025,Hattie Avenue,Forsyth,36.11094,-80.224501,74.0,42.5
2025-06-21,6,2025,Leggett,Edgecombe,35.988278,-77.5843,40.0,46.0
2025-06-21,6,2025,Linville Falls,Avery,35.972347,-81.933072,38.0,32.0
2025-06-21,6,2025,Mendenhall School,Guilford,36.1090060008986,-79.802314,50.0,41.0
2025-06-21,6,2025,Millbrook School,Wake,35.856111,-78.574167,46.0,52.5
2025-06-21,6,2025,Old High School,Swain,35.498711,-83.310242,41.0,41.0
2025-06-21,6,2025,Pitt Agri. Center,Pitt,35.6412760008938,-77.360126,34.0,43.0
2025-06-21,6,2025,Rockwell,Rowan,35.551868,-80.395039,46.0,55.0
2025-06-21,6,2025,West Johnston Co.,Johnston,35.59095,-78.4622,47.0,50.0
2025-06-22,6,2025,Bryson City,Swain,35.434767,-83.442133,36.0,45.0
2025-06-22,6,2025,Castle Hayne,New Hanover,34.364167,-77.838611,27.0,22.5
2025-06-22,6,2025,Clemmons Middle,Forsyth,36.026612,-80.341962,43.0,53.0
2025-06-22,6,2025,Durham Armory,Durham,36.0329550008979,-78.904037,48.0,52.0
2025-06-22,6,2025,Frying Pan Mountain,Haywood,35.379167,-82.7925,48.0,
2025-06-22,6,2025,Garinger High School,Mecklenburg,35.2401000008895,-80.785683,67.0,56.0
2025-06-22,6,2025,Hattie Avenue,Forsyth,36.11094,-80.224501,46.0,38.0
2025-06-22,6,2025,Leggett,Edgecombe,35.988278,-77.5843,44.0,55.0
2025-06-22,6,2025,Linville Falls,Avery,35.972347,-81.933072,37.0,
2025-06-22,6,2025,Mendenhall School,Guilford,36.1090060008986,-79.802314,46.0,56.0
2025-06-22,6,2025,Millbrook School,Wake,35.856111,-78.574167,47.0,57.0
2025-06-22,6,2025,Old High School,Swain,35.498711,-83.310242,34.0,46.0
2025-06-22,6,2025,Pitt Agri. Center,Pitt,35.6412760008938,-77.360126,36.0,46.0
2025-06-22,6,2025,Rockwell,Rowan,35.551868,-80.395039,44.0,54.0
2025-06-22,6,2025,West Johnston Co.,Johnston,35.59095,-78.4622,43.0,56.0
2025-06-23,6,2025,Bryson City,Swain,35.434767,-83.442133,32.0,45.0
2025-06-23,6,2025,Castle Hayne,New Hanover,34.364167,-77.838611,37.0,39.0
2025-06-23,6,2025,Clemmons Middle,Forsyth,36.026612,-80.341962,43.0,58.0
2025-06-23,6,2025,Durham Armory,Durham,36.0329550008979,-78.904037,42.0,57.5
2025-06-23,6,2025,Frying Pan Mountain,Haywood,35.379167,-82.7925,43.0,
2025-06-23,6,2025,Garinger High School,Mecklenburg,35.2401000008895,-80.785683,71.0,57.0
2025-06-23,6,2025,Hattie Avenue,Forsyth,36.11094,-80.224501,50.0,41.0
2025-06-23,6,2025,Leggett,Edgecombe,35.988278,-77.5843,44.0,58.0
2025-06-23,6,2025,Linville Falls,Avery,35.972347,-81.933072,35.0,
2025-06-23,6,2025,Mendenhall School,Guilford,36.1090060008986,-79.802314,36.0,57.0
2025-06-23,6,2025,Millbrook School,Wake,35.856111,-78.574167,45.0,64.0
2025-06-23,6,2025,Old High School,Swain,35.498711,-83.310242,31.0,52.0
2025-06-23,6,2025,Pitt Agri. Center,Pitt,35.6412760008938,-77.360126,43.0,54.0
2025-06-23,6,2025,Rockwell,Rowan,35.551868,-80.395039,44.0,55.0
2025-06-23,6,2025,West Johnston Co.,Johnston,35.59095,-78.4622,64.0,62.0
2025-06-24,6,2025,Bryson City,Swain,35.434767,-83.442133,31.0,47.0
2025-06-24,6,2025,Castle Hayne,New Hanover,34.364167,-77.838611,44.0,59.5
2025-06-24,6,2025,Clemmons Middle,Forsyth,36.026612,-80.341962,44.0,61.5
2025-06-24,6,2025,Durham Armory,Durham,36.0329550008979,-78.904037,42.0,62.0
2025-06-24,6,2025,Frying Pan Mountain,Haywood,35.379167,-82.7925,41.0,49.0
2025-06-24,6,2025,Garinger High School,Mecklenburg,35.2401000008895,-80.785683,46.0,61.0
2025-06-24,6,2025,Hattie Avenue,Forsyth,36.11094,-80.224501,44.0,62.0
2025-06-24,6,2025,Leggett,Edgecombe,35.988278,-77.5843,,67.0
2025-06-24,6,2025,Linville Falls,Avery,35.972347,-81.933072,34.0,52.0
2025-06-24,6,2025,Mendenhall School,Guilford,36.1090060008986,-79.802314,38.0,63.0
2025-06-24,6,2025,Millbrook School,Wake,35.856111,-78.574167,37.0,67.0
2025-06-24,6,2025,Old High School,Swain,35.498711,-83.310242,,54.0
2025-06-24,6,2025,Pitt Agri. Center,Pitt,35.6412760008938,-77.360126,44.0,67.0
2025-06-24,6,2025,Rockwell,Rowan,35.551868,-80.395039,44.0,61.0
2025-06-24,6,2025,West Johnston Co.,Johnston,35.59095,-78.4622,,68.0
2025-06-25,6,2025,Bryson City,Swain,35.434767,-83.442133,22.0,51.0
2025-06-25,6,2025,Castle Hayne,New Hanover,34.364167,-77.838611,41.0,63.0
2025-06-25,6,2025,Clemmons Middle,Forsyth,36.026612,-80.341962,42.0,62.0
2025-06-25,6,2025,Durham Armory,Durham,36.0329550008979,-78.904037,31.0,62.0
2025-06-25,6,2025,Frying Pan Mountain,Haywood,35.379167,-82.7925,43.0,
2025-06-25,6,2025,Garinger High School,Mecklenburg,35.2401000008895,-80.785683,74.0,61.0
2025-06-25,6,2025,Hattie Avenue,Forsyth,36.11094,-80.224501,41.0,62.0
2025-06-25,6,2025,Leggett,Edgecombe,35.988278,-77.5843,,58.0
2025-06-25,6,2025,Linville Falls,Avery,35.972347,-81.933072,29.0,
2025-06-25,6,2025,Mendenhall School,Guilford,36.1090060008986,-79.802314,33.0,63.0
2025-06-25,6,2025,Millbrook School,Wake,35.856111,-78.574167,47.0,67.0
2025-06-25,6,2025,Old High School,Swain,35.498711,-83.310242,21.0,53.0
2025-06-25,6,2025,Pitt Agri. Center,Pitt,35.6412760008938,-77.360126,43.0,70.0
2025-06-25,6,2025,Rockwell,Rowan,35.551868,-80.395039,41.0,60.0
2025-06-25,6,2025,West Johnston Co.,Johnston,35.59095,-78.4622,,62.0
2025-06-26,6,2025,Bryson City,Swain,35.434767,-83.442133,29.0,44.0
2025-06-26,6,2025,Castle Hayne,New Hanover,34.364167,-77.838611,47.0,52.0
2025-06-26,6,2025,Clemmons Middle,Forsyth,36.026612,-80.341962,49.0,53.0
2025-06-26,6,2025,Durham Armory,Durham,36.0329550008979,-78.904037,67.0,58.0
2025-06-26,6,2025,Frying Pan Mountain,Haywood,35.379167,-82.7925,44.0,
2025-06-26,6,2025,Garinger High School,Mecklenburg,35.2401000008895,-80.785683,67.0,52.0
2025-06-26,6,2025,Hattie Avenue,Forsyth,36.11094,-80.224501,71.0,53.0
2025-06-26,6,2025,Leggett,Edgecombe,35.988278,-77.5843,48.0,61.0
2025-06-26,6,2025,Mendenhall School,Guilford,36.1090060008986,-79.802314,54.0,52.0
2025-06-26,6,2025,Millbrook School,Wake,35.856111,-78.574167,64.0,62.0
2025-06-26,6,2025,Old High School,Swain,35.498711,-83.310242,24.0,55.0
2025-06-26,6,2025,Pitt Agri. Center,Pitt,35.6412760008938,-77.360126,50.0,58.0
2025-06-26,6,2025,Rockwell,Rowan,35.551868,-80.395039,51.0,52.0
2025-06-26,6,2025,West Johnston Co.,Johnston,35.59095,-78.4622,67.0,61.0
2025-06-27,6,2025,Bryson City,Swain,35.434767,-83.442133,29.0,44.0
2025-06-27,6,2025,Castle Hayne,New Hanover,34.364167,-77.838611,37.0,34.5
2025-06-27,6,2025,Clemmons Middle,Forsyth,36.026612,-80.341962,47.0,53.0
2025-06-27,6,2025,Durham Armory,Durham,36.0329550008979,-78.904037,54.0,50.5
2025-06-27,6,2025,Frying Pan Mountain,Haywood,35.379167,-82.7925,44.0,36.0
2025-06-27,6,2025,Garinger High School,Mecklenburg,35.2401000008895,-80.785683,58.0,51.0
2025-06-27,6,2025,Hattie Avenue,Forsyth,36.11094,-80.224501,50.0,53.0
2025-06-27,6,2025,Leggett,Edgecombe,35.988278,-77.5843,46.0,65.0
2025-06-27,6,2025,Mendenhall School,Guilford,36.1090060008986,-79.802314,41.0,46.0
2025-06-27,6,2025,Millbrook School,Wake,35.856111,-78.574167,58.0,57.0
2025-06-27,6,2025,Old High School,Swain,35.498711,-83.310242,30.0,52.0
2025-06-27,6,2025,Pitt Agri. Center,Pitt,35.6412760008938,-77.360126,43.0,56.0
2025-06-27,6,2025,Rockwell,Rowan,35.551868,-80.395039,58.0,54.0
2025-06-27,6,2025,West Johnston Co.,Johnston,35.59095,-78.4622,47.0,57.0
2025-06-28,6,2025,Bryson City,Swain,35.434767,-83.442133,31.0,29.0
2025-06-28,6,2025,Castle Hayne,New Hanover,34.364167,-77.838611,31.0,19.5
2025-06-28,6,2025,Clemmons Middle,Forsyth,36.026612,-80.341962,44.0,51.0
2025-06-28,6,2025,Durham Armory,Durham,36.0329550008979,-78.904037,37.0,46.5
2025-06-28,6,2025,Frying Pan Mountain,Haywood,35.379167,-82.7925,40.0,
2025-06-28,6,2025,Garinger High School,Mecklenburg,35.2401000008895,-80.785683,46.0,52.0
2025-06-28,6,2025,Hattie Avenue,Forsyth,36.11094,-80.224501,44.0,51.0
2025-06-28,6,2025,Leggett,Edgecombe,35.988278,-77.5843,44.0,56.0
2025-06-28,6,2025,Mendenhall School,Guilford,36.1090060008986,-79.802314,40.0,50.0
2025-06-28,6,2025,Millbrook School,Wake,35.856111,-78.574167,42.0,54.0
2025-06-28,6,2025,Old High School,Swain,35.498711,-83.310242,30.0,34.0
2025-06-28,6,2025,Pitt Agri. Center,Pitt,35.6412760008938,-77.360126,38.0,42.0
2025-06-28,6,2025,Rockwell,Rowan,35.551868,-80.395039,44.0,52.0
2025-06-28,6,2025,West Johnston Co.,Johnston,35.59095,-78.4622,39.0,52.0
2025-06-29,6,2025,Bryson City,Swain,35.434767,-83.442133,32.0,27.0
2025-06-29,6,2025,Castle Hayne,New Hanover,34.364167,-77.838611,34.0,33.5
2025-06-29,6,2025,Clemmons Middle,Forsyth,36.026612,-80.341962,42.0,39.0
2025-06-29,6,2025,Durham Armory,Durham,36.0329550008979,-78.904037,41.0,49.5
2025-06-29,6,2025,Frying Pan Mountain,Haywood,35.379167,-82.7925,37.0,
2025-06-29,6,2025,Garinger High School,Mecklenburg,35.2401000008895,-80.785683,50.0,39.0
2025-06-29,6,2025,Hattie Avenue,Forsyth,36.11094,-80.224501,46.0,41.0
2025-06-29,6,2025,Leggett,Edgecombe,35.988278,-77.5843,42.0,57.0
2025-06-29,6,2025,Mendenhall School,Guilford,36.1090060008986,-79.802314,38.0,46.0
2025-06-29,6,2025,Millbrook School,Wake,35.856111,-78.574167,40.0,54.0
2025-06-29,6,2025,Old High School,Swain,35.498711,-83.310242,31.0,35.0
2025-06-29,6,2025,Pitt Agri. Center,Pitt,35.6412760008938,-77.360126,33.0,49.0
2025-06-29,6,2025,Rockwell,Rowan,35.551868,-80.395039,47.0,44.0
2025-06-29,6,2025,West Johnston Co.,Johnston,35.59095,-78.4622,39.0,53.0
2025-06-30,6,2025,Bryson City,Swain,35.434767,-83.442133,31.0,31.0
2025-06-30,6,2025,Castle Hayne,New Hanover,34.364167,-77.838611,30.0,40.0
2025-06-30,6,2025,Clemmons Middle,Forsyth,36.026612,-80.341962,41.0,50.5
2025-06-30,6,2025,Durham Armory,Durham,36.0329550008979,-78.904037,39.0,55.5
2025-06-30,6,2025,Frying Pan Mountain,Haywood,35.379167,-82.7925,33.0,31.0
2025-06-30,6,2025,Garinger High School,Mecklenburg,35.2401000008895,-80.785683,42.0,49.0
2025-06-30,6,2025,Hattie Avenue,Forsyth,36.11094,-80.224501,44.0,53.0
2025-06-30,6,2025,Leggett,Edgecombe,35.988278,-77.5843,37.0,55.0
2025-06-30,6,2025,Mendenhall School,Guilford,36.1090060008986,-79.802314,38.0,53.0
2025-06-30,6,2025,Millbrook School,Wake,35.856111,-78.574167,37.0,52.5
2025-06-30,6,2025,Old High School,Swain,35.498711,-83.310242,31.0,36.0
2025-06-30,6,2025,Pitt Agri. Center,Pitt,35.6412760008938,-77.360126,31.0,48.0
2025-06-30,6,2025,Rockwell,Rowan,35.551868,-80.395039,37.0,52.0
2025-06-30,6,2025,West Johnston Co.,Johnston,35.59095,-78.4622,34.0,53.0
2025-07-01,7,2025,Bryson City,Swain,35.434767,-83.442133,27.0,30.0
2025-07-01,7,2025,Castle Hayne,New Hanover,34.364167,-77.838611,30.0,39.0
2025-07-01,7,2025,Clemmons Middle,Forsyth,36.026612,-80.341962,48.0,43.0
2025-07-01,7,2025,Durham Armory,Durham,36.0329550008979,-78.904037,38.0,42.0
2025-07-01,7,2025,Frying Pan Mountain,Haywood,35.379167,-82.7925,30.0,
2025-07-01,7,2025,Garinger High School,Mecklenburg,35.2401000008895,-80.785683,40.0,46.0
2025-07-01,7,2025,Hattie Avenue,Forsyth,36.11094,-80.224501,49.0,44.0
2025-07-01,7,2025,Leggett,Edgecombe,35.988278,-77.5843,36.0,45.0
2025-07-01,7,2025,Linville Falls,Avery,35.972347,-81.933072,31.0,
2025-07-01,7,2025,Mendenhall School,Guilford,36.1090060008986,-79.802314,40.0,54.0
2025-07-01,7,2025,Millbrook School,Wake,35.856111,-78.574167,37.0,47.0
2025-07-01,7,2025,Old High School,Swain,35.498711,-83.310242,25.0,31.0
2025-07-01,7,2025,Pitt Agri. Center,Pitt,35.6412760008938,-77.360126,31.0,43.0
2025-07-01,7,2025,Rockwell,Rowan,35.551868,-80.395039,41.0,49.0
2025-07-01,7,2025,West Johnston Co.,Johnston,35.59095,-78.4622,36.0,41.0
2025-07-02,7,2025,Bryson City,Swain,35.434767,-83.442133,43.0,29.0
2025-07-02,7,2025,Castle Hayne,New Hanover,34.364167,-77.838611,25.0,39.0
2025-07-02,7,2025,Clemmons Middle,Forsyth,36.026612,-80.341962,34.0,26.0
2025-07-02,7,2025,Durham Armory,Durham,36.0329550008979,-78.904037,26.0,25.5
2025-07-02,7,2025,Frying Pan Mountain,Haywood,35.379167,-82.7925,44.0,
2025-07-02,7,2025,Garinger High School,Mecklenburg,35.2401000008895,-80.785683,40.0,26.0
2025-07-02,7,2025,Hattie Avenue,Forsyth,36.11094,-80.224501,32.0,26.0
2025-07-02,7,2025,Leggett,Edgecombe,35.988278,-77.5843,27.0,47.0
2025-07-02,7,2025,Linville Falls,Avery,35.972347,-81.933072,42.0,
2025-07-02,7,2025,Mendenhall School,Guilford,36.1090060008986,-79.802314,30.0,29.0
2025-07-02,7,2025,Millbrook School,Wake,35.856111,-78.574167,25.0,32.0
2025-07-02,7,2025,Old High School,Swain,35.498711,-83.310242,41.0,25.0
2025-07-02,7,2025,Pitt Agri. Center,Pitt,35.6412760008938,-77.360126,27.0,42.0
2025-07-02,7,2025,Rockwell,Rowan,35.551868,-80.395039,34.0,29.0
2025-07-02,7,2025,West Johnston Co.,Johnston,35.59095,-78.4622,24.0,39.0
2025-07-03,7,2025,Bryson City,Swain,35.434767,-83.442133,41.0,53.0
2025-07-03,7,2025,Castle Hayne,New Hanover,34.364167,-77.838611,31.0,42.5
2025-07-03,7,2025,Clemmons Middle,Forsyth,36.026612,-80.341962,54.0,47.0
2025-07-03,7,2025,Durham Armory,Durham,36.0329550008979,-78.904037,44.0,32.5
2025-07-03,7,2025,Frying Pan Mountain,Haywood,35.379167,-82.7925,51.0,29.0
2025-07-03,7,2025,Garinger High School,Mecklenburg,35.2401000008895,-80.785683,51.0,40.0
2025-07-03,7,2025,Hattie Avenue,Forsyth,36.11094,-80.224501,49.0,52.0
2025-07-03,7,2025,Leggett,Edgecombe,35.988278,-77.5843,43.0,36.0
2025-07-03,7,2025,Linville Falls,Avery,35.972347,-81.933072,45.0,31.0
2025-07-03,7,2025,Mendenhall School,Guilford,36.1090060008986,-79.802314,44.0,38.0
2025-07-03,7,2025,Millbrook School,Wake,35.856111,-78.574167,44.0,42.5
2025-07-03,7,2025,Old High School,Swain,35.498711,-83.310242,38.0,43.0
2025-07-03,7,2025,Pitt Agri. Center,Pitt,35.6412760008938,-77.360126,35.0,39.0
2025-07-03,7,2025,Rockwell,Rowan,35.551868,-80.395039,71.0,33.0
2025-07-03,7,2025,West Johnston Co.,Johnston,35.59095,-78.4622,40.0,33.0
2025-07-04,7,2025,Bryson City,Swain,35.434767,-83.442133,37.0,58.0
2025-07-04,7,2025,Castle Hayne,New Hanover,34.364167,-77.838611,39.0,44.0
2025-07-04,7,2025,Clemmons Middle,Forsyth,36.026612,-80.341962,50.0,66.0
2025-07-04,7,2025,Durham Armory,Durham,36.0329550008979,-78.904037,48.0,60.5
2025-07-04,7,2025,Frying Pan Mountain,Haywood,35.379167,-82.7925,43.0,
2025-07-04,7,2025,Garinger High School,Mecklenburg,35.2401000008895,-80.785683,47.0,68.0
2025-07-04,7,2025,Hattie Avenue,Forsyth,36.11094,-80.224501,50.0,70.0
2025-07-04,7,2025,Leggett,Edgecombe,35.988278,-77.5843,50.0,54.0
2025-07-04,7,2025,Linville Falls,Avery,35.972347,-81.933072,45.0,
2025-07-04,7,2025,Mendenhall School,Guilford,36.1090060008986,-79.802314,43.0,58.0
2025-07-04,7,2025,Millbrook School,Wake,35.856111,-78.574167,47.0,64.0
2025-07-04,7,2025,Old High School,Swain,35.498711,-83.310242,35.0,47.0
2025-07-04,7,2025,Pitt Agri. Center,Pitt,35.6412760008938,-77.360126,45.0,56.0
2025-07-04,7,2025,Rockwell,Rowan,35.551868,-80.395039,44.0,58.0
2025-07-04,7,2025,West Johnston Co.,Johnston,35.59095,-78.4622,51.0,60.0
2025-07-05,7,2025,Bryson City,Swain,35.434767,-83.442133,40.0,57.0
2025-07-05,7,2025,Castle Hayne,New Hanover,34.364167,-77.838611,32.0,40.0
2025-07-05,7,2025,Clemmons Middle,Forsyth,36.026612,-80.341962,47.0,70.0
2025-07-05,7,2025,Durham Armory,Durham,36.0329550008979,-78.904037,47.0,61.5
2025-07-05,7,2025,Frying Pan Mountain,Haywood,35.379167,-82.7925,45.0,
2025-07-05,7,2025,Garinger High School,Mecklenburg,35.2401000008895,-80.785683,45.0,61.0
2025-07-05,7,2025,Hattie Avenue,Forsyth,36.11094,-80.224501,48.0,66.0
2025-07-05,7,2025,Leggett,Edgecombe,35.988278,-77.5843,44.0,53.0
2025-07-05,7,2025,Linville Falls,Avery,35.972347,-81.933072,41.0,
2025-07-05,7,2025,Mendenhall School,Guilford,36.1090060008986,-79.802314,42.0,61.0
2025-07-05,7,2025,Millbrook School,Wake,35.856111,-78.574167,46.0,58.0
2025-07-05,7,2025,Old High School,Swain,35.498711,-83.310242,36.0,54.0
2025-07-05,7,2025,Pitt Agri. Center,Pitt,35.6412760008938,-77.360126,38.0,47.0
2025-07-05,7,2025,Rockwell,Rowan,35.551868,-80.395039,44.0,60.0
2025-07-05,7,2025,West Johnston Co.,Johnston,35.59095,-78.4622,45.0,58.0
2025-07-06,7,2025,Bryson City,Swain,35.434767,-83.442133,35.0,54.0
2025-07-06,7,2025,Castle Hayne,New Hanover,34.364167,-77.838611,30.0,28.5
2025-07-06,7,2025,Clemmons Middle,Forsyth,36.026612,-80.341962,19.0,42.5
2025-07-06,7,2025,Durham Armory,Durham,36.0329550008979,-78.904037,21.0,20.5
2025-07-06,7,2025,Frying Pan Mountain,Haywood,35.379167,-82.7925,41.0,45.0
2025-07-06,7,2025,Garinger High School,Mecklenburg,35.2401000008895,-80.785683,27.0,36.0
2025-07-06,7,2025,Hattie Avenue,Forsyth,36.11094,-80.224501,19.0,46.5
2025-07-06,7,2025,Leggett,Edgecombe,35.988278,-77.5843,26.0,31.0
2025-07-06,7,2025,Linville Falls,Avery,35.972347,-81.933072,39.0,38.0
2025-07-06,7,2025,Mendenhall School,Guilford,36.1090060008986,-79.802314,17.0,41.0
2025-07-06,7,2025,Millbrook School,Wake,35.856111,-78.574167,22.0,24.5
2025-07-06,7,2025,Old High School,Swain,35.498711,-83.310242,32.0,54.0
2025-07-06,7,2025,Pitt Agri. Center,Pitt,35.6412760008938,-77.360126,23.0,20.0
2025-07-06,7,2025,Rockwell,Rowan,35.551868,-80.395039,20.0,41.0
2025-07-06,7,2025,West Johnston Co.,Johnston,35.59095,-78.4622,,18.0
2025-07-07,7,2025,Bryson City,Swain,35.434767,-83.442133,35.0,53.0
2025-07-07,7,2025,Castle Hayne,New Hanover,34.364167,-77.838611,32.0,30.0
2025-07-07,7,2025,Clemmons Middle,Forsyth,36.026612,-80.341962,41.0,51.0
2025-07-07,7,2025,Durham Armory,Durham,36.0329550008979,-78.904037,38.0,38.0
2025-07-07,7,2025,Frying Pan Mountain,Haywood,35.379167,-82.7925,36.0,
2025-07-07,7,2025,Garinger High School,Mecklenburg,35.2401000008895,-80.785683,54.0,48.0
2025-07-07,7,2025,Hattie Avenue,Forsyth,36.11094,-80.224501,41.0,51.0
2025-07-07,7,2025,Leggett,Edgecombe,35.988278,-77.5843,37.0,39.0
2025-07-07,7,2025,Linville Falls,Avery,35.972347,-81.933072,37.0,
2025-07-07,7,2025,Mendenhall School,Guilford,36.1090060008986,-79.802314,43.0,52.0
2025-07-07,7,2025,Millbrook School,Wake,35.856111,-78.574167,33.0,48.0
2025-07-07,7,2025,Old High School,Swain,35.498711,-83.310242,36.0,55.0
2025-07-07,7,2025,Pitt Agri. Center,Pitt,35.6412760008938,-77.360126,33.0,40.0
2025-07-07,7,2025,Rockwell,Rowan,35.551868,-80.395039,47.0,40.0
2025-07-07,7,2025,West Johnston Co.,Johnston,35.59095,-78.4622,,50.0
2025-07-08,7,2025,Bryson City,Swain,35.434767,-83.442133,31.0,52.0
2025-07-08,7,2025,Castle Hayne,New Hanover,34.364167,-77.838611,31.0,30.0
2025-07-08,7,2025,Clemmons Middle,Forsyth,36.026612,-80.341962,50.0,60.0
2025-07-08,7,2025,Durham Armory,Durham,36.0329550008979,-78.904037,41.0,55.5
2025-07-08,7,2025,Frying Pan Mountain,Haywood,35.379167,-82.7925,36.0,
2025-07-08,7,2025,Garinger High School,Mecklenburg,35.2401000008895,-80.785683,80.0,58.0
2025-07-08,7,2025,Hattie Avenue,Forsyth,36.11094,-80.224501,58.0,60.0
2025-07-08,7,2025,Leggett,Edgecombe,35.988278,-77.5843,36.0,55.0
2025-07-08,7,2025,Linville Falls,Avery,35.972347,-81.933072,35.0,
2025-07-08,7,2025,Mendenhall School,Guilford,36.1090060008986,-79.802314,48.0,60.0
2025-07-08,7,2025,Millbrook School,Wake,35.856111,-78.574167,41.0,57.0
2025-07-08,7,2025,Old High School,Swain,35.498711,-83.310242,29.0,55.0
2025-07-08,7,2025,Pitt Agri. Center,Pitt,35.6412760008938,-77.360126,27.0,45.0
2025-07-08,7,2025,Rockwell,Rowan,35.551868,-80.395039,74.0,57.0
2025-07-08,7,2025,West Johnston Co.,Johnston,35.59095,-78.4622,,55.0
2025-07-09,7,2025,Bryson City,Swain,35.434767,-83.442133,30.0,44.0
2025-07-09,7,2025,Castle Hayne,New Hanover,34.364167,-77.838611,20.0,27.5
2025-07-09,7,2025,Clemmons Middle,Forsyth,36.026612,-80.341962,49.0,53.0
2025-07-09,7,2025,Durham Armory,Durham,36.0329550008979,-78.904037,39.0,42.0
2025-07-09,7,2025,Frying Pan Mountain,Haywood,35.379167,-82.7925,35.0,42.0
2025-07-09,7,2025,Garinger High School,Mecklenburg,35.2401000008895,-80.785683,48.0,52.0
2025-07-09,7,2025,Hattie Avenue,Forsyth,36.11094,-80.224501,50.0,54.5
2025-07-09,7,2025,Leggett,Edgecombe,35.988278,-77.5843,31.0,38.0
2025-07-09,7,2025,Linville Falls,Avery,35.972347,-81.933072,32.0,39.0
2025-07-09,7,2025,Mendenhall School,Guilford,36.1090060008986,-79.802314,41.0,54.0
2025-07-09,7,2025,Millbrook School,Wake,35.856111,-78.574167,34.0,45.0
2025-07-09,7,2025,Old High School,Swain,35.498711,-83.310242,30.0,50.0
2025-07-09,7,2025,Pitt Agri. Center,Pitt,35.6412760008938,-77.360126,26.0,29.0
2025-07-09,7,2025,Rockwell,Rowan,35.551868,-80.395039,41.0,51.0
2025-07-09,7,2025,West Johnston Co.,Johnston,35.59095,-78.4622,,39.0
2025-07-10,7,2025,Bryson City,Swain,35.434767,-83.442133,27.0,27.0
2025-07-10,7,2025,Castle Hayne,New Hanover,34.364167,-77.838611,35.0,32.5
2025-07-10,7,2025,Clemmons Middle,Forsyth,36.026612,-80.341962,35.0,31.0
2025-07-10,7,2025,Durham Armory,Durham,36.0329550008979,-78.904037,37.0,27.0
2025-07-10,7,2025,Frying Pan Mountain,Haywood,35.379167,-82.7925,33.0,
2025-07-10,7,2025,Garinger High School,Mecklenburg,35.2401000008895,-80.785683,54.0,40.0
2025-07-10,7,2025,Hattie Avenue,Forsyth,36.11094,-80.224501,38.0,26.0
2025-07-10,7,2025,Leggett,Edgecombe,35.988278,-77.5843,38.0,38.0
2025-07-10,7,2025,Linville Falls,Avery,35.972347,-81.933072,29.0,
2025-07-10,7,2025,Mendenhall School,Guilford,36.1090060008986,-79.802314,41.0,31.0
2025-07-10,7,2025,Millbrook School,Wake,35.856111,-78.574167,39.0,33.0
2025-07-10,7,2025,Old High School,Swain,35.498711,-83.310242,23.0,28.0
2025-07-10,7,2025,Pitt Agri. Center,Pitt,35.6412760008938,-77.360126,33.0,32.0
2025-07-10,7,2025,Rockwell,Rowan,35.551868,-80.395039,41.0,37.0
2025-07-10,7,2025,West Johnston Co.,Johnston,35.59095,-78.4622,35.0,41.0
2025-07-11,7,2025,Bryson City,Swain,35.434767,-83.442133,28.0,22.0
2025-07-11,7,2025,Castle Hayne,New Hanover,34.364167,-77.838611,34.0,27.0
2025-07-11,7,2025,Clemmons Middle,Forsyth,36.026612,-80.341962,40.0,43.0
2025-07-11,7,2025,Durham Armory,Durham,36.0329550008979,-78.904037,37.0,28.0
2025-07-11,7,2025,Frying Pan Mountain,Haywood,35.379167,-82.7925,36.0,
2025-07-11,7,2025,Garinger High School,Mecklenburg,35.2401000008895,-80.785683,44.0,28.0
2025-07-11,7,2025,Hattie Avenue,Forsyth,36.11094,-80.224501,48.0,41.0
2025-07-11,7,2025,Leggett,Edgecombe,35.988278,-77.5843,42.0,48.0
2025-07-11,7,2025,Linville Falls,Avery,35.972347,-81.933072,25.0,
2025-07-11,7,2025,Mendenhall School,Guilford,36.1090060008986,-79.802314,44.0,44.0
2025-07-11,7,2025,Millbrook School,Wake,35.856111,-78.574167,46.0,47.0
2025-07-11,7,2025,Old High School,Swain,35.498711,-83.310242,21.0,29.0
2025-07-11,7,2025,Pitt Agri. Center,Pitt,35.6412760008938,-77.360126,33.0,36.0
2025-07-11,7,2025,Rockwell,Rowan,35.551868,-80.395039,42.0,42.0
2025-07-11,7,2025,West Johnston Co.,Johnston,35.59095,-78.4622,35.0,41.0
2025-07-12,7,2025,Bryson City,Swain,35.434767,-83.442133,28.0,29.0
2025-07-12,7,2025,Castle Hayne,New Hanover,34.364167,-77.838611,34.0,38.5
2025-07-12,7,2025,Clemmons Middle,Forsyth,36.026612,-80.341962,42.0,39.5
2025-07-12,7,2025,Durham Armory,Durham,36.0329550008979,-78.904037,44.0,38.5
2025-07-12,7,2025,Frying Pan Mountain,Haywood,35.379167,-82.7925,34.0,19.0
2025-07-12,7,2025,Garinger High School,Mecklenburg,35.2401000008895,-80.785683,48.0,26.5
2025-07-12,7,2025,Hattie Avenue,Forsyth,36.11094,-80.224501,47.0,46.5
2025-07-12,7,2025,Leggett,Edgecombe,35.988278,-77.5843,39.0,54.0
2025-07-12,7,2025,Linville Falls,Avery,35.972347,-81.933072,28.0,27.0
2025-07-12,7,2025,Mendenhall School,Guilford,36.1090060008986,-79.802314,43.0,46.0
2025-07-12,7,2025,Millbrook School,Wake,35.856111,-78.574167,41.0,53.5
2025-07-12,7,2025,Old High School,Swain,35.498711,-83.310242,25.0,28.0
2025-07-12,7,2025,Pitt Agri. Center,Pitt,35.6412760008938,-77.360126,35.0,52.0
2025-07-12,7,2025,Rockwell,Rowan,35.551868,-80.395039,43.0,37.0
2025-07-12,7,2025,West Johnston Co.,Johnston,35.59095,-78.4622,36.0,55.0
2025-07-13,7,2025,Bryson City,Swain,35.434767,-83.442133,22.0,33.0
2025-07-13,7,2025,Castle Hayne,New Hanover,34.364167,-77.838611,31.0,36.0
2025-07-13,7,2025,Clemmons Middle,Forsyth,36.026612,-80.341962,33.0,42.0
2025-07-13,7,2025,Durham Armory,Durham,36.0329550008979,-78.904037,35.0,34.5
2025-07-13,7,2025,Frying Pan Mountain,Haywood,35.379167,-82.7925,29.0,
2025-07-13,7,2025,Garinger High School,Mecklenburg,35.2401000008895,-80.785683,36.0,39.0
2025-07-13,7,2025,Hattie Avenue,Forsyth,36.11094,-80.224501,33.0,44.0
2025-07-13,7,2025,Leggett,Edgecombe,35.988278,-77.5843,36.0,49.0
2025-07-13,7,2025,Linville Falls,Avery,35.972347,-81.933072,24.0,
2025-07-13,7,2025,Mendenhall School,Guilford,36.1090060008986,-79.802314,31.0,38.0
2025-07-13,7,2025,Millbrook School,Wake,35.856111,-78.574167,31.0,51.0
2025-07-13,7,2025,Old High School,Swain,35.498711,-83.310242,18.0,39.0
2025-07-13,7,2025,Pitt Agri. Center,Pitt,35.6412760008938,-77.360126,30.0,43.0
2025-07-13,7,2025,Rockwell,Rowan,35.551868,-80.395039,37.0,36.0
2025-07-13,7,2025,West Johnston Co.,Johnston,35.59095,-78.4622,32.0,42.0
2025-07-14,7,2025,Bryson City,Swain,35.434767,-83.442133,23.0,21.0
2025-07-14,7,2025,Castle Hayne,New Hanover,34.364167,-77.838611,28.0,20.5
2025-07-14,7,2025,Clemmons Middle,Forsyth,36.026612,-80.341962,36.0,39.0
2025-07-14,7,2025,Durham Armory,Durham,36.0329550008979,-78.904037,36.0,32.0
2025-07-14,7,2025,Frying Pan Mountain,Haywood,35.379167,-82.7925,29.0,
2025-07-14,7,2025,Garinger High School,Mecklenburg,35.2401000008895,-80.785683,71.0,37.0
2025-07-14,7,2025,Hattie Avenue,Forsyth,36.11094,-80.224501,45.0,41.0
2025-07-14,7,2025,Leggett,Edgecombe,35.988278,-77.5843,34.0,41.0
2025-07-14,7,2025,Linville Falls,Avery,35.972347,-81.933072,28.0,
2025-07-14,7,2025,Mendenhall School,Guilford,36.1090060008986,-79.802314,39.0,37.0
2025-07-14,7,2025,Millbrook School,Wake,35.856111,-78.574167,40.0,49.0
2025-07-14,7,2025,Old High School,Swain,35.498711,-83.310242,20.0,29.0
2025-07-14,7,2025,Pitt Agri. Center,Pitt,35.6412760008938,-77.360126,29.0,30.0
2025-07-14,7,2025,Rockwell,Rowan,35.551868,-80.395039,35.0,34.0
2025-07-14,7,2025,West Johnston Co.,Johnston,35.59095,-78.4622,36.0,38.0
2025-07-15,7,2025,Bryson City,Swain,35.434767,-83.442133,26.0,28.0
2025-07-15,7,2025,Castle Hayne,New Hanover,34.364167,-77.838611,31.0,23.0
2025-07-15,7,2025,Clemmons Middle,Forsyth,36.026612,-80.341962,42.0,39.0
2025-07-15,7,2025,Durham Armory,Durham,36.0329550008979,-78.904037,30.0,20.5
2025-07-15,7,2025,Frying Pan Mountain,Haywood,35.379167,-82.7925,24.0,22.0
2025-07-15,7,2025,Garinger High School,Mecklenburg,35.2401000008895,-80.785683,37.0,35.5
2025-07-15,7,2025,Hattie Avenue,Forsyth,36.11094,-80.224501,43.0,39.0
2025-07-15,7,2025,Leggett,Edgecombe,35.988278,-77.5843,32.0,31.0
2025-07-15,7,2025,Linville Falls,Avery,35.972347,-81.933072,25.0,28.0
2025-07-15,7,2025,Mendenhall School,Guilford,36.1090060008986,-79.802314,34.0,33.0
2025-07-15,7,2025,Millbrook School,Wake,35.856111,-78.574167,31.0,34.0
2025-07-15,7,2025,Old High School,Swain,35.498711,-83.310242,22.0,33.0
2025-07-15,7,2025,Pitt Agri. Center,Pitt,35.6412760008938,-77.360126,31.0,24.0
2025-07-15,7,2025,Rockwell,Rowan,35.551868,-80.395039,34.0,41.0
2025-07-15,7,2025,West Johnston Co.,Johnston,35.59095,-78.4622,31.0,26.0
2025-07-16,7,2025,Bryson City,Swain,35.434767,-83.442133,31.0,25.0
2025-07-16,7,2025,Castle Hayne,New Hanover,34.364167,-77.838611,13.0,33.5
2025-07-16,7,2025,Clemmons Middle,Forsyth,36.026612,-80.341962,39.0,31.0
2025-07-16,7,2025,Durham Armory,Durham,36.0329550008979,-78.904037,33.0,29.0
2025-07-16,7,2025,Frying Pan Mountain,Haywood,35.379167,-82.7925,32.0,
2025-07-16,7,2025,Garinger High School,Mecklenburg,35.2401000008895,-80.785683,36.0,24.0
2025-07-16,7,2025,Hattie Avenue,Forsyth,36.11094,-80.224501,40.0,32.0
2025-07-16,7,2025,Leggett,Edgecombe,35.988278,-77.5843,32.0,46.0
2025-07-16,7,2025,Linville Falls,Avery,35.972347,-81.933072,34.0,
2025-07-16,7,2025,Mendenhall School,Guilford,36.1090060008986,-79.802314,40.0,37.0
2025-07-16,7,2025,Millbrook School,Wake,35.856111,-78.574167,33.0,38.0
2025-07-16,7,2025,Old High School,Swain,35.498711,-83.310242,26.0,28.0
2025-07-16,7,2025,Pitt Agri. Center,Pitt,35.6412760008938,-77.360126,24.0,37.0
2025-07-16,7,2025,Rockwell,Rowan,35.551868,-80.395039,40.0,35.0
2025-07-16,7,2025,West Johnston Co.,Johnston,35.59095,-78.4622,,28.0
2025-07-17,7,2025,Bryson City,Swain,35.434767,-83.442133,29.0,32.0
2025-07-17,7,2025,Castle Hayne,New Hanover,34.364167,-77.838611,19.0,24.5
2025-07-17,7,2025,Clemmons Middle,Forsyth,36.026612,-80.341962,35.0,39.0
2025-07-17,7,2025,Durham Armory,Durham,36.0329550008979,-78.904037,31.0,37.5
2025-07-17,7,2025,Frying Pan Mountain,Haywood,35.379167,-82.7925,35.0,
2025-07-17,7,2025,Garinger High School,Mecklenburg,35.2401000008895,-80.785683,33.0,36.0
2025-07-17,7,2025,Hattie Avenue,Forsyth,36.11094,-80.224501,36.0,38.0
2025-07-17,7,2025,Leggett,Edgecombe,35.988278,-77.5843,31.0,44.0
2025-07-17,7,2025,Linville Falls,Avery,35.972347,-81.933072,31.0,
2025-07-17,7,2025,Mendenhall School,Guilford,36.1090060008986,-79.802314,35.0,39.0
2025-07-17,7,2025,Millbrook School,Wake,35.856111,-78.574167,30.0,43.0
2025-07-17,7,2025,Old High School,Swain,35.498711,-83.310242,29.0,33.0
2025-07-17,7,2025,Pitt Agri. Center,Pitt,35.6412760008938,-77.360126,30.0,36.0
2025-07-17,7,2025,Rockwell,Rowan,35.551868,-80.395039,33.0,35.0
2025-07-17,7,2025,West Johnston Co.,Johnston,35.59095,-78.4622,27.0,47.0
2025-07-18,7,2025,Bryson City,Swain,35.434767,-83.442133,26.0,27.0
2025-07-18,7,2025,Castle Hayne,New Hanover,34.364167,-77.838611,24.0,26.5
2025-07-18,7,2025,Clemmons Middle,Forsyth,36.026612,-80.341962,34.0,37.0
2025-07-18,7,2025,Durham Armory,Durham,36.0329550008979,-78.904037,40.0,30.5
2025-07-18,7,2025,Frying Pan Mountain,Haywood,35.379167,-82.7925,32.0,19.0
2025-07-18,7,2025,Garinger High School,Mecklenburg,35.2401000008895,-80.785683,33.0,41.0
2025-07-18,7,2025,Hattie Avenue,Forsyth,36.11094,-80.224501,38.0,33.5
2025-07-18,7,2025,Leggett,Edgecombe,35.988278,-77.5843,44.0,47.0
2025-07-18,7,2025,Linville Falls,Avery,35.972347,-81.933072,28.0,20.0
2025-07-18,7,2025,Mendenhall School,Guilford,36.1090060008986,-79.802314,40.0,39.0
2025-07-18,7,2025,Millbrook School,Wake,35.856111,-78.574167,37.0,42.5
2025-07-18,7,2025,Old High School,Swain,35.498711,-83.310242,25.0,25.0
2025-07-18,7,2025,Pitt Agri. Center,Pitt,35.6412760008938,-77.360126,34.0,36.0
2025-07-18,7,2025,Rockwell,Rowan,35.551868,-80.395039,39.0,45.0
2025-07-18,7,2025,West Johnston Co.,Johnston,35.59095,-78.4622,35.0,39.0
2025-07-19,7,2025,Bryson City,Swain,35.434767,-83.442133,27.0,20.0
2025-07-19,7,2025,Castle Hayne,New Hanover,34.364167,-77.838611,28.0,30.5
2025-07-19,7,2025,Clemmons Middle,Forsyth,36.026612,-80.341962,31.0,23.0
2025-07-19,7,2025,Durham Armory,Durham,36.0329550008979,-78.904037,33.0,25.0
2025-07-19,7,2025,Frying Pan Mountain,Haywood,35.379167,-82.7925,28.0,
2025-07-19,7,2025,Garinger High School,Mecklenburg,35.2401000008895,-80.785683,42.0,26.0
2025-07-19,7,2025,Hattie Avenue,Forsyth,36.11094,-80.224501,32.0,23.0
2025-07-19,7,2025,Leggett,Edgecombe,35.988278,-77.5843,37.0,42.0
2025-07-19,7,2025,Linville Falls,Avery,35.972347,-81.933072,29.0,
2025-07-19,7,2025,Mendenhall School,Guilford,36.1090060008986,-79.802314,36.0,28.0
2025-07-19,7,2025,Millbrook School,Wake,35.856111,-78.574167,31.0,42.0
2025-07-19,7,2025,Old High School,Swain,35.498711,-83.310242,28.0,24.0
2025-07-19,7,2025,Pitt Agri. Center,Pitt,35.6412760008938,-77.360126,31.0,47.0
2025-07-19,7,2025,Rockwell,Rowan,35.551868,-80.395039,44.0,36.0
2025-07-19,7,2025,West Johnston Co.,Johnston,35.59095,-78.4622,34.0,43.0
2025-07-20,7,2025,Bryson City,Swain,35.434767,-83.442133,28.0,34.0
2025-07-20,7,2025,Castle Hayne,New Hanover,34.364167,-77.838611,31.0,38.0
2025-07-20,7,2025,Clemmons Middle,Forsyth,36.026612,-80.341962,31.0,37.0
2025-07-20,7,2025,Durham Armory,Durham,36.0329550008979,-78.904037,31.0,30.5
2025-07-20,7,2025,Frying Pan Mountain,Haywood,35.379167,-82.7925,29.0,
2025-07-20,7,2025,Garinger High School,Mecklenburg,35.2401000008895,-80.785683,36.0,36.0
2025-07-20,7,2025,Hattie Avenue,Forsyth,36.11094,-80.224501,30.0,36.0
2025-07-20,7,2025,Leggett,Edgecombe,35.988278,-77.5843,35.0,40.0
2025-07-20,7,2025,Linville Falls,Avery,35.972347,-81.933072,31.0,
2025-07-20,7,2025,Mendenhall School,Guilford,36.1090060008986,-79.802314,31.0,33.0
2025-07-20,7,2025,Millbrook School,Wake,35.856111,-78.574167,34.0,39.0
2025-07-20,7,2025,Old High School,Swain,35.498711,-83.310242,19.0,38.0
2025-07-20,7,2025,Pitt Agri. Center,Pitt,35.6412760008938,-77.360126,31.0,37.0
2025-07-20,7,2025,Rockwell,Rowan,35.551868,-80.395039,35.0,36.0
2025-07-20,7,2025,West Johnston Co.,Johnston,35.59095,-78.4622,33.0,43.0
2025-07-21,7,2025,Bryson City,Swain,35.434767,-83.442133,27.0,41.0
2025-07-21,7,2025,Castle Hayne,New Hanover,34.364167,-77.838611,31.0,47.5
2025-07-21,7,2025,Clemmons Middle,Forsyth,36.026612,-80.341962,31.0,41.0
2025-07-21,7,2025,Durham Armory,Durham,36.0329550008979,-78.904037,34.0,32.0
2025-07-21,7,2025,Frying Pan Mountain,Haywood,35.379167,-82.7925,31.0,39.0
2025-07-21,7,2025,Garinger High School,Mecklenburg,35.2401000008895,-80.785683,40.0,51.5
2025-07-21,7,2025,Hattie Avenue,Forsyth,36.11094,-80.224501,32.0,45.5
2025-07-21,7,2025,Leggett,Edgecombe,35.988278,-77.5843,38.0,53.0
2025-07-21,7,2025,Linville Falls,Avery,35.972347,-81.933072,30.0,47.0
2025-07-21,7,2025,Mendenhall School,Guilford,36.1090060008986,-79.802314,32.0,36.0
2025-07-21,7,2025,Millbrook School,Wake,35.856111,-78.574167,36.0,45.5
2025-07-21,7,2025,Old High School,Swain,35.498711,-83.310242,,45.0
2025-07-21,7,2025,Pitt Agri. Center,Pitt,35.6412760008938,-77.360126,35.0,48.0
2025-07-21,7,2025,Rockwell,Rowan,35.551868,-80.395039,34.0,53.0
2025-07-21,7,2025,West Johnston Co.,Johnston,35.59095,-78.4622,44.0,49.0
2025-07-22,7,2025,Bryson City,Swain,35.434767,-83.442133,23.0,37.0
2025-07-22,7,2025,Castle Hayne,New Hanover,34.364167,-77.838611,29.0,46.0
2025-07-22,7,2025,Clemmons Middle,Forsyth,36.026612,-80.341962,44.0,49.0
2025-07-22,7,2025,Durham Armory,Durham,36.0329550008979,-78.904037,44.0,45.0
2025-07-22,7,2025,Frying Pan Mountain,Haywood,35.379167,-82.7925,30.0,
2025-07-22,7,2025,Garinger High School,Mecklenburg,35.2401000008895,-80.785683,32.0,39.0
2025-07-22,7,2025,Hattie Avenue,Forsyth,36.11094,-80.224501,44.0,52.0
2025-07-22,7,2025,Leggett,Edgecombe,35.988278,-77.5843,44.0,42.0
2025-07-22,7,2025,Linville Falls,Avery,35.972347,-81.933072,31.0,
2025-07-22,7,2025,Mendenhall School,Guilford,36.1090060008986,-79.802314,36.0,45.0
2025-07-22,7,2025,Millbrook School,Wake,35.856111,-78.574167,44.0,52.0
2025-07-22,7,2025,Old High School,Swain,35.498711,-83.310242,18.0,41.0
2025-07-22,7,2025,Pitt Agri. Center,Pitt,35.6412760008938,-77.360126,41.0,33.0
2025-07-22,7,2025,Rockwell,Rowan,35.551868,-80.395039,37.0,37.0
2025-07-22,7,2025,West Johnston Co.,Johnston,35.59095,-78.4622,44.0,44.0
2025-07-23,7,2025,Bryson City,Swain,35.434767,-83.442133,31.0,41.0
2025-07-23,7,2025,Castle Hayne,New Hanover,34.364167,-77.838611,31.0,35.0
2025-07-23,7,2025,Clemmons Middle,Forsyth,36.026612,-80.341962,67.0,59.0
2025-07-23,7,2025,Durham Armory,Durham,36.0329550008979,-78.904037,41.0,55.0
2025-07-23,7,2025,Frying Pan Mountain,Haywood,35.379167,-82.7925,39.0,
2025-07-23,7,2025,Garinger High School,Mecklenburg,35.2401000008895,-80.785683,49.0,52.0
2025-07-23,7,2025,Hattie Avenue,Forsyth,36.11094,-80.224501,51.0,59.0
2025-07-23,7,2025,Leggett,Edgecombe,35.988278,-77.5843,,44.0
2025-07-23,7,2025,Linville Falls,Avery,35.972347,-81.933072,39.0,
2025-07-23,7,2025,Mendenhall School,Guilford,36.1090060008986,-79.802314,42.0,53.0
2025-07-23,7,2025,Millbrook School,Wake,35.856111,-78.574167,41.0,55.0
2025-07-23,7,2025,Old High School,Swain,35.498711,-83.310242,32.0,49.0
2025-07-23,7,2025,Pitt Agri. Center,Pitt,35.6412760008938,-77.360126,35.0,55.0
2025-07-23,7,2025,Rockwell,Rowan,35.551868,-80.395039,48.0,53.0
2025-07-23,7,2025,West Johnston Co.,Johnston,35.59095,-78.4622,39.0,48.0
2025-07-24,7,2025,Bryson City,Swain,35.434767,-83.442133,37.0,53.0
2025-07-24,7,2025,Castle Hayne,New Hanover,34.364167,-77.838611,25.0,22.5
2025-07-24,7,2025,Clemmons Middle,Forsyth,36.026612,-80.341962,42.0,55.5
2025-07-24,7,2025,Durham Armory,Durham,36.0329550008979,-78.904037,39.0,36.0
2025-07-24,7,2025,Frying Pan Mountain,Haywood,35.379167,-82.7925,32.0,39.0
2025-07-24,7,2025,Garinger High School,Mecklenburg,35.2401000008895,-80.785683,44.0,51.5
2025-07-24,7,2025,Hattie Avenue,Forsyth,36.11094,-80.224501,50.0,55.5
2025-07-24,7,2025,Leggett,Edgecombe,35.988278,-77.5843,,40.0
2025-07-24,7,2025,Linville Falls,Avery,35.972347,-81.933072,41.0,44.0
2025-07-24,7,2025,Mendenhall School,Guilford,36.1090060008986,-79.802314,42.0,51.0
2025-07-24,7,2025,Millbrook School,Wake,35.856111,-78.574167,38.0,50.0
2025-07-24,7,2025,Old High School,Swain,35.498711,-83.310242,37.0,56.0
2025-07-24,7,2025,Pitt Agri. Center,Pitt,35.6412760008938,-77.360126,31.0,36.0
2025-07-24,7,2025,Rockwell,Rowan,35.551868,-80.395039,35.0,53.0
2025-07-24,7,2025,West Johnston Co.,Johnston,35.59095,-78.4622,39.0,56.0
2025-07-25,7,2025,Bryson City,Swain,35.434767,-83.442133,30.0,34.0
2025-07-25,7,2025,Castle Hayne,New Hanover,34.364167,-77.838611,30.0,36.0
2025-07-25,7,2025,Clemmons Middle,Forsyth,36.026612,-80.341962,44.0,53.0
2025-07-25,7,2025,Durham Armory,Durham,36.0329550008979,-78.904037,45.0,46.5
2025-07-25,7,2025,Frying Pan Mountain,Haywood,35.379167,-82.7925,31.0,
2025-07-25,7,2025,Garinger High School,Mecklenburg,35.2401000008895,-80.785683,45.0,28.0
2025-07-25,7,2025,Hattie Avenue,Forsyth,36.11094,-80.224501,43.0,56.0
2025-07-25,7,2025,Leggett,Edgecombe,35.988278,-77.5843,44.0,52.0
2025-07-25,7,2025,Linville Falls,Avery,35.972347,-81.933072,31.0,
2025-07-25,7,2025,Mendenhall School,Guilford,36.1090060008986,-79.802314,49.0,53.0
2025-07-25,7,2025,Millbrook School,Wake,35.856111,-78.574167,42.0,52.0
2025-07-25,7,2025,Old High School,Swain,35.498711,-83.310242,29.0,41.0
2025-07-25,7,2025,Pitt Agri. Center,Pitt,35.6412760008938,-77.360126,40.0,50.0
2025-07-25,7,2025,Rockwell,Rowan,35.551868,-80.395039,44.0,40.0
2025-07-25,7,2025,West Johnston Co.,Johnston,35.59095,-78.4622,39.0,59.0
2025-07-26,7,2025,Bryson City,Swain,35.434767,-83.442133,30.0,24.0
2025-07-26,7,2025,Castle Hayne,New Hanover,34.364167,-77.838611,31.0,52.0
2025-07-26,7,2025,Clemmons Middle,Forsyth,36.026612,-80.341962,51.0,54.0
2025-07-26,7,2025,Durham Armory,Durham,36.0329550008979,-78.904037,38.0,43.0
2025-07-26,7,2025,Frying Pan Mountain,Haywood,35.379167,-82.7925,30.0,
2025-07-26,7,2025,Garinger High School,Mecklenburg,35.2401000008895,-80.785683,64.0,39.0
2025-07-26,7,2025,Hattie Avenue,Forsyth,36.11094,-80.224501,44.0,55.0
2025-07-26,7,2025,Leggett,Edgecombe,35.988278,-77.5843,38.0,58.0
2025-07-26,7,2025,Linville Falls,Avery,35.972347,-81.933072,31.0,
2025-07-26,7,2025,Mendenhall School,Guilford,36.1090060008986,-79.802314,34.0,53.0
2025-07-26,7,2025,Millbrook School,Wake,35.856111,-78.574167,38.0,58.0
2025-07-26,7,2025,Old High School,Swain,35.498711,-83.310242,31.0,28.0
2025-07-26,7,2025,Pitt Agri. Center,Pitt,35.6412760008938,-77.360126,48.0,59.0
2025-07-26,7,2025,Rockwell,Rowan,35.551868,-80.395039,43.0,38.0
2025-07-26,7,2025,West Johnston Co.,Johnston,35.59095,-78.4622,46.0,57.0
2025-07-27,7,2025,Bryson City,Swain,35.434767,-83.442133,24.0,25.0
2025-07-27,7,2025,Castle Hayne,New Hanover,34.364167,-77.838611,31.0,51.0
2025-07-27,7,2025,Clemmons Middle,Forsyth,36.026612,-80.341962,31.0,32.0
2025-07-27,7,2025,Durham Armory,Durham,36.0329550008979,-78.904037,33.0,33.5
2025-07-27,7,2025,Frying Pan Mountain,Haywood,35.379167,-82.7925,27.0,15.0
2025-07-27,7,2025,Garinger High School,Mecklenburg,35.2401000008895,-80.785683,44.0,46.0
2025-07-27,7,2025,Hattie Avenue,Forsyth,36.11094,-80.224501,31.0,34.0
2025-07-27,7,2025,Leggett,Edgecombe,35.988278,-77.5843,32.0,54.0
2025-07-27,7,2025,Linville Falls,Avery,35.972347,-81.933072,25.0,22.0
2025-07-27,7,2025,Mendenhall School,Guilford,36.1090060008986,-79.802314,31.0,36.0
2025-07-27,7,2025,Millbrook School,Wake,35.856111,-78.574167,35.0,54.5
2025-07-27,7,2025,Old High School,Swain,35.498711,-83.310242,19.0,27.0
2025-07-27,7,2025,Pitt Agri. Center,Pitt,35.6412760008938,-77.360126,32.0,54.0
2025-07-27,7,2025,Rockwell,Rowan,35.551868,-80.395039,35.0,33.0
2025-07-27,7,2025,West Johnston Co.,Johnston,35.59095,-78.4622,44.0,53.0
2025-07-28,7,2025,Bryson City,Swain,35.434767,-83.442133,28.0,16.0
2025-07-28,7,2025,Castle Hayne,New Hanover,34.364167,-77.838611,34.0,38.0
2025-07-28,7,2025,Clemmons Middle,Forsyth,36.026612,-80.341962,41.0,28.0
2025-07-28,7,2025,Durham Armory,Durham,36.0329550008979,-78.904037,36.0,22.0
2025-07-28,7,2025,Frying Pan Mountain,Haywood,35.379167,-82.7925,32.0,
2025-07-28,7,2025,Garinger High School,Mecklenburg,35.2401000008895,-80.785683,44.0,26.0
2025-07-28,7,2025,Hattie Avenue,Forsyth,36.11094,-80.224501,43.0,28.0
2025-07-28,7,2025,Leggett,Edgecombe,35.988278,-77.5843,35.0,47.0
2025-07-28,7,2025,Linville Falls,Avery,35.972347,-81.933072,29.0,
2025-07-28,7,2025,Mendenhall School,Guilford,36.1090060008986,-79.802314,34.0,27.0
2025-07-28,7,2025,Millbrook School,Wake,35.856111,-78.574167,36.0,42.0
2025-07-28,7,2025,Old High School,Swain,35.498711,-83.310242,26.0,22.0
2025-07-28,7,2025,Pitt Agri. Center,Pitt,35.6412760008938,-77.360126,33.0,31.0
2025-07-28,7,2025,Rockwell,Rowan,35.551868,-80.395039,46.0,22.0
2025-07-28,7,2025,West Johnston Co.,Johnston,35.59095,-78.4622,43.0,34.0
2025-07-29,7,2025,Bryson City,Swain,35.434767,-83.442133,29.0,20.0
2025-07-29,7,2025,Castle Hayne,New Hanover,34.364167,-77.838611,29.0,25.0
2025-07-29,7,2025,Clemmons Middle,Forsyth,36.026612,-80.341962,45.0,34.0
2025-07-29,7,2025,Durham Armory,Durham,36.0329550008979,-78.904037,,36.0
2025-07-29,7,2025,Frying Pan Mountain,Haywood,35.379167,-82.7925,31.0,
2025-07-29,7,2025,Garinger High School,Mecklenburg,35.2401000008895,-80.785683,42.0,23.0
2025-07-29,7,2025,Hattie Avenue,Forsyth,36.11094,-80.224501,47.0,33.0
2025-07-29,7,2025,Leggett,Edgecombe,35.988278,-77.5843,38.0,52.0
2025-07-29,7,2025,Linville Falls,Avery,35.972347,-81.933072,24.0,
2025-07-29,7,2025,Mendenhall School,Guilford,36.1090060008986,-79.802314,36.0,41.0
2025-07-29,7,2025,Millbrook School,Wake,35.856111,-78.574167,42.0,43.0
2025-07-29,7,2025,Old High School,Swain,35.498711,-83.310242,27.0,29.0
2025-07-29,7,2025,Pitt Agri. Center,Pitt,35.6412760008938,-77.360126,34.0,39.0
2025-07-29,7,2025,Rockwell,Rowan,35.551868,-80.395039,30.0,38.0
2025-07-29,7,2025,West Johnston Co.,Johnston,35.59095,-78.4622,42.0,39.0
2025-07-30,7,2025,Bryson City,Swain,35.434767,-83.442133,30.0,18.0
2025-07-30,7,2025,Castle Hayne,New Hanover,34.364167,-77.838611,23.0,29.5
2025-07-30,7,2025,Clemmons Middle,Forsyth,36.026612,-80.341962,49.0,48.0
2025-07-30,7,2025,Durham Armory,Durham,36.0329550008979,-78.904037,54.0,26.5
2025-07-30,7,2025,Frying Pan Mountain,Haywood,35.379167,-82.7925,34.0,22.0
2025-07-30,7,2025,Garinger High School,Mecklenburg,35.2401000008895,-80.785683,46.0,41.5
2025-07-30,7,2025,Hattie Avenue,Forsyth,36.11094,-80.224501,54.0,45.5
2025-07-30,7,2025,Leggett,Edgecombe,35.988278,-77.5843,40.0,46.0
2025-07-30,7,2025,Linville Falls,Avery,35.972347,-81.933072,32.0,30.0
2025-07-30,7,2025,Mendenhall School,Guilford,36.1090060008986,-79.802314,41.0,44.0
2025-07-30,7,2025,Millbrook School,Wake,35.856111,-78.574167,44.0,38.5
2025-07-30,7,2025,Old High School,Swain,35.498711,-83.310242,24.0,33.0
2025-07-30,7,2025,Pitt Agri. Center,Pitt,35.6412760008938,-77.360126,36.0,38.0
2025-07-30,7,2025,Rockwell,Rowan,35.551868,-80.395039,41.0,44.0
2025-07-30,7,2025,West Johnston Co.,Johnston,35.59095,-78.4622,38.0,38.0
2025-07-31,7,2025,Castle Hayne,New Hanover,34.364167,-77.838611,30.0,35.0
2025-07-31,7,2025,Clemmons Middle,Forsyth,36.026612,-80.341962,44.0,27.0
2025-07-31,7,2025,Durham Armory,Durham,36.0329550008979,-78.904037,36.0,27.0
2025-07-31,7,2025,Frying Pan Mountain,Haywood,35.379167,-82.7925,33.0,
2025-07-31,7,2025,Garinger High School,Mecklenburg,35.2401000008895,-80.785683,45.0,26.0
2025-07-31,7,2025,Hattie Avenue,Forsyth,36.11094,-80.224501,46.0,29.0
2025-07-31,7,2025,Leggett,Edgecombe,35.988278,-77.5843,38.0,51.0
2025-07-31,7,2025,Linville Falls,Avery,35.972347,-81.933072,25.0,
2025-07-31,7,2025,Mendenhall School,Guilford,36.1090060008986,-79.802314,47.0,39.0
2025-07-31,7,2025,Millbrook School,Wake,35.856111,-78.574167,41.0,52.0
2025-07-31,7,2025,Old High School,Swain,35.498711,-83.310242,23.0,31.0
2025-07-31,7,2025,Pitt Agri. Center,Pitt,35.6412760008938,-77.360126,37.0,40.0
2025-07-31,7,2025,Rockwell,Rowan,35.551868,-80.395039,44.0,28.0
2025-07-31,7,2025,West Johnston Co.,Johnston,35.59095,-78.4622,41.0,44.0
2025-08-01,8,2025,Bryson City,Swain,35.434767,-83.442133,32.0,
2025-08-01,8,2025,Castle Hayne,New Hanover,34.364167,-77.838611,33.0,27.5
2025-08-01,8,2025,Clemmons Middle,Forsyth,36.026612,-80.341962,39.0,28.0
2025-08-01,8,2025,Durham Armory,Durham,36.0329550008979,-78.904037,31.0,25.0
2025-08-01,8,2025,Frying Pan Mountain,Haywood,35.379167,-82.7925,37.0,
2025-08-01,8,2025,Garinger High School,Mecklenburg,35.2401000008895,-80.785683,37.0,31.0
2025-08-01,8,2025,Hattie Avenue,Forsyth,36.11094,-80.224501,36.0,29.0
2025-08-01,8,2025,Leggett,Edgecombe,35.988278,-77.5843,25.0,39.0
2025-08-01,8,2025,Linville Falls,Avery,35.972347,-81.933072,33.0,
2025-08-01,8,2025,Mendenhall School,Guilford,36.1090060008986,-79.802314,31.0,28.0
2025-08-01,8,2025,Millbrook School,Wake,35.856111,-78.574167,31.0,42.0
2025-08-01,8,2025,Old High School,Swain,35.498711,-83.310242,26.0,33.0
2025-08-01,8,2025,Pitt Agri. Center,Pitt,35.6412760008938,-77.360126,27.0,44.0
2025-08-01,8,2025,Rockwell,Rowan,35.551868,-80.395039,32.0,23.0
2025-08-01,8,2025,West Johnston Co.,Johnston,35.59095,-78.4622,31.0,44.0
2025-08-02,8,2025,Bryson City,Swain,35.434767,-83.442133,21.0,16.0
2025-08-02,8,2025,Castle Hayne,New Hanover,34.364167,-77.838611,26.0,30.5
2025-08-02,8,2025,Clemmons Middle,Forsyth,36.026612,-80.341962,34.0,28.0
2025-08-02,8,2025,Durham Armory,Durham,36.0329550008979,-78.904037,31.0,19.0
2025-08-02,8,2025,Frying Pan Mountain,Haywood,35.379167,-82.7925,26.0,1.0
2025-08-02,8,2025,Garinger High School,Mecklenburg,35.2401000008895,-80.785683,24.0,18.0
2025-08-02,8,2025,Hattie Avenue,Forsyth,36.11094,-80.224501,35.0,27.0
2025-08-02,8,2025,Leggett,Edgecombe,35.988278,-77.5843,30.0,28.0
2025-08-02,8,2025,Linville Falls,Avery,35.972347,-81.933072,31.0,2.0
2025-08-02,8,2025,Mendenhall School,Guilford,36.1090060008986,-79.802314,27.0,28.0
2025-08-02,8,2025,Millbrook School,Wake,35.856111,-78.574167,29.0,29.0
2025-08-02,8,2025,Old High School,Swain,35.498711,-83.310242,20.0,21.0
2025-08-02,8,2025,Pitt Agri. Center,Pitt,35.6412760008938,-77.360126,29.0,19.0
2025-08-02,8,2025,Rockwell,Rowan,35.551868,-80.395039,27.0,26.0
2025-08-02,8,2025,West Johnston Co.,Johnston,35.59095,-78.4622,30.0,18.0
2025-08-03,8,2025,Bryson City,Swain,35.434767,-83.442133,25.0,22.0
2025-08-03,8,2025,Castle Hayne,New Hanover,34.364167,-77.838611,29.0,41.0
2025-08-03,8,2025,Clemmons Middle,Forsyth,36.026612,-80.341962,33.0,46.0
2025-08-03,8,2025,Durham Armory,Durham,36.0329550008979,-78.904037,41.0,32.0
2025-08-03,8,2025,Frying Pan Mountain,Haywood,35.379167,-82.7925,34.0,
2025-08-03,8,2025,Garinger High School,Mecklenburg,35.2401000008895,-80.785683,33.0,38.0
2025-08-03,8,2025,Hattie Avenue,Forsyth,36.11094,-80.224501,32.0,48.0
2025-08-03,8,2025,Leggett,Edgecombe,35.988278,-77.5843,37.0,33.0
2025-08-03,8,2025,Linville Falls,Avery,35.972347,-81.933072,33.0,
2025-08-03,8,2025,Mendenhall School,Guilford,36.1090060008986,-79.802314,33.0,38.0
2025-08-03,8,2025,Millbrook School,Wake,35.856111,-78.574167,38.0,34.0
2025-08-03,8,2025,Old High School,Swain,35.498711,-83.310242,24.0,25.0
2025-08-03,8,2025,Pitt Agri. Center,Pitt,35.6412760008938,-77.360126,35.0,29.0
2025-08-03,8,2025,Rockwell,Rowan,35.551868,-80.395039,32.0,39.0
2025-08-03,8,2025,West Johnston Co.,Johnston,35.59095,-78.4622,37.0,34.0
2025-08-04,8,2025,Bryson City,Swain,35.434767,-83.442133,23.0,25.0
2025-08-04,8,2025,Castle Hayne,New Hanover,34.364167,-77.838611,29.0,35.5
2025-08-04,8,2025,Clemmons Middle,Forsyth,36.026612,-80.341962,44.0,48.0
2025-08-04,8,2025,Durham Armory,Durham,36.0329550008979,-78.904037,44.0,34.5
2025-08-04,8,2025,Frying Pan Mountain,Haywood,35.379167,-82.7925,35.0,
2025-08-04,8,2025,Garinger High School,Mecklenburg,35.2401000008895,-80.785683,36.0,45.0
2025-08-04,8,2025,Hattie Avenue,Forsyth,36.11094,-80.224501,42.0,47.0
2025-08-04,8,2025,Leggett,Edgecombe,35.988278,-77.5843,41.0,31.0
2025-08-04,8,2025,Linville Falls,Avery,35.972347,-81.933072,35.0,
2025-08-04,8,2025,Mendenhall School,Guilford,36.1090060008986,-79.802314,37.0,46.0
2025-08-04,8,2025,Millbrook School,Wake,35.856111,-78.574167,41.0,38.0
2025-08-04,8,2025,Old High School,Swain,35.498711,-83.310242,22.0,26.0
2025-08-04,8,2025,Pitt Agri. Center,Pitt,35.6412760008938,-77.360126,37.0,22.0
2025-08-04,8,2025,Rockwell,Rowan,35.551868,-80.395039,37.0,45.0
2025-08-04,8,2025,West Johnston Co.,Johnston,35.59095,-78.4622,42.0,39.0
2025-08-05,8,2025,Bryson City,Swain,35.434767,-83.442133,24.0,13.0
2025-08-05,8,2025,Castle Hayne,New Hanover,34.364167,-77.838611,27.0,27.0
2025-08-05,8,2025,Clemmons Middle,Forsyth,36.026612,-80.341962,34.0,40.0
2025-08-05,8,2025,Durham Armory,Durham,36.0329550008979,-78.904037,36.0,24.5
2025-08-05,8,2025,Frying Pan Mountain,Haywood,35.379167,-82.7925,29.0,2.0
2025-08-05,8,2025,Garinger High School,Mecklenburg,35.2401000008895,-80.785683,33.0,26.0
2025-08-05,8,2025,Hattie Avenue,Forsyth,36.11094,-80.224501,36.0,41.0
2025-08-05,8,2025,Leggett,Edgecombe,35.988278,-77.5843,28.0,32.0
2025-08-05,8,2025,Linville Falls,Avery,35.972347,-81.933072,33.0,16.0
2025-08-05,8,2025,Mendenhall School,Guilford,36.1090060008986,-79.802314,31.0,32.0
2025-08-05,8,2025,Millbrook School,Wake,35.856111,-78.574167,29.0,38.0
2025-08-05,8,2025,Old High School,Swain,35.498711,-83.310242,26.0,17.0
2025-08-05,8,2025,Pitt Agri. Center,Pitt,35.6412760008938,-77.360126,30.0,26.0
2025-08-05,8,2025,Rockwell,Rowan,35.551868,-80.395039,32.0,23.0
2025-08-05,8,2025,West Johnston Co.,Johnston,35.59095,-78.4622,30.0,36.0
2025-08-06,8,2025,Bryson City,Swain,35.434767,-83.442133,26.0,21.0
2025-08-06,8,2025,Castle Hayne,New Hanover,34.364167,-77.838611,25.0,14.0
2025-08-06,8,2025,Clemmons Middle,Forsyth,36.026612,-80.341962,28.0,36.0
2025-08-06,8,2025,Durham Armory,Durham,36.0329550008979,-78.904037,30.0,10.0
2025-08-06,8,2025,Frying Pan Mountain,Haywood,35.379167,-82.7925,26.0,
2025-08-06,8,2025,Garinger High School,Mecklenburg,35.2401000008895,-80.785683,24.0,21.0
2025-08-06,8,2025,Hattie Avenue,Forsyth,36.11094,-80.224501,30.0,37.0
2025-08-06,8,2025,Leggett,Edgecombe,35.988278,-77.5843,26.0,35.0
2025-08-06,8,2025,Linville Falls,Avery,35.972347,-81.933072,26.0,
2025-08-06,8,2025,Mendenhall School,Guilford,36.1090060008986,-79.802314,26.0,20.0
2025-08-06,8,2025,Millbrook School,Wake,35.856111,-78.574167,31.0,28.0
2025-08-06,8,2025,Old High School,Swain,35.498711,-83.310242,22.0,25.5
2025-08-06,8,2025,Pitt Agri. Center,Pitt,35.6412760008938,-77.360126,26.0,33.0
2025-08-06,8,2025,Rockwell,Rowan,35.551868,-80.395039,26.0,16.0
2025-08-06,8,2025,West Johnston Co.,Johnston,35.59095,-78.4622,29.0,26.0
2025-08-07,8,2025,Bryson City,Swain,35.434767,-83.442133,26.0,24.0
2025-08-07,8,2025,Castle Hayne,New Hanover,34.364167,-77.838611,26.0,49.0
2025-08-07,8,2025,Clemmons Middle,Forsyth,36.026612,-80.341962,27.0,64.0
2025-08-07,8,2025,Durham Armory,Durham,36.0329550008979,-78.904037,31.0,61.0
2025-08-07,8,2025,Frying Pan Mountain,Haywood,35.379167,-82.7925,29.0,
2025-08-07,8,2025,Garinger High School,Mecklenburg,35.2401000008895,-80.785683,29.0,44.0
2025-08-07,8,2025,Hattie Avenue,Forsyth,36.11094,-80.224501,26.0,66.0
2025-08-07,8,2025,Leggett,Edgecombe,35.988278,-77.5843,31.0,68.0
2025-08-07,8,2025,Linville Falls,Avery,35.972347,-81.933072,31.0,
2025-08-07,8,2025,Mendenhall School,Guilford,36.1090060008986,-79.802314,21.0,60.0
2025-08-07,8,2025,Millbrook School,Wake,35.856111,-78.574167,28.0,67.0
2025-08-07,8,2025,Old High School,Swain,35.498711,-83.310242,24.0,28.0
2025-08-07,8,2025,Pitt Agri. Center,Pitt,35.6412760008938,-77.360126,31.0,68.0
2025-08-07,8,2025,Rockwell,Rowan,35.551868,-80.395039,28.0,52.0
2025-08-07,8,2025,West Johnston Co.,Johnston,35.59095,-78.4622,27.0,62.0
2025-08-08,8,2025,Bryson City,Swain,35.434767,-83.442133,30.0,36.0
2025-08-08,8,2025,Castle Hayne,New Hanover,34.364167,-77.838611,23.0,62.5
2025-08-08,8,2025,Clemmons Middle,Forsyth,36.026612,-80.341962,39.0,85.0
2025-08-08,8,2025,Durham Armory,Durham,36.0329550008979,-78.904037,37.0,69.5
2025-08-08,8,2025,Frying Pan Mountain,Haywood,35.379167,-82.7925,30.0,19.0
2025-08-08,8,2025,Garinger High School,Mecklenburg,35.2401000008895,-80.785683,34.0,74.5
2025-08-08,8,2025,Hattie Avenue,Forsyth,36.11094,-80.224501,39.0,81.5
2025-08-08,8,2025,Leggett,Edgecombe,35.988278,-77.5843,28.0,63.0
2025-08-08,8,2025,Linville Falls,Avery,35.972347,-81.933072,34.0,65.0
2025-08-08,8,2025,Mendenhall School,Guilford,36.1090060008986,-79.802314,33.0,72.0
2025-08-08,8,2025,Millbrook School,Wake,35.856111,-78.574167,30.0,70.0
2025-08-08,8,2025,Old High School,Swain,35.498711,-83.310242,24.0,37.0
2025-08-08,8,2025,Pitt Agri. Center,Pitt,35.6412760008938,-77.360126,28.0,61.0
2025-08-08,8,2025,Rockwell,Rowan,35.551868,-80.395039,37.0,81.0
2025-08-08,8,2025,West Johnston Co.,Johnston,35.59095,-78.4622,27.0,68.0
2025-08-09,8,2025,Bryson City,Swain,35.434767,-83.442133,28.0,58.0
2025-08-09,8,2025,Castle Hayne,New Hanover,34.364167,-77.838611,24.0,29.0
2025-08-09,8,2025,Clemmons Middle,Forsyth,36.026612,-80.341962,37.0,61.0
2025-08-09,8,2025,Durham Armory,Durham,36.0329550008979,-78.904037,37.0,40.5
2025-08-09,8,2025,Frying Pan Mountain,Haywood,35.379167,-82.7925,30.0,
2025-08-09,8,2025,Garinger High School,Mecklenburg,35.2401000008895,-80.785683,32.0,57.0
2025-08-09,8,2025,Hattie Avenue,Forsyth,36.11094,-80.224501,36.0,60.0
2025-08-09,8,2025,Leggett,Edgecombe,35.988278,-77.5843,28.0,33.0
2025-08-09,8,2025,Linville Falls,Avery,35.972347,-81.933072,32.0,
2025-08-09,8,2025,Mendenhall School,Guilford,36.1090060008986,-79.802314,31.0,48.0
2025-08-09,8,2025,Millbrook School,Wake,35.856111,-78.574167,32.0,44.0
2025-08-09,8,2025,Old High School,Swain,35.498711,-83.310242,29.0,54.0
2025-08-09,8,2025,Pitt Agri. Center,Pitt,35.6412760008938,-77.360126,27.0,27.0
2025-08-09,8,2025,Rockwell,Rowan,35.551868,-80.395039,34.0,57.0
2025-08-09,8,2025,West Johnston Co.,Johnston,35.59095,-78.4622,31.0,39.0
2025-08-10,8,2025,Bryson City,Swain,35.434767,-83.442133,22.0,45.0
2025-08-10,8,2025,Castle Hayne,New Hanover,34.364167,-77.838611,23.0,13.5
2025-08-10,8,2025,Clemmons Middle,Forsyth,36.026612,-80.341962,39.0,51.0
2025-08-10,8,2025,Durham Armory,Durham,36.0329550008979,-78.904037,33.0,29.5
2025-08-10,8,2025,Frying Pan Mountain,Haywood,35.379167,-82.7925,25.0,
2025-08-10,8,2025,Garinger High School,Mecklenburg,35.2401000008895,-80.785683,26.0,31.0
2025-08-10,8,2025,Hattie Avenue,Forsyth,36.11094,-80.224501,36.0,48.0
2025-08-10,8,2025,Leggett,Edgecombe,35.988278,-77.5843,24.0,31.0
2025-08-10,8,2025,Linville Falls,Avery,35.972347,-81.933072,28.0,
2025-08-10,8,2025,Mendenhall School,Guilford,36.1090060008986,-79.802314,32.0,42.0
2025-08-10,8,2025,Millbrook School,Wake,35.856111,-78.574167,28.0,35.0
2025-08-10,8,2025,Old High School,Swain,35.498711,-83.310242,22.0,40.0
2025-08-10,8,2025,Pitt Agri. Center,Pitt,35.6412760008938,-77.360126,24.0,15.0
2025-08-10,8,2025,Rockwell,Rowan,35.551868,-80.395039,26.0,47.0
2025-08-10,8,2025,West Johnston Co.,Johnston,35.59095,-78.4622,27.0,29.0
2025-08-11,8,2025,Bryson City,Swain,35.434767,-83.442133,20.0,24.0
2025-08-11,8,2025,Castle Hayne,New Hanover,34.364167,-77.838611,15.0,9.5
2025-08-11,8,2025,Clemmons Middle,Forsyth,36.026612,-80.341962,24.0,26.0
2025-08-11,8,2025,Durham Armory,Durham,36.0329550008979,-78.904037,25.0,9.5
2025-08-11,8,2025,Frying Pan Mountain,Haywood,35.379167,-82.7925,19.0,2.0
2025-08-11,8,2025,Garinger High School,Mecklenburg,35.2401000008895,-80.785683,17.0,8.5
2025-08-11,8,2025,Hattie Avenue,Forsyth,36.11094,-80.224501,22.0,30.0
2025-08-11,8,2025,Leggett,Edgecombe,35.988278,-77.5843,19.0,22.0
2025-08-11,8,2025,Linville Falls,Avery,35.972347,-81.933072,21.0,10.0
2025-08-11,8,2025,Mendenhall School,Guilford,36.1090060008986,-79.802314,19.0,26.0
2025-08-11,8,2025,Millbrook School,Wake,35.856111,-78.574167,19.0,22.0
2025-08-11,8,2025,Old High School,Swain,35.498711,-83.310242,16.0,21.0
2025-08-11,8,2025,Pitt Agri. Center,Pitt,35.6412760008938,-77.360126,17.0,11.0
2025-08-11,8,2025,Rockwell,Rowan,35.551868,-80.395039,15.0,13.0
2025-08-11,8,2025,West Johnston Co.,Johnston,35.59095,-78.4622,21.0,24.0
2025-08-12,8,2025,Bryson City,Swain,35.434767,-83.442133,16.0,16.0
2025-08-12,8,2025,Castle Hayne,New Hanover,34.364167,-77.838611,10.0,11.0
2025-08-12,8,2025,Clemmons Middle,Forsyth,36.026612,-80.341962,21.0,18.0
2025-08-12,8,2025,Durham Armory,Durham,36.0329550008979,-78.904037,19.0,9.0
2025-08-12,8,2025,Frying Pan Mountain,Haywood,35.379167,-82.7925,23.0,
2025-08-12,8,2025,Garinger High School,Mecklenburg,35.2401000008895,-80.785683,22.0,20.0
2025-08-12,8,2025,Hattie Avenue,Forsyth,36.11094,-80.224501,21.0,21.0
2025-08-12,8,2025,Leggett,Edgecombe,35.988278,-77.5843,19.0,16.0
2025-08-12,8,2025,Linville Falls,Avery,35.972347,-81.933072,19.0,
2025-08-12,8,2025,Mendenhall School,Guilford,36.1090060008986,-79.802314,23.0,17.0
2025-08-12,8,2025,Millbrook School,Wake,35.856111,-78.574167,15.0,22.0
2025-08-12,8,2025,Old High School,Swain,35.498711,-83.310242,19.0,36.5
2025-08-12,8,2025,Pitt Agri. Center,Pitt,35.6412760008938,-77.360126,15.0,8.0
2025-08-12,8,2025,Rockwell,Rowan,35.551868,-80.395039,21.0,23.0
2025-08-12,8,2025,West Johnston Co.,Johnston,35.59095,-78.4622,19.0,17.0
2025-08-13,8,2025,Bryson City,Swain,35.434767,-83.442133,18.0,13.0
2025-08-13,8,2025,Castle Hayne,New Hanover,34.364167,-77.838611,13.0,18.0
2025-08-13,8,2025,Clemmons Middle,Forsyth,36.026612,-80.341962,24.0,26.0
2025-08-13,8,2025,Durham Armory,Durham,36.0329550008979,-78.904037,24.0,11.0
2025-08-13,8,2025,Frying Pan Mountain,Haywood,35.379167,-82.7925,23.0,
2025-08-13,8,2025,Garinger High School,Mecklenburg,35.2401000008895,-80.785683,21.0,27.0
2025-08-13,8,2025,Hattie Avenue,Forsyth,36.11094,-80.224501,24.0,29.0
2025-08-13,8,2025,Leggett,Edgecombe,35.988278,-77.5843,24.0,28.0
2025-08-13,8,2025,Linville Falls,Avery,35.972347,-81.933072,22.0,
2025-08-13,8,2025,Mendenhall School,Guilford,36.1090060008986,-79.802314,24.0,38.0
2025-08-13,8,2025,Millbrook School,Wake,35.856111,-78.574167,22.0,28.0
2025-08-13,8,2025,Old High School,Swain,35.498711,-83.310242,18.0,18.0
2025-08-13,8,2025,Pitt Agri. Center,Pitt,35.6412760008938,-77.360126,23.0,23.0
2025-08-13,8,2025,Rockwell,Rowan,35.551868,-80.395039,25.0,29.0
2025-08-13,8,2025,West Johnston Co.,Johnston,35.59095,-78.4622,36.0,21.0
2025-08-14,8,2025,Bryson City,Swain,35.434767,-83.442133,23.0,17.0
2025-08-14,8,2025,Castle Hayne,New Hanover,34.364167,-77.838611,21.0,17.0
2025-08-14,8,2025,Clemmons Middle,Forsyth,36.026612,-80.341962,27.0,20.0
2025-08-14,8,2025,Durham Armory,Durham,36.0329550008979,-78.904037,29.0,12.5
2025-08-14,8,2025,Frying Pan Mountain,Haywood,35.379167,-82.7925,35.0,
2025-08-14,8,2025,Garinger High School,Mecklenburg,35.2401000008895,-80.785683,31.0,23.5
2025-08-14,8,2025,Hattie Avenue,Forsyth,36.11094,-80.224501,30.0,28.0
2025-08-14,8,2025,Leggett,Edgecombe,35.988278,-77.5843,22.0,42.0
2025-08-14,8,2025,Linville Falls,Avery,35.972347,-81.933072,27.0,19.0
2025-08-14,8,2025,Mendenhall School,Guilford,36.1090060008986,-79.802314,37.0,23.0
2025-08-14,8,2025,Millbrook School,Wake,35.856111,-78.574167,27.0,35.0
2025-08-14,8,2025,Old High School,Swain,35.498711,-83.310242,17.0,23.0
2025-08-14,8,2025,Pitt Agri. Center,Pitt,35.6412760008938,-77.360126,23.0,31.0
2025-08-14,8,2025,Rockwell,Rowan,35.551868,-80.395039,27.0,30.0
2025-08-14,8,2025,West Johnston Co.,Johnston,35.59095,-78.4622,31.0,38.0
2025-08-15,8,2025,Bryson City,Swain,35.434767,-83.442133,30.0,29.0
2025-08-15,8,2025,Castle Hayne,New Hanover,34.364167,-77.838611,20.0,25.0
2025-08-15,8,2025,Clemmons Middle,Forsyth,36.026612,-80.341962,46.0,37.0
2025-08-15,8,2025,Durham Armory,Durham,36.0329550008979,-78.904037,39.0,25.5
2025-08-15,8,2025,Frying Pan Mountain,Haywood,35.379167,-82.7925,43.0,
2025-08-15,8,2025,Garinger High School,Mecklenburg,35.2401000008895,-80.785683,42.0,36.0
2025-08-15,8,2025,Hattie Avenue,Forsyth,36.11094,-80.224501,44.0,42.0
2025-08-15,8,2025,Leggett,Edgecombe,35.988278,-77.5843,30.0,29.0
2025-08-15,8,2025,Linville Falls,Avery,35.972347,-81.933072,29.0,
2025-08-15,8,2025,Mendenhall School,Guilford,36.1090060008986,-79.802314,38.0,33.0
2025-08-15,8,2025,Millbrook School,Wake,35.856111,-78.574167,36.0,43.0
2025-08-15,8,2025,Old High School,Swain,35.498711,-83.310242,26.0,36.0
2025-08-15,8,2025,Pitt Agri. Center,Pitt,35.6412760008938,-77.360126,24.0,24.0
2025-08-15,8,2025,Rockwell,Rowan,35.551868,-80.395039,44.0,37.0
2025-08-15,8,2025,West Johnston Co.,Johnston,35.59095,-78.4622,43.0,39.0
2025-08-16,8,2025,Bryson City,Swain,35.434767,-83.442133,24.0,38.0
2025-08-16,8,2025,Castle Hayne,New Hanover,34.364167,-77.838611,20.0,28.5
2025-08-16,8,2025,Clemmons Middle,Forsyth,36.026612,-80.341962,45.0,51.0
2025-08-16,8,2025,Durham Armory,Durham,36.0329550008979,-78.904037,32.0,27.0
2025-08-16,8,2025,Frying Pan Mountain,Haywood,35.379167,-82.7925,39.0,
2025-08-16,8,2025,Garinger High School,Mecklenburg,35.2401000008895,-80.785683,43.0,51.0
2025-08-16,8,2025,Hattie Avenue,Forsyth,36.11094,-80.224501,45.0,52.0
2025-08-16,8,2025,Leggett,Edgecombe,35.988278,-77.5843,34.0,42.0
2025-08-16,8,2025,Linville Falls,Avery,35.972347,-81.933072,26.0,
2025-08-16,8,2025,Mendenhall School,Guilford,36.1090060008986,-79.802314,36.0,46.0
2025-08-16,8,2025,Millbrook School,Wake,35.856111,-78.574167,30.0,51.0
2025-08-16,8,2025,Old High School,Swain,35.498711,-83.310242,24.0,41.0
2025-08-16,8,2025,Pitt Agri. Center,Pitt,35.6412760008938,-77.360126,31.0,32.0
2025-08-16,8,2025,Rockwell,Rowan,35.551868,-80.395039,38.0,51.0
2025-08-16,8,2025,West Johnston Co.,Johnston,35.59095,-78.4622,32.0,46.0
2025-08-17,8,2025,Bryson City,Swain,35.434767,-83.442133,29.0,45.0
2025-08-17,8,2025,Castle Hayne,New Hanover,34.364167,-77.838611,32.0,40.5
2025-08-17,8,2025,Clemmons Middle,Forsyth,36.026612,-80.341962,37.0,52.5
2025-08-17,8,2025,Durham Armory,Durham,36.0329550008979,-78.904037,39.0,33.5
2025-08-17,8,2025,Frying Pan Mountain,Haywood,35.379167,-82.7925,42.0,38.0
2025-08-17,8,2025,Garinger High School,Mecklenburg,35.2401000008895,-80.785683,45.0,51.5
2025-08-17,8,2025,Hattie Avenue,Forsyth,36.11094,-80.224501,37.0,53.5
2025-08-17,8,2025,Leggett,Edgecombe,35.988278,-77.5843,35.0,46.0
2025-08-17,8,2025,Linville Falls,Avery,35.972347,-81.933072,38.0,51.0
2025-08-17,8,2025,Mendenhall School,Guilford,36.1090060008986,-79.802314,37.0,49.0
2025-08-17,8,2025,Millbrook School,Wake,35.856111,-78.574167,39.0,51.5
2025-08-17,8,2025,Old High School,Swain,35.498711,-83.310242,29.0,46.0
2025-08-17,8,2025,Pitt Agri. Center,Pitt,35.6412760008938,-77.360126,35.0,46.0
2025-08-17,8,2025,Rockwell,Rowan,35.551868,-80.395039,40.0,44.0
2025-08-17,8,2025,West Johnston Co.,Johnston,35.59095,-78.4622,40.0,55.0
2025-08-18,8,2025,Bryson City,Swain,35.434767,-83.442133,30.0,47.0
2025-08-18,8,2025,Castle Hayne,New Hanover,34.364167,-77.838611,35.0,45.0
2025-08-18,8,2025,Clemmons Middle,Forsyth,36.026612,-80.341962,46.0,47.0
2025-08-18,8,2025,Durham Armory,Durham,36.0329550008979,-78.904037,36.0,29.5
2025-08-18,8,2025,Frying Pan Mountain,Haywood,35.379167,-82.7925,38.0,
2025-08-18,8,2025,Garinger High School,Mecklenburg,35.2401000008895,-80.785683,43.0,52.0
2025-08-18,8,2025,Hattie Avenue,Forsyth,36.11094,-80.224501,46.0,51.0
2025-08-18,8,2025,Leggett,Edgecombe,35.988278,-77.5843,38.0,52.0
2025-08-18,8,2025,Linville Falls,Avery,35.972347,-81.933072,32.0,
2025-08-18,8,2025,Mendenhall School,Guilford,36.1090060008986,-79.802314,36.0,48.0
2025-08-18,8,2025,Millbrook School,Wake,35.856111,-78.574167,38.0,53.0
2025-08-18,8,2025,Old High School,Swain,35.498711,-83.310242,30.0,43.0
2025-08-18,8,2025,Pitt Agri. Center,Pitt,35.6412760008938,-77.360126,32.0,53.0
2025-08-18,8,2025,Rockwell,Rowan,35.551868,-80.395039,44.0,49.0
2025-08-18,8,2025,West Johnston Co.,Johnston,35.59095,-78.4622,39.0,52.0
2025-08-19,8,2025,Bryson City,Swain,35.434767,-83.442133,29.0,37.0
2025-08-19,8,2025,Castle Hayne,New Hanover,34.364167,-77.838611,25.0,46.0
2025-08-19,8,2025,Clemmons Middle,Forsyth,36.026612,-80.341962,,36.0
2025-08-19,8,2025,Durham Armory,Durham,36.0329550008979,-78.904037,22.0,10.5
2025-08-19,8,2025,Frying Pan Mountain,Haywood,35.379167,-82.7925,36.0,
2025-08-19,8,2025,Garinger High School,Mecklenburg,35.2401000008895,-80.785683,41.0,42.0
2025-08-19,8,2025,Hattie Avenue,Forsyth,36.11094,-80.224501,35.0,37.0
2025-08-19,8,2025,Leggett,Edgecombe,35.988278,-77.5843,22.0,20.0
2025-08-19,8,2025,Linville Falls,Avery,35.972347,-81.933072,29.0,
2025-08-19,8,2025,Mendenhall School,Guilford,36.1090060008986,-79.802314,25.0,26.0
2025-08-19,8,2025,Millbrook School,Wake,35.856111,-78.574167,22.0,28.0
2025-08-19,8,2025,Old High School,Swain,35.498711,-83.310242,31.0,38.0
2025-08-19,8,2025,Pitt Agri. Center,Pitt,35.6412760008938,-77.360126,20.0,22.0
2025-08-19,8,2025,Rockwell,Rowan,35.551868,-80.395039,36.0,39.0
2025-08-19,8,2025,West Johnston Co.,Johnston,35.59095,-78.4622,25.0,26.0
2025-08-20,8,2025,Bryson City,Swain,35.434767,-83.442133,26.0,27.0
2025-08-20,8,2025,Castle Hayne,New Hanover,34.364167,-77.838611,16.0,23.5
2025-08-20,8,2025,Clemmons Middle,Forsyth,36.026612,-80.341962,36.0,44.0
2025-08-20,8,2025,Durham Armory,Durham,36.0329550008979,-78.904037,29.0,12.5
2025-08-20,8,2025,Frying Pan Mountain,Haywood,35.379167,-82.7925,36.0,29.0
2025-08-20,8,2025,Garinger High School,Mecklenburg,35.2401000008895,-80.785683,41.0,43.0
2025-08-20,8,2025,Hattie Avenue,Forsyth,36.11094,-80.224501,32.0,43.0
2025-08-20,8,2025,Leggett,Edgecombe,35.988278,-77.5843,20.0,23.0
2025-08-20,8,2025,Linville Falls,Avery,35.972347,-81.933072,31.0,38.0
2025-08-20,8,2025,Mendenhall School,Guilford,36.1090060008986,-79.802314,25.0,32.0
2025-08-20,8,2025,Millbrook School,Wake,35.856111,-78.574167,24.0,30.5
2025-08-20,8,2025,Old High School,Swain,35.498711,-83.310242,29.0,30.0
2025-08-20,8,2025,Pitt Agri. Center,Pitt,35.6412760008938,-77.360126,19.0,22.0
2025-08-20,8,2025,Rockwell,Rowan,35.551868,-80.395039,35.0,35.0
2025-08-20,8,2025,West Johnston Co.,Johnston,35.59095,-78.4622,24.0,28.0
2025-08-21,8,2025,Bryson City,Swain,35.434767,-83.442133,29.0,29.0
2025-08-21,8,2025,Castle Hayne,New Hanover,34.364167,-77.838611,23.0,26.0
2025-08-21,8,2025,Clemmons Middle,Forsyth,36.026612,-80.341962,35.0,35.0
2025-08-21,8,2025,Durham Armory,Durham,36.0329550008979,-78.904037,28.0,14.0
2025-08-21,8,2025,Frying Pan Mountain,Haywood,35.379167,-82.7925,32.0,
2025-08-21,8,2025,Garinger High School,Mecklenburg,35.2401000008895,-80.785683,39.0,42.0
2025-08-21,8,2025,Hattie Avenue,Forsyth,36.11094,-80.224501,38.0,35.0
2025-08-21,8,2025,Leggett,Edgecombe,35.988278,-77.5843,25.0,23.0
2025-08-21,8,2025,Linville Falls,Avery,35.972347,-81.933072,24.0,
2025-08-21,8,2025,Mendenhall School,Guilford,36.1090060008986,-79.802314,31.0,25.0
2025-08-21,8,2025,Millbrook School,Wake,35.856111,-78.574167,24.0,31.0
2025-08-21,8,2025,Old High School,Swain,35.498711,-83.310242,23.0,33.0
2025-08-21,8,2025,Pitt Agri. Center,Pitt,35.6412760008938,-77.360126,23.0,23.0
2025-08-21,8,2025,Rockwell,Rowan,35.551868,-80.395039,36.0,36.0
2025-08-21,8,2025,West Johnston Co.,Johnston,35.59095,-78.4622,25.0,31.0
2025-08-22,8,2025,Bryson City,Swain,35.434767,-83.442133,29.0,32.0
2025-08-22,8,2025,Castle Hayne,New Hanover,34.364167,-77.838611,29.0,17.5
2025-08-22,8,2025,Clemmons Middle,Forsyth,36.026612,-80.341962,31.0,24.0
2025-08-22,8,2025,Durham Armory,Durham,36.0329550008979,-78.904037,33.0,10.5
2025-08-22,8,2025,Frying Pan Mountain,Haywood,35.379167,-82.7925,27.0,
2025-08-22,8,2025,Garinger High School,Mecklenburg,35.2401000008895,-80.785683,25.0,16.0
2025-08-22,8,2025,Hattie Avenue,Forsyth,36.11094,-80.224501,32.0,23.0
2025-08-22,8,2025,Leggett,Edgecombe,35.988278,-77.5843,34.0,26.0
2025-08-22,8,2025,Linville Falls,Avery,35.972347,-81.933072,31.0,
2025-08-22,8,2025,Mendenhall School,Guilford,36.1090060008986,-79.802314,27.0,19.0
2025-08-22,8,2025,Millbrook School,Wake,35.856111,-78.574167,28.0,30.0
2025-08-22,8,2025,Old High School,Swain,35.498711,-83.310242,32.0,34.0
2025-08-22,8,2025,Pitt Agri. Center,Pitt,35.6412760008938,-77.360126,34.0,16.0
2025-08-22,8,2025,Rockwell,Rowan,35.551868,-80.395039,27.0,26.0
2025-08-22,8,2025,West Johnston Co.,Johnston,35.59095,-78.4622,30.0,25.0
2025-08-23,8,2025,Bryson City,Swain,35.434767,-83.442133,22.0,30.0
2025-08-23,8,2025,Castle Hayne,New Hanover,34.364167,-77.838611,32.0,18.5
2025-08-23,8,2025,Clemmons Middle,Forsyth,36.026612,-80.341962,31.0,33.0
2025-08-23,8,2025,Durham Armory,Durham,36.0329550008979,-78.904037,40.0,26.0
2025-08-23,8,2025,Frying Pan Mountain,Haywood,35.379167,-82.7925,34.0,12.0
2025-08-23,8,2025,Garinger High School,Mecklenburg,35.2401000008895,-80.785683,31.0,34.5
2025-08-23,8,2025,Hattie Avenue,Forsyth,36.11094,-80.224501,35.0,36.0
2025-08-23,8,2025,Leggett,Edgecombe,35.988278,-77.5843,32.0,29.0
2025-08-23,8,2025,Linville Falls,Avery,35.972347,-81.933072,30.0,28.0
2025-08-23,8,2025,Mendenhall School,Guilford,36.1090060008986,-79.802314,32.0,32.0
2025-08-23,8,2025,Millbrook School,Wake,35.856111,-78.574167,34.0,38.5
2025-08-23,8,2025,Old High School,Swain,35.498711,-83.310242,,25.5
2025-08-23,8,2025,Pitt Agri. Center,Pitt,35.6412760008938,-77.360126,31.0,29.0
2025-08-23,8,2025,Rockwell,Rowan,35.551868,-80.395039,29.0,32.0
2025-08-23,8,2025,West Johnston Co.,Johnston,35.59095,-78.4622,33.0,38.0
2025-08-24,8,2025,Bryson City,Swain,35.434767,-83.442133,29.0,31.0
2025-08-24,8,2025,Castle Hayne,New Hanover,34.364167,-77.838611,24.0,20.0
2025-08-24,8,2025,Clemmons Middle,Forsyth,36.026612,-80.341962,34.0,33.0
2025-08-24,8,2025,Durham Armory,Durham,36.0329550008979,-78.904037,35.0,21.5
2025-08-24,8,2025,Frying Pan Mountain,Haywood,35.379167,-82.7925,31.0,
2025-08-24,8,2025,Garinger High School,Mecklenburg,35.2401000008895,-80.785683,46.0,36.0
2025-08-24,8,2025,Hattie Avenue,Forsyth,36.11094,-80.224501,39.0,39.0
2025-08-24,8,2025,Leggett,Edgecombe,35.988278,-77.5843,27.0,32.0
2025-08-24,8,2025,Linville Falls,Avery,35.972347,-81.933072,30.0,
2025-08-24,8,2025,Mendenhall School,Guilford,36.1090060008986,-79.802314,40.0,44.0
2025-08-24,8,2025,Millbrook School,Wake,35.856111,-78.574167,28.0,41.0
2025-08-24,8,2025,Old High School,Swain,35.498711,-83.310242,,28.0
2025-08-24,8,2025,Pitt Agri. Center,Pitt,35.6412760008938,-77.360126,27.0,27.0
2025-08-24,8,2025,Rockwell,Rowan,35.551868,-80.395039,39.0,35.0
2025-08-24,8,2025,West Johnston Co.,Johnston,35.59095,-78.4622,26.0,38.0
2025-08-25,8,2025,Bryson City,Swain,35.434767,-83.442133,31.0,18.0
2025-08-25,8,2025,Castle Hayne,New Hanover,34.364167,-77.838611,31.0,28.5
2025-08-25,8,2025,Clemmons Middle,Forsyth,36.026612,-80.341962,35.0,27.0
2025-08-25,8,2025,Durham Armory,Durham,36.0329550008979,-78.904037,39.0,27.5
2025-08-25,8,2025,Frying Pan Mountain,Haywood,35.379167,-82.7925,31.0,
2025-08-25,8,2025,Garinger High School,Mecklenburg,35.2401000008895,-80.785683,45.0,32.0
2025-08-25,8,2025,Hattie Avenue,Forsyth,36.11094,-80.224501,37.0,30.0
2025-08-25,8,2025,Leggett,Edgecombe,35.988278,-77.5843,33.0,34.0
2025-08-25,8,2025,Linville Falls,Avery,35.972347,-81.933072,34.0,
2025-08-25,8,2025,Mendenhall School,Guilford,36.1090060008986,-79.802314,37.0,24.0
2025-08-25,8,2025,Millbrook School,Wake,35.856111,-78.574167,38.0,43.0
2025-08-25,8,2025,Old High School,Swain,35.498711,-83.310242,31.0,26.0
2025-08-25,8,2025,Pitt Agri. Center,Pitt,35.6412760008938,-77.360126,36.0,41.0
2025-08-25,8,2025,Rockwell,Rowan,35.551868,-80.395039,37.0,26.0
2025-08-25,8,2025,West Johnston Co.,Johnston,35.59095,-78.4622,43.0,41.0
2025-08-26,8,2025,Bryson City,Swain,35.434767,-83.442133,32.0,22.0
2025-08-26,8,2025,Castle Hayne,New Hanover,34.364167,-77.838611,35.0,38.0
2025-08-26,8,2025,Clemmons Middle,Forsyth,36.026612,-80.341962,37.0,23.0
2025-08-26,8,2025,Durham Armory,Durham,36.0329550008979,-78.904037,38.0,26.0
2025-08-26,8,2025,Frying Pan Mountain,Haywood,35.379167,-82.7925,34.0,17.0
2025-08-26,8,2025,Garinger High School,Mecklenburg,35.2401000008895,-80.785683,41.0,34.0
2025-08-26,8,2025,Hattie Avenue,Forsyth,36.11094,-80.224501,39.0,29.0
2025-08-26,8,2025,Leggett,Edgecombe,35.988278,-77.5843,32.0,31.0
2025-08-26,8,2025,Linville Falls,Avery,35.972347,-81.933072,37.0,24.0
2025-08-26,8,2025,Mendenhall School,Guilford,36.1090060008986,-79.802314,36.0,23.0
2025-08-26,8,2025,Millbrook School,Wake,35.856111,-78.574167,36.0,31.5
2025-08-26,8,2025,Old High School,Swain,35.498711,-83.310242,31.0,17.0
2025-08-26,8,2025,Pitt Agri. Center,Pitt,35.6412760008938,-77.360126,33.0,32.0
2025-08-26,8,2025,Rockwell,Rowan,35.551868,-80.395039,39.0,25.0
2025-08-26,8,2025,West Johnston Co.,Johnston,35.59095,-78.4622,33.0,31.0
2025-08-27,8,2025,Bryson City,Swain,35.434767,-83.442133,33.0,20.0
2025-08-27,8,2025,Castle Hayne,New Hanover,34.364167,-77.838611,38.0,33.0
2025-08-27,8,2025,Clemmons Middle,Forsyth,36.026612,-80.341962,40.0,24.0
2025-08-27,8,2025,Durham Armory,Durham,36.0329550008979,-78.904037,42.0,27.5
2025-08-27,8,2025,Frying Pan Mountain,Haywood,35.379167,-82.7925,34.0,
2025-08-27,8,2025,Garinger High School,Mecklenburg,35.2401000008895,-80.785683,45.0,29.0
2025-08-27,8,2025,Hattie Avenue,Forsyth,36.11094,-80.224501,43.0,29.0
2025-08-27,8,2025,Leggett,Edgecombe,35.988278,-77.5843,39.0,38.0
2025-08-27,8,2025,Linville Falls,Avery,35.972347,-81.933072,37.0,
2025-08-27,8,2025,Mendenhall School,Guilford,36.1090060008986,-79.802314,36.0,24.0
2025-08-27,8,2025,Millbrook School,Wake,35.856111,-78.574167,39.0,26.0
2025-08-27,8,2025,Old High School,Swain,35.498711,-83.310242,30.0,15.0
2025-08-27,8,2025,Pitt Agri. Center,Pitt,35.6412760008938,-77.360126,39.0,33.0
2025-08-27,8,2025,Rockwell,Rowan,35.551868,-80.395039,41.0,24.0
2025-08-27,8,2025,West Johnston Co.,Johnston,35.59095,-78.4622,40.0,39.0
2025-08-28,8,2025,Bryson City,Swain,35.434767,-83.442133,33.0,23.0
2025-08-28,8,2025,Castle Hayne,New Hanover,34.364167,-77.838611,40.0,33.0
2025-08-28,8,2025,Clemmons Middle,Forsyth,36.026612,-80.341962,47.0,43.0
2025-08-28,8,2025,Durham Armory,Durham,36.0329550008979,-78.904037,48.0,34.5
2025-08-28,8,2025,Frying Pan Mountain,Haywood,35.379167,-82.7925,45.0,
2025-08-28,8,2025,Garinger High School,Mecklenburg,35.2401000008895,-80.785683,45.0,46.0
2025-08-28,8,2025,Hattie Avenue,Forsyth,36.11094,-80.224501,54.0,42.0
2025-08-28,8,2025,Leggett,Edgecombe,35.988278,-77.5843,42.0,34.0
2025-08-28,8,2025,Linville Falls,Avery,35.972347,-81.933072,41.0,
2025-08-28,8,2025,Mendenhall School,Guilford,36.1090060008986,-79.802314,45.0,39.0
2025-08-28,8,2025,Millbrook School,Wake,35.856111,-78.574167,44.0,42.0
2025-08-28,8,2025,Old High School,Swain,35.498711,-83.310242,33.0,18.0
2025-08-28,8,2025,Pitt Agri. Center,Pitt,35.6412760008938,-77.360126,40.0,39.0
2025-08-28,8,2025,Rockwell,Rowan,35.551868,-80.395039,44.0,46.0
2025-08-28,8,2025,West Johnston Co.,Johnston,35.59095,-78.4622,42.0,36.0
2025-08-29,8,2025,Bryson City,Swain,35.434767,-83.442133,35.0,32.0
2025-08-29,8,2025,Castle Hayne,New Hanover,34.364167,-77.838611,45.0,42.0
2025-08-29,8,2025,Clemmons Middle,Forsyth,36.026612,-80.341962,42.0,38.5
2025-08-29,8,2025,Durham Armory,Durham,36.0329550008979,-78.904037,44.0,36.0
2025-08-29,8,2025,Frying Pan Mountain,Haywood,35.379167,-82.7925,44.0,21.0
2025-08-29,8,2025,Garinger High School,Mecklenburg,35.2401000008895,-80.785683,49.0,48.5
2025-08-29,8,2025,Hattie Avenue,Forsyth,36.11094,-80.224501,44.0,45.0
2025-08-29,8,2025,Leggett,Edgecombe,35.988278,-77.5843,41.0,41.0
2025-08-29,8,2025,Linville Falls,Avery,35.972347,-81.933072,39.0,23.0
2025-08-29,8,2025,Mendenhall School,Guilford,36.1090060008986,-79.802314,44.0,38.0
2025-08-29,8,2025,Millbrook School,Wake,35.856111,-78.574167,43.0,44.0
2025-08-29,8,2025,Old High School,Swain,35.498711,-83.310242,29.0,23.5
2025-08-29,8,2025,Pitt Agri. Center,Pitt,35.6412760008938,-77.360126,43.0,41.0
2025-08-29,8,2025,Rockwell,Rowan,35.551868,-80.395039,46.0,40.0
2025-08-29,8,2025,West Johnston Co.,Johnston,35.59095,-78.4622,46.0,48.0
2025-08-30,8,2025,Bryson City,Swain,35.434767,-83.442133,33.0,41.0
2025-08-30,8,2025,Castle Hayne,New Hanover,34.364167,-77.838611,37.0,41.5
2025-08-30,8,2025,Clemmons Middle,Forsyth,36.026612,-80.341962,44.0,36.0
2025-08-30,8,2025,Durham Armory,Durham,36.0329550008979,-78.904037,42.0,33.0
2025-08-30,8,2025,Frying Pan Mountain,Haywood,35.379167,-82.7925,41.0,
2025-08-30,8,2025,Garinger High School,Mecklenburg,35.2401000008895,-80.785683,44.0,52.0
2025-08-30,8,2025,Hattie Avenue,Forsyth,36.11094,-80.224501,43.0,39.0
2025-08-30,8,2025,Leggett,Edgecombe,35.988278,-77.5843,38.0,31.0
2025-08-30,8,2025,Linville Falls,Avery,35.972347,-81.933072,32.0,
2025-08-30,8,2025,Mendenhall School,Guilford,36.1090060008986,-79.802314,39.0,36.0
2025-08-30,8,2025,Millbrook School,Wake,35.856111,-78.574167,39.0,43.0
2025-08-30,8,2025,Old High School,Swain,35.498711,-83.310242,28.0,23.0
2025-08-30,8,2025,Pitt Agri. Center,Pitt,35.6412760008938,-77.360126,38.0,43.0
2025-08-30,8,2025,Rockwell,Rowan,35.551868,-80.395039,42.0,42.0
2025-08-30,8,2025,West Johnston Co.,Johnston,35.59095,-78.4622,42.0,45.0
2025-08-31,8,2025,Bryson City,Swain,35.434767,-83.442133,32.0,36.0
2025-08-31,8,2025,Castle Hayne,New Hanover,34.364167,-77.838611,37.0,23.5
2025-08-31,8,2025,Clemmons Middle,Forsyth,36.026612,-80.341962,41.0,34.0
2025-08-31,8,2025,Durham Armory,Durham,36.0329550008979,-78.904037,40.0,26.5
2025-08-31,8,2025,Frying Pan Mountain,Haywood,35.379167,-82.7925,31.0,
2025-08-31,8,2025,Garinger High School,Mecklenburg,35.2401000008895,-80.785683,37.0,40.0
2025-08-31,8,2025,Hattie Avenue,Forsyth,36.11094,-80.224501,43.0,34.0
2025-08-31,8,2025,Leggett,Edgecombe,35.988278,-77.5843,40.0,27.0
2025-08-31,8,2025,Linville Falls,Avery,35.972347,-81.933072,31.0,
2025-08-31,8,2025,Mendenhall School,Guilford,36.1090060008986,-79.802314,36.0,27.0
2025-08-31,8,2025,Millbrook School,Wake,35.856111,-78.574167,38.0,28.0
2025-08-31,8,2025,Old High School,Swain,35.498711,-83.310242,31.0,27.0
2025-08-31,8,2025,Pitt Agri. Center,Pitt,35.6412760008938,-77.360126,42.0,16.0
2025-08-31,8,2025,Rockwell,Rowan,35.551868,-80.395039,37.0,28.0
2025-08-31,8,2025,West Johnston Co.,Johnston,35.59095,-78.4622,38.0,23.0
2025-09-01,9,2025,Bryson City,Swain,35.434767,-83.442133,31.0,38.0
2025-09-01,9,2025,Castle Hayne,New Hanover,34.364167,-77.838611,31.0,19.5
2025-09-01,9,2025,Clemmons Middle,Forsyth,36.026612,-80.341962,40.0,26.5
2025-09-01,9,2025,Durham Armory,Durham,36.0329550008979,-78.904037,37.0,23.0
2025-09-01,9,2025,Frying Pan Mountain,Haywood,35.379167,-82.7925,39.0,22.0
2025-09-01,9,2025,Garinger High School,Mecklenburg,35.2401000008895,-80.785683,39.0,30.5
2025-09-01,9,2025,Hattie Avenue,Forsyth,36.11094,-80.224501,40.0,25.5
2025-09-01,9,2025,Leggett,Edgecombe,35.988278,-77.5843,34.0,21.0
2025-09-01,9,2025,Linville Falls,Avery,35.972347,-81.933072,36.0,21.0
2025-09-01,9,2025,Mendenhall School,Guilford,36.1090060008986,-79.802314,34.0,22.0
2025-09-01,9,2025,Millbrook School,Wake,35.856111,-78.574167,31.0,23.5
2025-09-01,9,2025,Old High School,Swain,35.498711,-83.310242,24.0,26.0
2025-09-01,9,2025,Pitt Agri. Center,Pitt,35.6412760008938,-77.360126,32.0,18.0
2025-09-01,9,2025,Rockwell,Rowan,35.551868,-80.395039,38.0,24.0
2025-09-01,9,2025,West Johnston Co.,Johnston,35.59095,-78.4622,33.0,31.0
2025-09-02,9,2025,Bryson City,Swain,35.434767,-83.442133,29.0,31.0
2025-09-02,9,2025,Castle Hayne,New Hanover,34.364167,-77.838611,30.0,20.0
2025-09-02,9,2025,Clemmons Middle,Forsyth,36.026612,-80.341962,44.0,24.0
2025-09-02,9,2025,Durham Armory,Durham,36.0329550008979,-78.904037,39.0,25.5
2025-09-02,9,2025,Frying Pan Mountain,Haywood,35.379167,-82.7925,35.0,
2025-09-02,9,2025,Garinger High School,Mecklenburg,35.2401000008895,-80.785683,43.0,34.0
2025-09-02,9,2025,Hattie Avenue,Forsyth,36.11094,-80.224501,44.0,23.0
2025-09-02,9,2025,Leggett,Edgecombe,35.988278,-77.5843,31.0,21.0
2025-09-02,9,2025,Linville Falls,Avery,35.972347,-81.933072,31.0,
2025-09-02,9,2025,Mendenhall School,Guilford,36.1090060008986,-79.802314,36.0,22.0
2025-09-02,9,2025,Millbrook School,Wake,35.856111,-78.574167,35.0,23.0
2025-09-02,9,2025,Old High School,Swain,35.498711,-83.310242,24.0,23.0
2025-09-02,9,2025,Pitt Agri. Center,Pitt,35.6412760008938,-77.360126,31.0,14.0
2025-09-02,9,2025,Rockwell,Rowan,35.551868,-80.395039,42.0,27.0
2025-09-02,9,2025,West Johnston Co.,Johnston,35.59095,-78.4622,35.0,21.0
2025-09-03,9,2025,Bryson City,Swain,35.434767,-83.442133,30.0,30.0
2025-09-03,9,2025,Castle Hayne,New Hanover,34.364167,-77.838611,39.0,27.5
2025-09-03,9,2025,Clemmons Middle,Forsyth,36.026612,-80.341962,45.0,35.0
2025-09-03,9,2025,Durham Armory,Durham,36.0329550008979,-78.904037,47.0,30.5
2025-09-03,9,2025,Frying Pan Mountain,Haywood,35.379167,-82.7925,36.0,
2025-09-03,9,2025,Garinger High School,Mecklenburg,35.2401000008895,-80.785683,47.0,50.0
2025-09-03,9,2025,Hattie Avenue,Forsyth,36.11094,-80.224501,45.0,37.0
2025-09-03,9,2025,Leggett,Edgecombe,35.988278,-77.5843,42.0,29.0
2025-09-03,9,2025,Linville Falls,Avery,35.972347,-81.933072,29.0,
2025-09-03,9,2025,Mendenhall School,Guilford,36.1090060008986,-79.802314,46.0,33.0
2025-09-03,9,2025,Millbrook School,Wake,35.856111,-78.574167,44.0,34.0
2025-09-03,9,2025,Old High School,Swain,35.498711,-83.310242,27.0,22.0
2025-09-03,9,2025,Pitt Agri. Center,Pitt,35.6412760008938,-77.360126,39.0,23.0
2025-09-03,9,2025,Rockwell,Rowan,35.551868,-80.395039,50.0,51.0
2025-09-03,9,2025,West Johnston Co.,Johnston,35.59095,-78.4622,42.0,38.0
2025-09-04,9,2025,Bryson City,Swain,35.434767,-83.442133,29.0,30.0
2025-09-04,9,2025,Castle Hayne,New Hanover,34.364167,-77.838611,44.0,28.5
2025-09-04,9,2025,Clemmons Middle,Forsyth,36.026612,-80.341962,38.0,45.5
2025-09-04,9,2025,Durham Armory,Durham,36.0329550008979,-78.904037,45.0,42.0
2025-09-04,9,2025,Frying Pan Mountain,Haywood,35.379167,-82.7925,36.0,31.0
2025-09-04,9,2025,Garinger High School,Mecklenburg,35.2401000008895,-80.785683,38.0,50.0
2025-09-04,9,2025,Hattie Avenue,Forsyth,36.11094,-80.224501,41.0,51.0
2025-09-04,9,2025,Leggett,Edgecombe,35.988278,-77.5843,44.0,50.0
2025-09-04,9,2025,Linville Falls,Avery,35.972347,-81.933072,27.0,26.0
2025-09-04,9,2025,Mendenhall School,Guilford,36.1090060008986,-79.802314,43.0,52.0
2025-09-04,9,2025,Millbrook School,Wake,35.856111,-78.574167,44.0,50.0
2025-09-04,9,2025,Old High School,Swain,35.498711,-83.310242,28.0,31.0
2025-09-04,9,2025,Pitt Agri. Center,Pitt,35.6412760008938,-77.360126,42.0,31.0
2025-09-04,9,2025,Rockwell,Rowan,35.551868,-80.395039,43.0,51.0
2025-09-04,9,2025,West Johnston Co.,Johnston,35.59095,-78.4622,47.0,52.0
2025-09-05,9,2025,Bryson City,Swain,35.434767,-83.442133,27.0,50.0
2025-09-05,9,2025,Castle Hayne,New Hanover,34.364167,-77.838611,38.0,20.0
2025-09-05,9,2025,Clemmons Middle,Forsyth,36.026612,-80.341962,41.0,51.0
2025-09-05,9,2025,Durham Armory,Durham,36.0329550008979,-78.904037,44.0,47.0
2025-09-05,9,2025,Frying Pan Mountain,Haywood,35.379167,-82.7925,41.0,
2025-09-05,9,2025,Garinger High School,Mecklenburg,35.2401000008895,-80.785683,42.0,54.0
2025-09-05,9,2025,Hattie Avenue,Forsyth,36.11094,-80.224501,46.0,55.0
2025-09-05,9,2025,Leggett,Edgecombe,35.988278,-77.5843,44.0,50.0
2025-09-05,9,2025,Linville Falls,Avery,35.972347,-81.933072,31.0,
2025-09-05,9,2025,Mendenhall School,Guilford,36.1090060008986,-79.802314,47.0,54.0
2025-09-05,9,2025,Millbrook School,Wake,35.856111,-78.574167,43.0,54.0
2025-09-05,9,2025,Old High School,Swain,35.498711,-83.310242,24.0,43.0
2025-09-05,9,2025,Pitt Agri. Center,Pitt,35.6412760008938,-77.360126,42.0,39.0
2025-09-05,9,2025,Rockwell,Rowan,35.551868,-80.395039,49.0,52.0
2025-09-05,9,2025,West Johnston Co.,Johnston,35.59095,-78.4622,43.0,52.0
2025-09-06,9,2025,Bryson City,Swain,35.434767,-83.442133,28.0,27.0
2025-09-06,9,2025,Castle Hayne,New Hanover,34.364167,-77.838611,31.0,10.5
2025-09-06,9,2025,Clemmons Middle,Forsyth,36.026612,-80.341962,34.0,59.0
2025-09-06,9,2025,Durham Armory,Durham,36.0329550008979,-78.904037,39.0,47.0
2025-09-06,9,2025,Frying Pan Mountain,Haywood,35.379167,-82.7925,44.0,
2025-09-06,9,2025,Garinger High School,Mecklenburg,35.2401000008895,-80.785683,36.0,54.0
2025-09-06,9,2025,Hattie Avenue,Forsyth,36.11094,-80.224501,36.0,61.0
2025-09-06,9,2025,Leggett,Edgecombe,35.988278,-77.5843,41.0,53.0
2025-09-06,9,2025,Linville Falls,Avery,35.972347,-81.933072,34.0,
2025-09-06,9,2025,Mendenhall School,Guilford,36.1090060008986,-79.802314,37.0,56.0
2025-09-06,9,2025,Millbrook School,Wake,35.856111,-78.574167,41.0,55.0
2025-09-06,9,2025,Old High School,Swain,35.498711,-83.310242,26.0,34.0
2025-09-06,9,2025,Pitt Agri. Center,Pitt,35.6412760008938,-77.360126,36.0,35.0
2025-09-06,9,2025,Rockwell,Rowan,35.551868,-80.395039,37.0,57.0
2025-09-06,9,2025,West Johnston Co.,Johnston,35.59095,-78.4622,40.0,51.0
2025-09-07,9,2025,Bryson City,Swain,35.434767,-83.442133,29.0,18.0
2025-09-07,9,2025,Castle Hayne,New Hanover,34.364167,-77.838611,27.0,30.0
2025-09-07,9,2025,Clemmons Middle,Forsyth,36.026612,-80.341962,25.0,39.0
2025-09-07,9,2025,Durham Armory,Durham,36.0329550008979,-78.904037,25.0,33.5
2025-09-07,9,2025,Frying Pan Mountain,Haywood,35.379167,-82.7925,33.0,14.0
2025-09-07,9,2025,Garinger High School,Mecklenburg,35.2401000008895,-80.785683,27.0,36.0
2025-09-07,9,2025,Hattie Avenue,Forsyth,36.11094,-80.224501,27.0,39.5
2025-09-07,9,2025,Leggett,Edgecombe,35.988278,-77.5843,26.0,52.0
2025-09-07,9,2025,Linville Falls,Avery,35.972347,-81.933072,30.0,19.0
2025-09-07,9,2025,Mendenhall School,Guilford,36.1090060008986,-79.802314,21.0,24.0
2025-09-07,9,2025,Millbrook School,Wake,35.856111,-78.574167,22.0,42.5
2025-09-07,9,2025,Old High School,Swain,35.498711,-83.310242,28.0,21.0
2025-09-07,9,2025,Pitt Agri. Center,Pitt,35.6412760008938,-77.360126,24.0,46.0
2025-09-07,9,2025,Rockwell,Rowan,35.551868,-80.395039,24.0,32.0
2025-09-07,9,2025,West Johnston Co.,Johnston,35.59095,-78.4622,21.0,42.0
2025-09-08,9,2025,Bryson City,Swain,35.434767,-83.442133,31.0,21.0
2025-09-08,9,2025,Castle Hayne,New Hanover,34.364167,-77.838611,33.0,32.0
2025-09-08,9,2025,Clemmons Middle,Forsyth,36.026612,-80.341962,40.0,26.0
2025-09-08,9,2025,Durham Armory,Durham,36.0329550008979,-78.904037,40.0,23.5
2025-09-08,9,2025,Frying Pan Mountain,Haywood,35.379167,-82.7925,38.0,
2025-09-08,9,2025,Garinger High School,Mecklenburg,35.2401000008895,-80.785683,40.0,28.0
2025-09-08,9,2025,Hattie Avenue,Forsyth,36.11094,-80.224501,41.0,24.0
2025-09-08,9,2025,Leggett,Edgecombe,35.988278,-77.5843,40.0,28.0
2025-09-08,9,2025,Linville Falls,Avery,35.972347,-81.933072,34.0,
2025-09-08,9,2025,Mendenhall School,Guilford,36.1090060008986,-79.802314,35.0,22.0
2025-09-08,9,2025,Millbrook School,Wake,35.856111,-78.574167,38.0,27.0
2025-09-08,9,2025,Old High School,Swain,35.498711,-83.310242,30.0,20.0
2025-09-08,9,2025,Pitt Agri. Center,Pitt,35.6412760008938,-77.360126,41.0,37.0
2025-09-08,9,2025,Rockwell,Rowan,35.551868,-80.395039,39.0,26.0
2025-09-08,9,2025,West Johnston Co.,Johnston,35.59095,-78.4622,38.0,24.0
2025-09-09,9,2025,Bryson City,Swain,35.434767,-83.442133,32.0,28.0
2025-09-09,9,2025,Castle Hayne,New Hanover,34.364167,-77.838611,28.0,27.0
2025-09-09,9,2025,Clemmons Middle,Forsyth,36.026612,-80.341962,45.0,23.0
2025-09-09,9,2025,Durham Armory,Durham,36.0329550008979,-78.904037,37.0,25.5
2025-09-09,9,2025,Frying Pan Mountain,Haywood,35.379167,-82.7925,39.0,
2025-09-09,9,2025,Garinger High School,Mecklenburg,35.2401000008895,-80.785683,48.0,29.0
2025-09-09,9,2025,Hattie Avenue,Forsyth,36.11094,-80.224501,46.0,22.0
2025-09-09,9,2025,Leggett,Edgecombe,35.988278,-77.5843,29.0,31.0
2025-09-09,9,2025,Linville Falls,Avery,35.972347,-81.933072,34.0,
2025-09-09,9,2025,Mendenhall School,Guilford,36.1090060008986,-79.802314,39.0,24.0
2025-09-09,9,2025,Millbrook School,Wake,35.856111,-78.574167,32.0,33.0
2025-09-09,9,2025,Old High School,Swain,35.498711,-83.310242,31.0,22.0
2025-09-09,9,2025,Pitt Agri. Center,Pitt,35.6412760008938,-77.360126,30.0,25.0
2025-09-09,9,2025,Rockwell,Rowan,35.551868,-80.395039,45.0,24.0
2025-09-09,9,2025,West Johnston Co.,Johnston,35.59095,-78.4622,31.0,29.0
2025-09-10,9,2025,Bryson City,Swain,35.434767,-83.442133,36.0,28.0
2025-09-10,9,2025,Castle Hayne,New Hanover,34.364167,-77.838611,19.0,16.0
2025-09-10,9,2025,Clemmons Middle,Forsyth,36.026612,-80.341962,40.0,35.0
2025-09-10,9,2025,Durham Armory,Durham,36.0329550008979,-78.904037,29.0,24.0
2025-09-10,9,2025,Frying Pan Mountain,Haywood,35.379167,-82.7925,42.0,22.0
2025-09-10,9,2025,Garinger High School,Mecklenburg,35.2401000008895,-80.785683,43.0,35.5
2025-09-10,9,2025,Hattie Avenue,Forsyth,36.11094,-80.224501,41.0,27.0
2025-09-10,9,2025,Leggett,Edgecombe,35.988278,-77.5843,20.0,20.0
2025-09-10,9,2025,Linville Falls,Avery,35.972347,-81.933072,39.0,19.0
2025-09-10,9,2025,Mendenhall School,Guilford,36.1090060008986,-79.802314,38.0,28.0
2025-09-10,9,2025,Millbrook School,Wake,35.856111,-78.574167,20.0,18.5
2025-09-10,9,2025,Old High School,Swain,35.498711,-83.310242,32.0,26.5
2025-09-10,9,2025,Pitt Agri. Center,Pitt,35.6412760008938,-77.360126,18.0,18.0
2025-09-10,9,2025,Rockwell,Rowan,35.551868,-80.395039,40.0,25.0
2025-09-10,9,2025,West Johnston Co.,Johnston,35.59095,-78.4622,20.0,14.0
2025-09-11,9,2025,Bryson City,Swain,35.434767,-83.442133,35.0,34.0
2025-09-11,9,2025,Castle Hayne,New Hanover,34.364167,-77.838611,17.0,21.0
2025-09-11,9,2025,Clemmons Middle,Forsyth,36.026612,-80.341962,44.0,29.0
2025-09-11,9,2025,Durham Armory,Durham,36.0329550008979,-78.904037,34.0,26.0
2025-09-11,9,2025,Frying Pan Mountain,Haywood,35.379167,-82.7925,47.0,
2025-09-11,9,2025,Garinger High School,Mecklenburg,35.2401000008895,-80.785683,47.0,40.0
2025-09-11,9,2025,Hattie Avenue,Forsyth,36.11094,-80.224501,46.0,31.0
2025-09-11,9,2025,Leggett,Edgecombe,35.988278,-77.5843,21.0,28.0
2025-09-11,9,2025,Linville Falls,Avery,35.972347,-81.933072,43.0,
2025-09-11,9,2025,Mendenhall School,Guilford,36.1090060008986,-79.802314,35.0,26.0
2025-09-11,9,2025,Millbrook School,Wake,35.856111,-78.574167,28.0,31.0
2025-09-11,9,2025,Old High School,Swain,35.498711,-83.310242,,28.0
2025-09-11,9,2025,Pitt Agri. Center,Pitt,35.6412760008938,-77.360126,20.0,17.0
2025-09-11,9,2025,Rockwell,Rowan,35.551868,-80.395039,47.0,26.0
2025-09-11,9,2025,West Johnston Co.,Johnston,35.59095,-78.4622,24.0,25.0
2025-09-12,9,2025,Bryson City,Swain,35.434767,-83.442133,35.0,39.0
2025-09-12,9,2025,Castle Hayne,New Hanover,34.364167,-77.838611,43.0,35.0
2025-09-12,9,2025,Clemmons Middle,Forsyth,36.026612,-80.341962,49.0,34.0
2025-09-12,9,2025,Durham Armory,Durham,36.0329550008979,-78.904037,47.0,50.0
2025-09-12,9,2025,Frying Pan Mountain,Haywood,35.379167,-82.7925,49.0,
2025-09-12,9,2025,Garinger High School,Mecklenburg,35.2401000008895,-80.785683,48.0,50.0
2025-09-12,9,2025,Hattie Avenue,Forsyth,36.11094,-80.224501,50.0,39.0
2025-09-12,9,2025,Leggett,Edgecombe,35.988278,-77.5843,46.0,37.0
2025-09-12,9,2025,Linville Falls,Avery,35.972347,-81.933072,40.0,
2025-09-12,9,2025,Mendenhall School,Guilford,36.1090060008986,-79.802314,42.0,39.0
2025-09-12,9,2025,Millbrook School,Wake,35.856111,-78.574167,44.0,33.0
2025-09-12,9,2025,Old High School,Swain,35.498711,-83.310242,,32.0
2025-09-12,9,2025,Pitt Agri. Center,Pitt,35.6412760008938,-77.360126,44.0,32.0
2025-09-12,9,2025,Rockwell,Rowan,35.551868,-80.395039,46.0,41.0
2025-09-12,9,2025,West Johnston Co.,Johnston,35.59095,-78.4622,41.0,33.0
2025-09-13,9,2025,Bryson City,Swain,35.434767,-83.442133,37.0,34.0
2025-09-13,9,2025,Castle Hayne,New Hanover,34.364167,-77.838611,31.0,36.0
2025-09-13,9,2025,Clemmons Middle,Forsyth,36.026612,-80.341962,45.0,37.0
2025-09-13,9,2025,Durham Armory,Durham,36.0329550008979,-78.904037,44.0,42.0
2025-09-13,9,2025,Frying Pan Mountain,Haywood,35.379167,-82.7925,48.0,30.0
2025-09-13,9,2025,Garinger High School,Mecklenburg,35.2401000008895,-80.785683,44.0,52.5
2025-09-13,9,2025,Hattie Avenue,Forsyth,36.11094,-80.224501,46.0,43.0
2025-09-13,9,2025,Leggett,Edgecombe,35.988278,-77.5843,43.0,32.0
2025-09-13,9,2025,Linville Falls,Avery,35.972347,-81.933072,41.0,31.0
2025-09-13,9,2025,Mendenhall School,Guilford,36.1090060008986,-79.802314,43.0,42.0
2025-09-13,9,2025,Millbrook School,Wake,35.856111,-78.574167,42.0,39.0
2025-09-13,9,2025,Old High School,Swain,35.498711,-83.310242,,28.0
2025-09-13,9,2025,Pitt Agri. Center,Pitt,35.6412760008938,-77.360126,39.0,31.0
2025-09-13,9,2025,Rockwell,Rowan,35.551868,-80.395039,43.0,43.0
2025-09-13,9,2025,West Johnston Co.,Johnston,35.59095,-78.4622,42.0,42.0
2025-09-14,9,2025,Bryson City,Swain,35.434767,-83.442133,31.0,42.0
2025-09-14,9,2025,Castle Hayne,New Hanover,34.364167,-77.838611,36.0,34.0
2025-09-14,9,2025,Clemmons Middle,Forsyth,36.026612,-80.341962,49.0,47.0
2025-09-14,9,2025,Durham Armory,Durham,36.0329550008979,-78.904037,43.0,51.0
2025-09-14,9,2025,Frying Pan Mountain,Haywood,35.379167,-82.7925,47.0,
2025-09-14,9,2025,Garinger High School,Mecklenburg,35.2401000008895,-80.785683,48.0,53.0
2025-09-14,9,2025,Hattie Avenue,Forsyth,36.11094,-80.224501,61.0,51.0
2025-09-14,9,2025,Leggett,Edgecombe,35.988278,-77.5843,42.0,48.0
2025-09-14,9,2025,Linville Falls,Avery,35.972347,-81.933072,41.0,
2025-09-14,9,2025,Mendenhall School,Guilford,36.1090060008986,-79.802314,44.0,46.0
2025-09-14,9,2025,Millbrook School,Wake,35.856111,-78.574167,39.0,49.0
2025-09-14,9,2025,Old High School,Swain,35.498711,-83.310242,,31.0
2025-09-14,9,2025,Pitt Agri. Center,Pitt,35.6412760008938,-77.360126,41.0,39.0
2025-09-14,9,2025,Rockwell,Rowan,35.551868,-80.395039,48.0,44.0
2025-09-14,9,2025,West Johnston Co.,Johnston,35.59095,-78.4622,41.0,49.0
2025-09-15,9,2025,Bryson City,Swain,35.434767,-83.442133,36.0,40.0
2025-09-15,9,2025,Castle Hayne,New Hanover,34.364167,-77.838611,36.0,45.0
2025-09-15,9,2025,Clemmons Middle,Forsyth,36.026612,-80.341962,44.0,51.0
2025-09-15,9,2025,Durham Armory,Durham,36.0329550008979,-78.904037,44.0,52.0
2025-09-15,9,2025,Frying Pan Mountain,Haywood,35.379167,-82.7925,45.0,
2025-09-15,9,2025,Garinger High School,Mecklenburg,35.2401000008895,-80.785683,48.0,52.0
2025-09-15,9,2025,Hattie Avenue,Forsyth,36.11094,-80.224501,46.0,54.0
2025-09-15,9,2025,Leggett,Edgecombe,35.988278,-77.5843,40.0,44.0
2025-09-15,9,2025,Linville Falls,Avery,35.972347,-81.933072,40.0,
2025-09-15,9,2025,Mendenhall School,Guilford,36.1090060008986,-79.802314,37.0,47.0
2025-09-15,9,2025,Millbrook School,Wake,35.856111,-78.574167,42.0,51.0
2025-09-15,9,2025,Old High School,Swain,35.498711,-83.310242,28.0,39.0
2025-09-15,9,2025,Pitt Agri. Center,Pitt,35.6412760008938,-77.360126,37.0,31.0
2025-09-15,9,2025,Rockwell,Rowan,35.551868,-80.395039,44.0,49.0
2025-09-15,9,2025,West Johnston Co.,Johnston,35.59095,-78.4622,41.0,43.0
2025-09-16,9,2025,Bryson City,Swain,35.434767,-83.442133,41.0,48.0
2025-09-16,9,2025,Castle Hayne,New Hanover,34.364167,-77.838611,31.0,41.0
2025-09-16,9,2025,Clemmons Middle,Forsyth,36.026612,-80.341962,41.0,39.0
2025-09-16,9,2025,Durham Armory,Durham,36.0329550008979,-78.904037,40.0,40.0
2025-09-16,9,2025,Frying Pan Mountain,Haywood,35.379167,-82.7925,44.0,38.0
2025-09-16,9,2025,Garinger High School,Mecklenburg,35.2401000008895,-80.785683,45.0,40.0
2025-09-16,9,2025,Hattie Avenue,Forsyth,36.11094,-80.224501,43.0,41.0
2025-09-16,9,2025,Leggett,Edgecombe,35.988278,-77.5843,31.0,40.0
2025-09-16,9,2025,Linville Falls,Avery,35.972347,-81.933072,31.0,36.0
2025-09-16,9,2025,Mendenhall School,Guilford,36.1090060008986,-79.802314,38.0,33.0
2025-09-16,9,2025,Millbrook School,Wake,35.856111,-78.574167,35.0,36.5
2025-09-16,9,2025,Old High School,Swain,35.498711,-83.310242,34.0,41.0
2025-09-16,9,2025,Pitt Agri. Center,Pitt,35.6412760008938,-77.360126,29.0,18.0
2025-09-16,9,2025,Rockwell,Rowan,35.551868,-80.395039,44.0,34.0
2025-09-16,9,2025,West Johnston Co.,Johnston,35.59095,-78.4622,37.0,29.0
2025-09-17,9,2025,Bryson City,Swain,35.434767,-83.442133,40.0,39.0
2025-09-17,9,2025,Castle Hayne,New Hanover,34.364167,-77.838611,39.0,40.0
2025-09-17,9,2025,Clemmons Middle,Forsyth,36.026612,-80.341962,39.0,39.0
2025-09-17,9,2025,Durham Armory,Durham,36.0329550008979,-78.904037,30.0,29.0
2025-09-17,9,2025,Frying Pan Mountain,Haywood,35.379167,-82.7925,44.0,
2025-09-17,9,2025,Garinger High School,Mecklenburg,35.2401000008895,-80.785683,46.0,47.0
2025-09-17,9,2025,Hattie Avenue,Forsyth,36.11094,-80.224501,42.0,41.0
2025-09-17,9,2025,Leggett,Edgecombe,35.988278,-77.5843,25.0,17.0
2025-09-17,9,2025,Linville Falls,Avery,35.972347,-81.933072,38.0,
2025-09-17,9,2025,Mendenhall School,Guilford,36.1090060008986,-79.802314,32.0,33.0
2025-09-17,9,2025,Millbrook School,Wake,35.856111,-78.574167,27.0,25.0
2025-09-17,9,2025,Old High School,Swain,35.498711,-83.310242,35.0,38.0
2025-09-17,9,2025,Pitt Agri. Center,Pitt,35.6412760008938,-77.360126,27.0,17.0
2025-09-17,9,2025,Rockwell,Rowan,35.551868,-80.395039,44.0,47.0
2025-09-17,9,2025,West Johnston Co.,Johnston,35.59095,-78.4622,35.0,28.0
2025-09-18,9,2025,Bryson City,Swain,35.434767,-83.442133,38.0,38.0
2025-09-18,9,2025,Castle Hayne,New Hanover,34.364167,-77.838611,33.0,21.0
2025-09-18,9,2025,Clemmons Middle,Forsyth,36.026612,-80.341962,41.0,27.0
2025-09-18,9,2025,Durham Armory,Durham,36.0329550008979,-78.904037,35.0,26.0
2025-09-18,9,2025,Frying Pan Mountain,Haywood,35.379167,-82.7925,44.0,
2025-09-18,9,2025,Garinger High School,Mecklenburg,35.2401000008895,-80.785683,64.0,52.0
2025-09-18,9,2025,Hattie Avenue,Forsyth,36.11094,-80.224501,45.0,30.0
2025-09-18,9,2025,Leggett,Edgecombe,35.988278,-77.5843,26.0,
2025-09-18,9,2025,Linville Falls,Avery,35.972347,-81.933072,37.0,
2025-09-18,9,2025,Mendenhall School,Guilford,36.1090060008986,-79.802314,41.0,16.0
2025-09-18,9,2025,Millbrook School,Wake,35.856111,-78.574167,33.0,22.0
2025-09-18,9,2025,Old High School,Swain,35.498711,-83.310242,38.0,33.0
2025-09-18,9,2025,Pitt Agri. Center,Pitt,35.6412760008938,-77.360126,25.0,19.0
2025-09-18,9,2025,Rockwell,Rowan,35.551868,-80.395039,45.0,39.0
2025-09-18,9,2025,West Johnston Co.,Johnston,35.59095,-78.4622,41.0,23.0
2025-09-19,9,2025,Bryson City,Swain,35.434767,-83.442133,36.0,32.0
2025-09-19,9,2025,Castle Hayne,New Hanover,34.364167,-77.838611,42.0,37.5
2025-09-19,9,2025,Clemmons Middle,Forsyth,36.026612,-80.341962,77.0,47.0
2025-09-19,9,2025,Durham Armory,Durham,36.0329550008979,-78.904037,67.0,51.0
2025-09-19,9,2025,Frying Pan Mountain,Haywood,35.379167,-82.7925,51.0,32.0
2025-09-19,9,2025,Garinger High School,Mecklenburg,35.2401000008895,-80.785683,67.0,57.0
2025-09-19,9,2025,Hattie Avenue,Forsyth,36.11094,-80.224501,87.0,51.5
2025-09-19,9,2025,Leggett,Edgecombe,35.988278,-77.5843,47.0,
2025-09-19,9,2025,Linville Falls,Avery,35.972347,-81.933072,34.0,34.0
2025-09-19,9,2025,Mendenhall School,Guilford,36.1090060008986,-79.802314,74.0,46.0
2025-09-19,9,2025,Millbrook School,Wake,35.856111,-78.574167,67.0,48.5
2025-09-19,9,2025,Old High School,Swain,35.498711,-83.310242,34.0,33.0
2025-09-19,9,2025,Pitt Agri. Center,Pitt,35.6412760008938,-77.360126,45.0,16.0
2025-09-19,9,2025,Rockwell,Rowan,35.551868,-80.395039,58.0,53.0
2025-09-19,9,2025,West Johnston Co.,Johnston,35.59095,-78.4622,49.0,54.0
2025-09-20,9,2025,Bryson City,Swain,35.434767,-83.442133,32.0,32.0
2025-09-20,9,2025,Castle Hayne,New Hanover,34.364167,-77.838611,39.0,32.5
2025-09-20,9,2025,Clemmons Middle,Forsyth,36.026612,-80.341962,61.0,55.0
2025-09-20,9,2025,Durham Armory,Durham,36.0329550008979,-78.904037,50.0,57.0
2025-09-20,9,2025,Frying Pan Mountain,Haywood,35.379167,-82.7925,50.0,
2025-09-20,9,2025,Garinger High School,Mecklenburg,35.2401000008895,-80.785683,77.0,59.0
2025-09-20,9,2025,Hattie Avenue,Forsyth,36.11094,-80.224501,61.0,55.0
2025-09-20,9,2025,Leggett,Edgecombe,35.988278,-77.5843,49.0,
2025-09-20,9,2025,Linville Falls,Avery,35.972347,-81.933072,44.0,
2025-09-20,9,2025,Mendenhall School,Guilford,36.1090060008986,-79.802314,47.0,52.0
2025-09-20,9,2025,Millbrook School,Wake,35.856111,-78.574167,47.0,54.0
2025-09-20,9,2025,Old High School,Swain,35.498711,-83.310242,28.0,31.0
2025-09-20,9,2025,Pitt Agri. Center,Pitt,35.6412760008938,-77.360126,49.0,7.0
2025-09-20,9,2025,Rockwell,Rowan,35.551868,-80.395039,58.0,56.0
2025-09-20,9,2025,West Johnston Co.,Johnston,35.59095,-78.4622,49.0,52.0
2025-09-21,9,2025,Bryson City,Swain,35.434767,-83.442133,34.0,43.0
2025-09-21,9,2025,Castle Hayne,New Hanover,34.364167,-77.838611,40.0,46.5
2025-09-21,9,2025,Clemmons Middle,Forsyth,36.026612,-80.341962,47.0,55.0
2025-09-21,9,2025,Durham Armory,Durham,36.0329550008979,-78.904037,47.0,56.0
2025-09-21,9,2025,Frying Pan Mountain,Haywood,35.379167,-82.7925,37.0,
2025-09-21,9,2025,Garinger High School,Mecklenburg,35.2401000008895,-80.785683,48.0,57.0
2025-09-21,9,2025,Hattie Avenue,Forsyth,36.11094,-80.224501,49.0,57.0
2025-09-21,9,2025,Leggett,Edgecombe,35.988278,-77.5843,40.0,3.0
2025-09-21,9,2025,Linville Falls,Avery,35.972347,-81.933072,43.0,
2025-09-21,9,2025,Mendenhall School,Guilford,36.1090060008986,-79.802314,41.0,53.0
2025-09-21,9,2025,Millbrook School,Wake,35.856111,-78.574167,43.0,54.0
2025-09-21,9,2025,Old High School,Swain,35.498711,-83.310242,36.0,36.0
2025-09-21,9,2025,Pitt Agri. Center,Pitt,35.6412760008938,-77.360126,37.0,6.0
2025-09-21,9,2025,Rockwell,Rowan,35.551868,-80.395039,44.0,54.0
2025-09-21,9,2025,West Johnston Co.,Johnston,35.59095,-78.4622,43.0,54.0
2025-09-22,9,2025,Bryson City,Swain,35.434767,-83.442133,34.0,52.0
2025-09-22,9,2025,Castle Hayne,New Hanover,34.364167,-77.838611,23.0,32.5
2025-09-22,9,2025,Clemmons Middle,Forsyth,36.026612,-80.341962,44.0,53.5
2025-09-22,9,2025,Durham Armory,Durham,36.0329550008979,-78.904037,46.0,50.0
2025-09-22,9,2025,Frying Pan Mountain,Haywood,35.379167,-82.7925,38.0,38.0
2025-09-22,9,2025,Garinger High School,Mecklenburg,35.2401000008895,-80.785683,45.0,55.0
2025-09-22,9,2025,Hattie Avenue,Forsyth,36.11094,-80.224501,49.0,55.5
2025-09-22,9,2025,Leggett,Edgecombe,35.988278,-77.5843,36.0,
2025-09-22,9,2025,Linville Falls,Avery,35.972347,-81.933072,43.0,47.0
2025-09-22,9,2025,Mendenhall School,Guilford,36.1090060008986,-79.802314,45.0,48.0
2025-09-22,9,2025,Millbrook School,Wake,35.856111,-78.574167,42.0,38.0
2025-09-22,9,2025,Old High School,Swain,35.498711,-83.310242,33.0,47.0
2025-09-22,9,2025,Pitt Agri. Center,Pitt,35.6412760008938,-77.360126,35.0,6.0
2025-09-22,9,2025,Rockwell,Rowan,35.551868,-80.395039,40.0,52.0
2025-09-22,9,2025,West Johnston Co.,Johnston,35.59095,-78.4622,41.0,34.0
2025-09-23,9,2025,Bryson City,Swain,35.434767,-83.442133,31.0,52.0
2025-09-23,9,2025,Castle Hayne,New Hanover,34.364167,-77.838611,29.0,17.5
2025-09-23,9,2025,Clemmons Middle,Forsyth,36.026612,-80.341962,54.0,56.0
2025-09-23,9,2025,Durham Armory,Durham,36.0329550008979,-78.904037,48.0,55.0
2025-09-23,9,2025,Frying Pan Mountain,Haywood,35.379167,-82.7925,36.0,
2025-09-23,9,2025,Garinger High School,Mecklenburg,35.2401000008895,-80.785683,49.0,55.0
2025-09-23,9,2025,Hattie Avenue,Forsyth,36.11094,-80.224501,64.0,58.0
2025-09-23,9,2025,Leggett,Edgecombe,35.988278,-77.5843,41.0,
2025-09-23,9,2025,Linville Falls,Avery,35.972347,-81.933072,33.0,
2025-09-23,9,2025,Mendenhall School,Guilford,36.1090060008986,-79.802314,51.0,52.0
2025-09-23,9,2025,Millbrook School,Wake,35.856111,-78.574167,48.0,46.0
2025-09-23,9,2025,Old High School,Swain,35.498711,-83.310242,33.0,49.5
2025-09-23,9,2025,Pitt Agri. Center,Pitt,35.6412760008938,-77.360126,35.0,8.0
2025-09-23,9,2025,Rockwell,Rowan,35.551868,-80.395039,80.0,55.0
2025-09-23,9,2025,West Johnston Co.,Johnston,35.59095,-78.4622,45.0,43.0
2025-09-24,9,2025,Bryson City,Swain,35.434767,-83.442133,22.0,51.0
2025-09-24,9,2025,Castle Hayne,New Hanover,34.364167,-77.838611,26.0,10.5
2025-09-24,9,2025,Clemmons Middle,Forsyth,36.026612,-80.341962,48.0,56.0
2025-09-24,9,2025,Durham Armory,Durham,36.0329550008979,-78.904037,45.0,57.0
2025-09-24,9,2025,Frying Pan Mountain,Haywood,35.379167,-82.7925,37.0,
2025-09-24,9,2025,Garinger High School,Mecklenburg,35.2401000008895,-80.785683,42.0,56.0
2025-09-24,9,2025,Hattie Avenue,Forsyth,36.11094,-80.224501,54.0,59.0
2025-09-24,9,2025,Leggett,Edgecombe,35.988278,-77.5843,41.0,
2025-09-24,9,2025,Linville Falls,Avery,35.972347,-81.933072,31.0,
2025-09-24,9,2025,Mendenhall School,Guilford,36.1090060008986,-79.802314,58.0,54.0
2025-09-24,9,2025,Millbrook School,Wake,35.856111,-78.574167,43.0,44.0
2025-09-24,9,2025,Old High School,Swain,35.498711,-83.310242,,44.0
2025-09-24,9,2025,Pitt Agri. Center,Pitt,35.6412760008938,-77.360126,32.0,19.0
2025-09-24,9,2025,Rockwell,Rowan,35.551868,-80.395039,46.0,57.0
2025-09-24,9,2025,West Johnston Co.,Johnston,35.59095,-78.4622,44.0,43.0
2025-09-25,9,2025,Bryson City,Swain,35.434767,-83.442133,25.0,14.0
2025-09-25,9,2025,Castle Hayne,New Hanover,34.364167,-77.838611,31.0,16.0
2025-09-25,9,2025,Clemmons Middle,Forsyth,36.026612,-80.341962,31.0,41.0
2025-09-25,9,2025,Durham Armory,Durham,36.0329550008979,-78.904037,34.0,42.0
2025-09-25,9,2025,Frying Pan Mountain,Haywood,35.379167,-82.7925,32.0,11.0
2025-09-25,9,2025,Garinger High School,Mecklenburg,35.2401000008895,-80.785683,33.0,40.5
2025-09-25,9,2025,Hattie Avenue,Forsyth,36.11094,-80.224501,32.0,43.5
2025-09-25,9,2025,Leggett,Edgecombe,35.988278,-77.5843,35.0,
2025-09-25,9,2025,Linville Falls,Avery,35.972347,-81.933072,27.0,19.0
2025-09-25,9,2025,Mendenhall School,Guilford,36.1090060008986,-79.802314,33.0,52.0
2025-09-25,9,2025,Millbrook School,Wake,35.856111,-78.574167,34.0,40.0
2025-09-25,9,2025,Old High School,Swain,35.498711,-83.310242,24.0,19.0
2025-09-25,9,2025,Pitt Agri. Center,Pitt,35.6412760008938,-77.360126,32.0,36.0
2025-09-25,9,2025,Rockwell,Rowan,35.551868,-80.395039,34.0,47.0
2025-09-25,9,2025,West Johnston Co.,Johnston,35.59095,-78.4622,,50.0
2025-09-26,9,2025,Bryson City,Swain,35.434767,-83.442133,26.0,16.0
2025-09-26,9,2025,Castle Hayne,New Hanover,34.364167,-77.838611,27.0,22.5
2025-09-26,9,2025,Clemmons Middle,Forsyth,36.026612,-80.341962,34.0,31.0
2025-09-26,9,2025,Durham Armory,Durham,36.0329550008979,-78.904037,34.0,28.0
2025-09-26,9,2025,Frying Pan Mountain,Haywood,35.379167,-82.7925,30.0,
2025-09-26,9,2025,Garinger High School,Mecklenburg,35.2401000008895,-80.785683,31.0,26.0
2025-09-26,9,2025,Hattie Avenue,Forsyth,36.11094,-80.224501,37.0,26.0
2025-09-26,9,2025,Leggett,Edgecombe,35.988278,-77.5843,41.0,22.0
2025-09-26,9,2025,Linville Falls,Avery,35.972347,-81.933072,29.0,
2025-09-26,9,2025,Mendenhall School,Guilford,36.1090060008986,-79.802314,28.0,27.0
2025-09-26,9,2025,Millbrook School,Wake,35.856111,-78.574167,37.0,41.0
2025-09-26,9,2025,Old High School,Swain,35.498711,-83.310242,28.0,25.0
2025-09-26,9,2025,Pitt Agri. Center,Pitt,35.6412760008938,-77.360126,35.0,35.0
2025-09-26,9,2025,Rockwell,Rowan,35.551868,-80.395039,28.0,28.0
2025-09-26,9,2025,West Johnston Co.,Johnston,35.59095,-78.4622,31.0,51.0
2025-09-27,9,2025,Bryson City,Swain,35.434767,-83.442133,27.0,13.0
2025-09-27,9,2025,Castle Hayne,New Hanover,34.364167,-77.838611,14.0,22.5
2025-09-27,9,2025,Clemmons Middle,Forsyth,36.026612,-80.341962,33.0,17.0
2025-09-27,9,2025,Durham Armory,Durham,36.0329550008979,-78.904037,29.0,23.0
2025-09-27,9,2025,Frying Pan Mountain,Haywood,35.379167,-82.7925,35.0,
2025-09-27,9,2025,Garinger High School,Mecklenburg,35.2401000008895,-80.785683,34.0,28.0
2025-09-27,9,2025,Hattie Avenue,Forsyth,36.11094,-80.224501,39.0,17.0
2025-09-27,9,2025,Leggett,Edgecombe,35.988278,-77.5843,20.0,48.0
2025-09-27,9,2025,Linville Falls,Avery,35.972347,-81.933072,29.0,
2025-09-27,9,2025,Mendenhall School,Guilford,36.1090060008986,-79.802314,36.0,8.0
2025-09-27,9,2025,Millbrook School,Wake,35.856111,-78.574167,30.0,27.0
2025-09-27,9,2025,Old High School,Swain,35.498711,-83.310242,27.0,26.0
2025-09-27,9,2025,Pitt Agri. Center,Pitt,35.6412760008938,-77.360126,20.0,33.0
2025-09-27,9,2025,Rockwell,Rowan,35.551868,-80.395039,26.0,37.0
2025-09-27,9,2025,West Johnston Co.,Johnston,35.59095,-78.4622,24.0,32.0
2025-09-28,9,2025,Bryson City,Swain,35.434767,-83.442133,31.0,22.0
2025-09-28,9,2025,Castle Hayne,New Hanover,34.364167,-77.838611,21.0,32.5
2025-09-28,9,2025,Clemmons Middle,Forsyth,36.026612,-80.341962,40.0,26.0
2025-09-28,9,2025,Durham Armory,Durham,36.0329550008979,-78.904037,37.0,29.0
2025-09-28,9,2025,Frying Pan Mountain,Haywood,35.379167,-82.7925,38.0,14.0
2025-09-28,9,2025,Garinger High School,Mecklenburg,35.2401000008895,-80.785683,36.0,28.5
2025-09-28,9,2025,Hattie Avenue,Forsyth,36.11094,-80.224501,41.0,28.5
2025-09-28,9,2025,Leggett,Edgecombe,35.988278,-77.5843,31.0,24.0
2025-09-28,9,2025,Linville Falls,Avery,35.972347,-81.933072,29.0,21.0
2025-09-28,9,2025,Mendenhall School,Guilford,36.1090060008986,-79.802314,32.0,21.0
2025-09-28,9,2025,Millbrook School,Wake,35.856111,-78.574167,35.0,33.5
2025-09-28,9,2025,Old High School,Swain,35.498711,-83.310242,30.0,28.5
2025-09-28,9,2025,Pitt Agri. Center,Pitt,35.6412760008938,-77.360126,27.0,24.0
2025-09-28,9,2025,Rockwell,Rowan,35.551868,-80.395039,33.0,21.0
2025-09-28,9,2025,West Johnston Co.,Johnston,35.59095,-78.4622,33.0,27.0
2025-09-29,9,2025,Bryson City,Swain,35.434767,-83.442133,37.0,22.0
2025-09-29,9,2025,Castle Hayne,New Hanover,34.364167,-77.838611,18.0,18.5
2025-09-29,9,2025,Clemmons Middle,Forsyth,36.026612,-80.341962,37.0,37.0
2025-09-29,9,2025,Durham Armory,Durham,36.0329550008979,-78.904037,28.0,36.0
2025-09-29,9,2025,Frying Pan Mountain,Haywood,35.379167,-82.7925,36.0,
2025-09-29,9,2025,Garinger High School,Mecklenburg,35.2401000008895,-80.785683,29.0,30.0
2025-09-29,9,2025,Hattie Avenue,Forsyth,36.11094,-80.224501,39.0,38.0
2025-09-29,9,2025,Leggett,Edgecombe,35.988278,-77.5843,31.0,30.0
2025-09-29,9,2025,Linville Falls,Avery,35.972347,-81.933072,35.0,
2025-09-29,9,2025,Mendenhall School,Guilford,36.1090060008986,-79.802314,29.0,33.0
2025-09-29,9,2025,Millbrook School,Wake,35.856111,-78.574167,23.0,41.0
2025-09-29,9,2025,Old High School,Swain,35.498711,-83.310242,31.0,22.0
2025-09-29,9,2025,Pitt Agri. Center,Pitt,35.6412760008938,-77.360126,25.0,27.0
2025-09-29,9,2025,Rockwell,Rowan,35.551868,-80.395039,29.0,32.0
2025-09-29,9,2025,West Johnston Co.,Johnston,35.59095,-78.4622,24.0,33.0
2025-09-30,9,2025,Bryson City,Swain,35.434767,-83.442133,19.0,8.0
2025-09-30,9,2025,Castle Hayne,New Hanover,34.364167,-77.838611,28.0,31.5
2025-09-30,9,2025,Clemmons Middle,Forsyth,36.026612,-80.341962,37.0,39.0
2025-09-30,9,2025,Durham Armory,Durham,36.0329550008979,-78.904037,,53.0
2025-09-30,9,2025,Frying Pan Mountain,Haywood,35.379167,-82.7925,39.0,
2025-09-30,9,2025,Garinger High School,Mecklenburg,35.2401000008895,-80.785683,40.0,39.0
2025-09-30,9,2025,Hattie Avenue,Forsyth,36.11094,-80.224501,39.0,41.0
2025-09-30,9,2025,Leggett,Edgecombe,35.988278,-77.5843,33.0,44.0
2025-09-30,9,2025,Linville Falls,Avery,35.972347,-81.933072,29.0,
2025-09-30,9,2025,Mendenhall School,Guilford,36.1090060008986,-79.802314,33.0,35.0
2025-09-30,9,2025,Millbrook School,Wake,35.856111,-78.574167,29.0,55.0
2025-09-30,9,2025,Old High School,Swain,35.498711,-83.310242,19.0,17.0
2025-09-30,9,2025,Pitt Agri. Center,Pitt,35.6412760008938,-77.360126,36.0,33.0
2025-09-30,9,2025,Rockwell,Rowan,35.551868,-80.395039,40.0,39.0
2025-09-30,9,2025,West Johnston Co.,Johnston,35.59095,-78.4622,31.0,52.0
2025-10-01,10,2025,Bryson City,Swain,35.434767,-83.442133,25.0,13.0
2025-10-01,10,2025,Castle Hayne,New Hanover,34.364167,-77.838611,31.0,51.5
2025-10-01,10,2025,Clemmons Middle,Forsyth,36.026612,-80.341962,41.0,52.0
2025-10-01,10,2025,Durham Armory,Durham,36.0329550008979,-78.904037,,50.0
2025-10-01,10,2025,Frying Pan Mountain,Haywood,35.379167,-82.7925,45.0,
2025-10-01,10,2025,Garinger High School,Mecklenburg,35.2401000008895,-80.785683,44.0,45.0
2025-10-01,10,2025,Hattie Avenue,Forsyth,36.11094,-80.224501,41.0,47.0
2025-10-01,10,2025,Leggett,Edgecombe,35.988278,-77.5843,31.0,37.0
2025-10-01,10,2025,Linville Falls,Avery,35.972347,-81.933072,41.0,
2025-10-01,10,2025,Mendenhall School,Guilford,36.1090060008986,-79.802314,33.0,36.0
2025-10-01,10,2025,Millbrook School,Wake,35.856111,-78.574167,31.0,46.5
2025-10-01,10,2025,Old High School,Swain,35.498711,-83.310242,25.0,21.0
2025-10-01,10,2025,Pitt Agri. Center,Pitt,35.6412760008938,-77.360126,32.0,40.0
2025-10-01,10,2025,Rockwell,Rowan,35.551868,-80.395039,41.0,
2025-10-01,10,2025,West Johnston Co.,Johnston,35.59095,-78.4622,31.0,39.0
2025-10-02,10,2025,Bryson City,Swain,35.434767,-83.442133,30.0,32.0
2025-10-02,10,2025,Castle Hayne,New Hanover,34.364167,-77.838611,25.0,29.0
2025-10-02,10,2025,Clemmons Middle,Forsyth,36.026612,-80.341962,38.0,33.0
2025-10-02,10,2025,Durham Armory,Durham,36.0329550008979,-78.904037,31.0,31.0
2025-10-02,10,2025,Frying Pan Mountain,Haywood,35.379167,-82.7925,40.0,
2025-10-02,10,2025,Garinger High School,Mecklenburg,35.2401000008895,-80.785683,35.0,37.0
2025-10-02,10,2025,Hattie Avenue,Forsyth,36.11094,-80.224501,38.0,34.0
2025-10-02,10,2025,Leggett,Edgecombe,35.988278,-77.5843,30.0,18.0
2025-10-02,10,2025,Linville Falls,Avery,35.972347,-81.933072,38.0,
2025-10-02,10,2025,Mendenhall School,Guilford,36.1090060008986,-79.802314,30.0,
2025-10-02,10,2025,Millbrook School,Wake,35.856111,-78.574167,31.0,31.0
2025-10-02,10,2025,Old High School,Swain,35.498711,-83.310242,32.0,31.0
2025-10-02,10,2025,Pitt Agri. Center,Pitt,35.6412760008938,-77.360126,29.0,26.0
2025-10-02,10,2025,Rockwell,Rowan,35.551868,-80.395039,32.0,
2025-10-02,10,2025,West Johnston Co.,Johnston,35.59095,-78.4622,30.0,23.0
2025-10-03,10,2025,Bryson City,Swain,35.434767,-83.442133,31.0,32.0
2025-10-03,10,2025,Castle Hayne,New Hanover,34.364167,-77.838611,27.0,27.5
2025-10-03,10,2025,Clemmons Middle,Forsyth,36.026612,-80.341962,36.0,24.0
2025-10-03,10,2025,Durham Armory,Durham,36.0329550008979,-78.904037,33.0,32.0
2025-10-03,10,2025,Frying Pan Mountain,Haywood,35.379167,-82.7925,44.0,
2025-10-03,10,2025,Garinger High School,Mecklenburg,35.2401000008895,-80.785683,35.0,32.0
2025-10-03,10,2025,Hattie Avenue,Forsyth,36.11094,-80.224501,35.0,28.0
2025-10-03,10,2025,Leggett,Edgecombe,35.988278,-77.5843,33.0,22.0
2025-10-03,10,2025,Linville Falls,Avery,35.972347,-81.933072,29.0,
2025-10-03,10,2025,Mendenhall School,Guilford,36.1090060008986,-79.802314,31.0,
2025-10-03,10,2025,Millbrook School,Wake,35.856111,-78.574167,31.0,31.0
2025-10-03,10,2025,Old High School,Swain,35.498711,-83.310242,31.0,24.0
2025-10-03,10,2025,Pitt Agri. Center,Pitt,35.6412760008938,-77.360126,32.0,23.0
2025-10-03,10,2025,Rockwell,Rowan,35.551868,-80.395039,33.0,
2025-10-03,10,2025,West Johnston Co.,Johnston,35.59095,-78.4622,33.0,
2025-10-04,10,2025,Bryson City,Swain,35.434767,-83.442133,27.0,39.0
2025-10-04,10,2025,Castle Hayne,New Hanover,34.364167,-77.838611,28.0,19.0
2025-10-04,10,2025,Clemmons Middle,Forsyth,36.026612,-80.341962,41.0,39.0
2025-10-04,10,2025,Durham Armory,Durham,36.0329550008979,-78.904037,42.0,36.0
2025-10-04,10,2025,Frying Pan Mountain,Haywood,35.379167,-82.7925,36.0,
2025-10-04,10,2025,Garinger High School,Mecklenburg,35.2401000008895,-80.785683,34.0,48.5
2025-10-04,10,2025,Hattie Avenue,Forsyth,36.11094,-80.224501,46.0,43.5
2025-10-04,10,2025,Leggett,Edgecombe,35.988278,-77.5843,32.0,23.0
2025-10-04,10,2025,Linville Falls,Avery,35.972347,-81.933072,34.0,
2025-10-04,10,2025,Mendenhall School,Guilford,36.1090060008986,-79.802314,41.0,
2025-10-04,10,2025,Millbrook School,Wake,35.856111,-78.574167,35.0,37.0
2025-10-04,10,2025,Old High School,Swain,35.498711,-83.310242,24.0,23.5
2025-10-04,10,2025,Pitt Agri. Center,Pitt,35.6412760008938,-77.360126,31.0,25.0
2025-10-04,10,2025,Rockwell,Rowan,35.551868,-80.395039,33.0,
2025-10-04,10,2025,West Johnston Co.,Johnston,35.59095,-78.4622,33.0,
2025-10-05,10,2025,Bryson City,Swain,35.434767,-83.442133,28.0,22.0
2025-10-05,10,2025,Castle Hayne,New Hanover,34.364167,-77.838611,34.0,15.0
2025-10-05,10,2025,Clemmons Middle,Forsyth,36.026612,-80.341962,31.0,38.0
2025-10-05,10,2025,Durham Armory,Durham,36.0329550008979,-78.904037,31.0,35.0
2025-10-05,10,2025,Frying Pan Mountain,Haywood,35.379167,-82.7925,28.0,
2025-10-05,10,2025,Garinger High School,Mecklenburg,35.2401000008895,-80.785683,30.0,35.0
2025-10-05,10,2025,Hattie Avenue,Forsyth,36.11094,-80.224501,34.0,30.0
2025-10-05,10,2025,Leggett,Edgecombe,35.988278,-77.5843,31.0,18.0
2025-10-05,10,2025,Linville Falls,Avery,35.972347,-81.933072,29.0,
2025-10-05,10,2025,Mendenhall School,Guilford,36.1090060008986,-79.802314,31.0,
2025-10-05,10,2025,Millbrook School,Wake,35.856111,-78.574167,31.0,30.0
2025-10-05,10,2025,Old High School,Swain,35.498711,-83.310242,27.0,14.0
2025-10-05,10,2025,Pitt Agri. Center,Pitt,35.6412760008938,-77.360126,31.0,22.0
2025-10-05,10,2025,Rockwell,Rowan,35.551868,-80.395039,29.0,
2025-10-05,10,2025,West Johnston Co.,Johnston,35.59095,-78.4622,31.0,
2025-10-06,10,2025,Bryson City,Swain,35.434767,-83.442133,28.0,13.0
2025-10-06,10,2025,Castle Hayne,New Hanover,34.364167,-77.838611,31.0,14.0
2025-10-06,10,2025,Clemmons Middle,Forsyth,36.026612,-80.341962,38.0,33.0
2025-10-06,10,2025,Durham Armory,Durham,36.0329550008979,-78.904037,42.0,29.0
2025-10-06,10,2025,Frying Pan Mountain,Haywood,35.379167,-82.7925,26.0,
2025-10-06,10,2025,Garinger High School,Mecklenburg,35.2401000008895,-80.785683,27.0,34.0
2025-10-06,10,2025,Hattie Avenue,Forsyth,36.11094,-80.224501,43.0,28.0
2025-10-06,10,2025,Leggett,Edgecombe,35.988278,-77.5843,34.0,17.0
2025-10-06,10,2025,Linville Falls,Avery,35.972347,-81.933072,33.0,
2025-10-06,10,2025,Mendenhall School,Guilford,36.1090060008986,-79.802314,34.0,
2025-10-06,10,2025,Millbrook School,Wake,35.856111,-78.574167,35.0,27.0
2025-10-06,10,2025,Old High School,Swain,35.498711,-83.310242,27.0,13.0
2025-10-06,10,2025,Pitt Agri. Center,Pitt,35.6412760008938,-77.360126,33.0,14.0
2025-10-06,10,2025,Rockwell,Rowan,35.551868,-80.395039,27.0,
2025-10-06,10,2025,West Johnston Co.,Johnston,35.59095,-78.4622,35.0,
2025-10-07,10,2025,Bryson City,Swain,35.434767,-83.442133,23.0,18.0
2025-10-07,10,2025,Castle Hayne,New Hanover,34.364167,-77.838611,31.0,12.0
2025-10-07,10,2025,Clemmons Middle,Forsyth,36.026612,-80.341962,32.0,26.0
2025-10-07,10,2025,Durham Armory,Durham,36.0329550008979,-78.904037,35.0,27.0
2025-10-07,10,2025,Frying Pan Mountain,Haywood,35.379167,-82.7925,24.0,
2025-10-07,10,2025,Garinger High School,Mecklenburg,35.2401000008895,-80.785683,31.0,21.0
2025-10-07,10,2025,Hattie Avenue,Forsyth,36.11094,-80.224501,33.0,29.0
2025-10-07,10,2025,Leggett,Edgecombe,35.988278,-77.5843,31.0,14.0
2025-10-07,10,2025,Linville Falls,Avery,35.972347,-81.933072,30.0,
2025-10-07,10,2025,Mendenhall School,Guilford,36.1090060008986,-79.802314,31.0,19.0
2025-10-07,10,2025,Millbrook School,Wake,35.856111,-78.574167,31.0,27.5
2025-10-07,10,2025,Old High School,Swain,35.498711,-83.310242,22.0,17.0
2025-10-07,10,2025,Pitt Agri. Center,Pitt,35.6412760008938,-77.360126,29.0,18.0
2025-10-07,10,2025,Rockwell,Rowan,35.551868,-80.395039,30.0,
2025-10-07,10,2025,West Johnston Co.,Johnston,35.59095,-78.4622,31.0,
2025-10-08,10,2025,Bryson City,Swain,35.434767,-83.442133,26.0,22.0
2025-10-08,10,2025,Castle Hayne,New Hanover,34.364167,-77.838611,25.0,22.5
2025-10-08,10,2025,Clemmons Middle,Forsyth,36.026612,-80.341962,31.0,18.0
2025-10-08,10,2025,Durham Armory,Durham,36.0329550008979,-78.904037,31.0,23.0
2025-10-08,10,2025,Frying Pan Mountain,Haywood,35.379167,-82.7925,32.0,
2025-10-08,10,2025,Garinger High School,Mecklenburg,35.2401000008895,-80.785683,28.0,19.0
2025-10-08,10,2025,Hattie Avenue,Forsyth,36.11094,-80.224501,32.0,20.0
2025-10-08,10,2025,Leggett,Edgecombe,35.988278,-77.5843,25.0,19.0
2025-10-08,10,2025,Linville Falls,Avery,35.972347,-81.933072,31.0,
2025-10-08,10,2025,Mendenhall School,Guilford,36.1090060008986,-79.802314,30.0,15.0
2025-10-08,10,2025,Millbrook School,Wake,35.856111,-78.574167,30.0,23.0
2025-10-08,10,2025,Old High School,Swain,35.498711,-83.310242,28.0,23.0
2025-10-08,10,2025,Pitt Agri. Center,Pitt,35.6412760008938,-77.360126,24.0,25.0
2025-10-08,10,2025,Rockwell,Rowan,35.551868,-80.395039,29.0,18.0
2025-10-08,10,2025,West Johnston Co.,Johnston,35.59095,-78.4622,28.0,19.0
2025-10-09,10,2025,Bryson City,Swain,35.434767,-83.442133,29.0,27.0
2025-10-09,10,2025,Castle Hayne,New Hanover,34.364167,-77.838611,31.0,27.5
2025-10-09,10,2025,Clemmons Middle,Forsyth,36.026612,-80.341962,38.0,21.0
2025-10-09,10,2025,Durham Armory,Durham,36.0329550008979,-78.904037,38.0,21.0
2025-10-09,10,2025,Frying Pan Mountain,Haywood,35.379167,-82.7925,37.0,
2025-10-09,10,2025,Garinger High School,Mecklenburg,35.2401000008895,-80.785683,40.0,23.0
2025-10-09,10,2025,Hattie Avenue,Forsyth,36.11094,-80.224501,38.0,20.0
2025-10-09,10,2025,Leggett,Edgecombe,35.988278,-77.5843,34.0,19.0
2025-10-09,10,2025,Linville Falls,Avery,35.972347,-81.933072,35.0,
2025-10-09,10,2025,Mendenhall School,Guilford,36.1090060008986,-79.802314,34.0,17.0
2025-10-09,10,2025,Millbrook School,Wake,35.856111,-78.574167,35.0,19.0
2025-10-09,10,2025,Old High School,Swain,35.498711,-83.310242,30.0,18.0
2025-10-09,10,2025,Pitt Agri. Center,Pitt,35.6412760008938,-77.360126,35.0,21.0
2025-10-09,10,2025,Rockwell,Rowan,35.551868,-80.395039,39.0,15.0
2025-10-09,10,2025,West Johnston Co.,Johnston,35.59095,-78.4622,35.0,22.0
2025-10-10,10,2025,Bryson City,Swain,35.434767,-83.442133,34.0,28.0
2025-10-10,10,2025,Castle Hayne,New Hanover,34.364167,-77.838611,31.0,28.0
2025-10-10,10,2025,Clemmons Middle,Forsyth,36.026612,-80.341962,34.0,22.0
2025-10-10,10,2025,Durham Armory,Durham,36.0329550008979,-78.904037,35.0,24.0
2025-10-10,10,2025,Frying Pan Mountain,Haywood,35.379167,-82.7925,38.0,
2025-10-10,10,2025,Garinger High School,Mecklenburg,35.2401000008895,-80.785683,31.0,26.5
2025-10-10,10,2025,Hattie Avenue,Forsyth,36.11094,-80.224501,33.0,27.0
2025-10-10,10,2025,Leggett,Edgecombe,35.988278,-77.5843,33.0,19.0
2025-10-10,10,2025,Linville Falls,Avery,35.972347,-81.933072,35.0,
2025-10-10,10,2025,Mendenhall School,Guilford,36.1090060008986,-79.802314,30.0,19.0
2025-10-10,10,2025,Millbrook School,Wake,35.856111,-78.574167,34.0,26.0
2025-10-10,10,2025,Old High School,Swain,35.498711,-83.310242,34.0,23.0
2025-10-10,10,2025,Pitt Agri. Center,Pitt,35.6412760008938,-77.360126,33.0,21.0
2025-10-10,10,2025,Rockwell,Rowan,35.551868,-80.395039,31.0,17.0
2025-10-10,10,2025,West Johnston Co.,Johnston,35.59095,-78.4622,34.0,23.0
2025-10-11,10,2025,Bryson City,Swain,35.434767,-83.442133,30.0,35.0
2025-10-11,10,2025,Castle Hayne,New Hanover,34.364167,-77.838611,30.0,15.5
2025-10-11,10,2025,Clemmons Middle,Forsyth,36.026612,-80.341962,31.0,24.0
2025-10-11,10,2025,Durham Armory,Durham,36.0329550008979,-78.904037,29.0,27.0
2025-10-11,10,2025,Frying Pan Mountain,Haywood,35.379167,-82.7925,39.0,
2025-10-11,10,2025,Garinger High School,Mecklenburg,35.2401000008895,-80.785683,30.0,22.0
2025-10-11,10,2025,Hattie Avenue,Forsyth,36.11094,-80.224501,31.0,24.0
2025-10-11,10,2025,Leggett,Edgecombe,35.988278,-77.5843,27.0,22.0
2025-10-11,10,2025,Linville Falls,Avery,35.972347,-81.933072,38.0,
2025-10-11,10,2025,Mendenhall School,Guilford,36.1090060008986,-79.802314,27.0,15.0
2025-10-11,10,2025,Millbrook School,Wake,35.856111,-78.574167,23.0,30.0
2025-10-11,10,2025,Old High School,Swain,35.498711,-83.310242,33.0,35.0
2025-10-11,10,2025,Pitt Agri. Center,Pitt,35.6412760008938,-77.360126,29.0,27.0
2025-10-11,10,2025,Rockwell,Rowan,35.551868,-80.395039,29.0,24.0
2025-10-11,10,2025,West Johnston Co.,Johnston,35.59095,-78.4622,24.0,22.0
2025-10-12,10,2025,Bryson City,Swain,35.434767,-83.442133,33.0,32.0
2025-10-12,10,2025,Castle Hayne,New Hanover,34.364167,-77.838611,28.0,6.0
2025-10-12,10,2025,Clemmons Middle,Forsyth,36.026612,-80.341962,28.0,12.0
2025-10-12,10,2025,Durham Armory,Durham,36.0329550008979,-78.904037,29.0,11.0
2025-10-12,10,2025,Frying Pan Mountain,Haywood,35.379167,-82.7925,37.0,
2025-10-12,10,2025,Garinger High School,Mecklenburg,35.2401000008895,-80.785683,28.0,9.0
2025-10-12,10,2025,Hattie Avenue,Forsyth,36.11094,-80.224501,28.0,13.0
2025-10-12,10,2025,Leggett,Edgecombe,35.988278,-77.5843,30.0,8.0
2025-10-12,10,2025,Linville Falls,Avery,35.972347,-81.933072,31.0,
2025-10-12,10,2025,Mendenhall School,Guilford,36.1090060008986,-79.802314,24.0,8.0
2025-10-12,10,2025,Millbrook School,Wake,35.856111,-78.574167,25.0,11.0
2025-10-12,10,2025,Old High School,Swain,35.498711,-83.310242,36.0,18.0
2025-10-12,10,2025,Pitt Agri. Center,Pitt,35.6412760008938,-77.360126,30.0,8.0
2025-10-12,10,2025,Rockwell,Rowan,35.551868,-80.395039,26.0,14.0
2025-10-12,10,2025,West Johnston Co.,Johnston,35.59095,-78.4622,29.0,4.0
2025-10-13,10,2025,Bryson City,Swain,35.434767,-83.442133,33.0,29.0
2025-10-13,10,2025,Castle Hayne,New Hanover,34.364167,-77.838611,19.0,22.0
2025-10-13,10,2025,Clemmons Middle,Forsyth,36.026612,-80.341962,32.0,9.0
2025-10-13,10,2025,Durham Armory,Durham,36.0329550008979,-78.904037,29.0,12.0
2025-10-13,10,2025,Frying Pan Mountain,Haywood,35.379167,-82.7925,39.0,
2025-10-13,10,2025,Garinger High School,Mecklenburg,35.2401000008895,-80.785683,35.0,10.5
2025-10-13,10,2025,Hattie Avenue,Forsyth,36.11094,-80.224501,32.0,13.0
2025-10-13,10,2025,Leggett,Edgecombe,35.988278,-77.5843,24.0,7.0
2025-10-13,10,2025,Linville Falls,Avery,35.972347,-81.933072,37.0,
2025-10-13,10,2025,Mendenhall School,Guilford,36.1090060008986,-79.802314,31.0,11.0
2025-10-13,10,2025,Millbrook School,Wake,35.856111,-78.574167,25.0,11.5
2025-10-13,10,2025,Old High School,Swain,35.498711,-83.310242,35.0,11.0
2025-10-13,10,2025,Pitt Agri. Center,Pitt,35.6412760008938,-77.360126,21.0,8.0
2025-10-13,10,2025,Rockwell,Rowan,35.551868,-80.395039,32.0,9.0
2025-10-13,10,2025,West Johnston Co.,Johnston,35.59095,-78.4622,25.0,
2025-10-14,10,2025,Bryson City,Swain,35.434767,-83.442133,34.0,15.0
2025-10-14,10,2025,Castle Hayne,New Hanover,34.364167,-77.838611,19.0,25.0
2025-10-14,10,2025,Clemmons Middle,Forsyth,36.026612,-80.341962,36.0,16.0
2025-10-14,10,2025,Durham Armory,Durham,36.0329550008979,-78.904037,26.0,11.5
2025-10-14,10,2025,Frying Pan Mountain,Haywood,35.379167,-82.7925,43.0,
2025-10-14,10,2025,Garinger High School,Mecklenburg,35.2401000008895,-80.785683,38.0,14.0
2025-10-14,10,2025,Hattie Avenue,Forsyth,36.11094,-80.224501,35.0,19.0
2025-10-14,10,2025,Leggett,Edgecombe,35.988278,-77.5843,20.0,8.0
2025-10-14,10,2025,Linville Falls,Avery,35.972347,-81.933072,38.0,
2025-10-14,10,2025,Mendenhall School,Guilford,36.1090060008986,-79.802314,30.0,14.0
2025-10-14,10,2025,Millbrook School,Wake,35.856111,-78.574167,22.0,16.0
2025-10-14,10,2025,Old High School,Swain,35.498711,-83.310242,37.0,12.0
2025-10-14,10,2025,Pitt Agri. Center,Pitt,35.6412760008938,-77.360126,19.0,9.0
2025-10-14,10,2025,Rockwell,Rowan,35.551868,-80.395039,37.0,16.0
2025-10-14,10,2025,West Johnston Co.,Johnston,35.59095,-78.4622,22.0,
2025-10-15,10,2025,Bryson City,Swain,35.434767,-83.442133,31.0,34.0
2025-10-15,10,2025,Castle Hayne,New Hanover,34.364167,-77.838611,19.0,29.0
2025-10-15,10,2025,Clemmons Middle,Forsyth,36.026612,-80.341962,38.0,23.0
2025-10-15,10,2025,Durham Armory,Durham,36.0329550008979,-78.904037,39.0,20.0
2025-10-15,10,2025,Frying Pan Mountain,Haywood,35.379167,-82.7925,44.0,
2025-10-15,10,2025,Garinger High School,Mecklenburg,35.2401000008895,-80.785683,44.0,28.0
2025-10-15,10,2025,Hattie Avenue,Forsyth,36.11094,-80.224501,39.0,22.0
2025-10-15,10,2025,Leggett,Edgecombe,35.988278,-77.5843,34.0,21.0
2025-10-15,10,2025,Linville Falls,Avery,35.972347,-81.933072,44.0,
2025-10-15,10,2025,Mendenhall School,Guilford,36.1090060008986,-79.802314,36.0,16.0
2025-10-15,10,2025,Millbrook School,Wake,35.856111,-78.574167,37.0,26.0
2025-10-15,10,2025,Old High School,Swain,35.498711,-83.310242,33.0,13.0
2025-10-15,10,2025,Pitt Agri. Center,Pitt,35.6412760008938,-77.360126,29.0,19.0
2025-10-15,10,2025,Rockwell,Rowan,35.551868,-80.395039,39.0,14.0
2025-10-15,10,2025,West Johnston Co.,Johnston,35.59095,-78.4622,35.0,
2025-10-16,10,2025,Bryson City,Swain,35.434767,-83.442133,35.0,27.0
2025-10-16,10,2025,Castle Hayne,New Hanover,34.364167,-77.838611,34.0,29.0
2025-10-16,10,2025,Clemmons Middle,Forsyth,36.026612,-80.341962,38.0,21.5
2025-10-16,10,2025,Durham Armory,Durham,36.0329550008979,-78.904037,35.0,21.5
2025-10-16,10,2025,Frying Pan Mountain,Haywood,35.379167,-82.7925,43.0,
2025-10-16,10,2025,Garinger High School,Mecklenburg,35.2401000008895,-80.785683,39.0,26.5
2025-10-16,10,2025,Hattie Avenue,Forsyth,36.11094,-80.224501,37.0,29.5
2025-10-16,10,2025,Leggett,Edgecombe,35.988278,-77.5843,37.0,18.0
2025-10-16,10,2025,Linville Falls,Avery,35.972347,-81.933072,40.0,
2025-10-16,10,2025,Mendenhall School,Guilford,36.1090060008986,-79.802314,34.0,14.0
2025-10-16,10,2025,Millbrook School,Wake,35.856111,-78.574167,33.0,29.5
2025-10-16,10,2025,Old High School,Swain,35.498711,-83.310242,,19.0
2025-10-16,10,2025,Pitt Agri. Center,Pitt,35.6412760008938,-77.360126,35.0,21.0
2025-10-16,10,2025,Rockwell,Rowan,35.551868,-80.395039,38.0,19.0
2025-10-16,10,2025,West Johnston Co.,Johnston,35.59095,-78.4622,34.0,
2025-10-17,10,2025,Bryson City,Swain,35.434767,-83.442133,35.0,37.0
2025-10-17,10,2025,Castle Hayne,New Hanover,34.364167,-77.838611,35.0,27.0
2025-10-17,10,2025,Clemmons Middle,Forsyth,36.026612,-80.341962,42.0,33.0
2025-10-17,10,2025,Durham Armory,Durham,36.0329550008979,-78.904037,38.0,19.5
2025-10-17,10,2025,Frying Pan Mountain,Haywood,35.379167,-82.7925,43.0,
2025-10-17,10,2025,Garinger High School,Mecklenburg,35.2401000008895,-80.785683,44.0,48.0
2025-10-17,10,2025,Hattie Avenue,Forsyth,36.11094,-80.224501,43.0,23.0
2025-10-17,10,2025,Leggett,Edgecombe,35.988278,-77.5843,33.0,17.0
2025-10-17,10,2025,Linville Falls,Avery,35.972347,-81.933072,40.0,
2025-10-17,10,2025,Mendenhall School,Guilford,36.1090060008986,-79.802314,41.0,33.0
2025-10-17,10,2025,Millbrook School,Wake,35.856111,-78.574167,33.0,31.0
2025-10-17,10,2025,Old High School,Swain,35.498711,-83.310242,,17.0
2025-10-17,10,2025,Pitt Agri. Center,Pitt,35.6412760008938,-77.360126,32.0,21.0
2025-10-17,10,2025,Rockwell,Rowan,35.551868,-80.395039,43.0,40.0
2025-10-17,10,2025,West Johnston Co.,Johnston,35.59095,-78.4622,36.0,13.0
2025-10-18,10,2025,Bryson City,Swain,35.434767,-83.442133,36.0,60.0
2025-10-18,10,2025,Castle Hayne,New Hanover,34.364167,-77.838611,42.0,41.0
2025-10-18,10,2025,Clemmons Middle,Forsyth,36.026612,-80.341962,47.0,55.0
2025-10-18,10,2025,Durham Armory,Durham,36.0329550008979,-78.904037,43.0,48.5
2025-10-18,10,2025,Frying Pan Mountain,Haywood,35.379167,-82.7925,43.0,
2025-10-18,10,2025,Garinger High School,Mecklenburg,35.2401000008895,-80.785683,42.0,52.0
2025-10-18,10,2025,Hattie Avenue,Forsyth,36.11094,-80.224501,50.0,55.0
2025-10-18,10,2025,Leggett,Edgecombe,35.988278,-77.5843,44.0,38.0
2025-10-18,10,2025,Linville Falls,Avery,35.972347,-81.933072,46.0,
2025-10-18,10,2025,Mendenhall School,Guilford,36.1090060008986,-79.802314,48.0,52.0
2025-10-18,10,2025,Millbrook School,Wake,35.856111,-78.574167,41.0,51.0
2025-10-18,10,2025,Old High School,Swain,35.498711,-83.310242,,47.0
2025-10-18,10,2025,Pitt Agri. Center,Pitt,35.6412760008938,-77.360126,43.0,
2025-10-18,10,2025,Rockwell,Rowan,35.551868,-80.395039,47.0,52.0
2025-10-18,10,2025,West Johnston Co.,Johnston,35.59095,-78.4622,39.0,55.0
2025-10-19,10,2025,Bryson City,Swain,35.434767,-83.442133,33.0,29.0
2025-10-19,10,2025,Castle Hayne,New Hanover,34.364167,-77.838611,39.0,27.0
2025-10-19,10,2025,Clemmons Middle,Forsyth,36.026612,-80.341962,38.0,28.0
2025-10-19,10,2025,Durham Armory,Durham,36.0329550008979,-78.904037,42.0,33.0
2025-10-19,10,2025,Frying Pan Mountain,Haywood,35.379167,-82.7925,37.0,
2025-10-19,10,2025,Garinger High School,Mecklenburg,35.2401000008895,-80.785683,37.0,30.5
2025-10-19,10,2025,Hattie Avenue,Forsyth,36.11094,-80.224501,39.0,29.5
2025-10-19,10,2025,Leggett,Edgecombe,35.988278,-77.5843,40.0,29.0
2025-10-19,10,2025,Mendenhall School,Guilford,36.1090060008986,-79.802314,37.0,33.0
2025-10-19,10,2025,Millbrook School,Wake,35.856111,-78.574167,39.0,32.5
2025-10-19,10,2025,Old High School,Swain,35.498711,-83.310242,,21.0
2025-10-19,10,2025,Pitt Agri. Center,Pitt,35.6412760008938,-77.360126,38.0,
2025-10-19,10,2025,Rockwell,Rowan,35.551868,-80.395039,37.0,25.0
2025-10-19,10,2025,West Johnston Co.,Johnston,35.59095,-78.4622,41.0,28.0
2025-10-20,10,2025,Bryson City,Swain,35.434767,-83.442133,29.0,15.0
2025-10-20,10,2025,Castle Hayne,New Hanover,34.364167,-77.838611,31.0,23.5
2025-10-20,10,2025,Clemmons Middle,Forsyth,36.026612,-80.341962,32.0,17.0
2025-10-20,10,2025,Durham Armory,Durham,36.0329550008979,-78.904037,34.0,14.0
2025-10-20,10,2025,Frying Pan Mountain,Haywood,35.379167,-82.7925,48.0,
2025-10-20,10,2025,Garinger High School,Mecklenburg,35.2401000008895,-80.785683,33.0,25.0
2025-10-20,10,2025,Hattie Avenue,Forsyth,36.11094,-80.224501,32.0,20.0
2025-10-20,10,2025,Leggett,Edgecombe,35.988278,-77.5843,33.0,10.0
2025-10-20,10,2025,Linville Falls,Avery,35.972347,-81.933072,34.0,
2025-10-20,10,2025,Mendenhall School,Guilford,36.1090060008986,-79.802314,31.0,11.0
2025-10-20,10,2025,Millbrook School,Wake,35.856111,-78.574167,33.0,21.0
2025-10-20,10,2025,Old High School,Swain,35.498711,-83.310242,,12.0
2025-10-20,10,2025,Pitt Agri. Center,Pitt,35.6412760008938,-77.360126,32.0,
2025-10-20,10,2025,Rockwell,Rowan,35.551868,-80.395039,33.0,19.0
2025-10-20,10,2025,West Johnston Co.,Johnston,35.59095,-78.4622,34.0,15.0
2025-10-21,10,2025,Bryson City,Swain,35.434767,-83.442133,24.0,28.0
2025-10-21,10,2025,Castle Hayne,New Hanover,34.364167,-77.838611,38.0,35.5
2025-10-21,10,2025,Clemmons Middle,Forsyth,36.026612,-80.341962,44.0,35.0
2025-10-21,10,2025,Durham Armory,Durham,36.0329550008979,-78.904037,44.0,43.0
2025-10-21,10,2025,Frying Pan Mountain,Haywood,35.379167,-82.7925,45.0,
2025-10-21,10,2025,Garinger High School,Mecklenburg,35.2401000008895,-80.785683,42.0,50.0
2025-10-21,10,2025,Hattie Avenue,Forsyth,36.11094,-80.224501,44.0,41.0
2025-10-21,10,2025,Leggett,Edgecombe,35.988278,-77.5843,42.0,35.0
2025-10-21,10,2025,Linville Falls,Avery,35.972347,-81.933072,42.0,
2025-10-21,10,2025,Mendenhall School,Guilford,36.1090060008986,-79.802314,45.0,41.0
2025-10-21,10,2025,Millbrook School,Wake,35.856111,-78.574167,43.0,43.0
2025-10-21,10,2025,Old High School,Swain,35.498711,-83.310242,28.0,21.0
2025-10-21,10,2025,Pitt Agri. Center,Pitt,35.6412760008938,-77.360126,38.0,37.0
2025-10-21,10,2025,Rockwell,Rowan,35.551868,-80.395039,44.0,43.0
2025-10-21,10,2025,West Johnston Co.,Johnston,35.59095,-78.4622,44.0,41.0
2025-10-22,10,2025,Bryson City,Swain,35.434767,-83.442133,34.0,16.0
2025-10-22,10,2025,Castle Hayne,New Hanover,34.364167,-77.838611,38.0,44.5
2025-10-22,10,2025,Clemmons Middle,Forsyth,36.026612,-80.341962,37.0,19.0
2025-10-22,10,2025,Durham Armory,Durham,36.0329550008979,-78.904037,41.0,26.5
2025-10-22,10,2025,Frying Pan Mountain,Haywood,35.379167,-82.7925,39.0,
2025-10-22,10,2025,Garinger High School,Mecklenburg,35.2401000008895,-80.785683,38.0,29.0
2025-10-22,10,2025,Hattie Avenue,Forsyth,36.11094,-80.224501,36.0,20.5
2025-10-22,10,2025,Leggett,Edgecombe,35.988278,-77.5843,40.0,34.0
2025-10-22,10,2025,Linville Falls,Avery,35.972347,-81.933072,38.0,
2025-10-22,10,2025,Mendenhall School,Guilford,36.1090060008986,-79.802314,36.0,22.0
2025-10-22,10,2025,Millbrook School,Wake,35.856111,-78.574167,38.0,34.0
2025-10-22,10,2025,Old High School,Swain,35.498711,-83.310242,32.0,14.5
2025-10-22,10,2025,Pitt Agri. Center,Pitt,35.6412760008938,-77.360126,40.0,34.0
2025-10-22,10,2025,Rockwell,Rowan,35.551868,-80.395039,38.0,19.0
2025-10-22,10,2025,West Johnston Co.,Johnston,35.59095,-78.4622,42.0,53.0
2025-10-23,10,2025,Bryson City,Swain,35.434767,-83.442133,39.0,32.0
2025-10-23,10,2025,Castle Hayne,New Hanover,34.364167,-77.838611,34.0,36.5
2025-10-23,10,2025,Clemmons Middle,Forsyth,36.026612,-80.341962,38.0,23.0
2025-10-23,10,2025,Durham Armory,Durham,36.0329550008979,-78.904037,38.0,20.0
2025-10-23,10,2025,Frying Pan Mountain,Haywood,35.379167,-82.7925,41.0,
2025-10-23,10,2025,Garinger High School,Mecklenburg,35.2401000008895,-80.785683,38.0,28.0
2025-10-23,10,2025,Hattie Avenue,Forsyth,36.11094,-80.224501,37.0,26.0
2025-10-23,10,2025,Leggett,Edgecombe,35.988278,-77.5843,37.0,34.0
2025-10-23,10,2025,Linville Falls,Avery,35.972347,-81.933072,40.0,
2025-10-23,10,2025,Mendenhall School,Guilford,36.1090060008986,-79.802314,36.0,16.0
2025-10-23,10,2025,Millbrook School,Wake,35.856111,-78.574167,37.0,22.0
2025-10-23,10,2025,Old High School,Swain,35.498711,-83.310242,37.0,15.0
2025-10-23,10,2025,Pitt Agri. Center,Pitt,35.6412760008938,-77.360126,37.0,28.0
2025-10-23,10,2025,Rockwell,Rowan,35.551868,-80.395039,38.0,18.0
2025-10-23,10,2025,West Johnston Co.,Johnston,35.59095,-78.4622,38.0,29.0
2025-10-24,10,2025,Bryson City,Swain,35.434767,-83.442133,31.0,23.0
2025-10-24,10,2025,Castle Hayne,New Hanover,34.364167,-77.838611,33.0,32.5
2025-10-24,10,2025,Clemmons Middle,Forsyth,36.026612,-80.341962,36.0,23.0
2025-10-24,10,2025,Durham Armory,Durham,36.0329550008979,-78.904037,37.0,22.5
2025-10-24,10,2025,Frying Pan Mountain,Haywood,35.379167,-82.7925,37.0,
2025-10-24,10,2025,Garinger High School,Mecklenburg,35.2401000008895,-80.785683,38.0,
2025-10-24,10,2025,Hattie Avenue,Forsyth,36.11094,-80.224501,37.0,23.0
2025-10-24,10,2025,Leggett,Edgecombe,35.988278,-77.5843,36.0,25.0
2025-10-24,10,2025,Linville Falls,Avery,35.972347,-81.933072,38.0,
2025-10-24,10,2025,Mendenhall School,Guilford,36.1090060008986,-79.802314,35.0,24.0
2025-10-24,10,2025,Millbrook School,Wake,35.856111,-78.574167,36.0,27.0
2025-10-24,10,2025,Old High School,Swain,35.498711,-83.310242,30.0,13.0
2025-10-24,10,2025,Pitt Agri. Center,Pitt,35.6412760008938,-77.360126,35.0,22.0
2025-10-24,10,2025,Rockwell,Rowan,35.551868,-80.395039,36.0,22.0
2025-10-24,10,2025,West Johnston Co.,Johnston,35.59095,-78.4622,37.0,23.0
2025-10-25,10,2025,Bryson City,Swain,35.434767,-83.442133,34.0,42.0
2025-10-25,10,2025,Castle Hayne,New Hanover,34.364167,-77.838611,31.0,31.0
2025-10-25,10,2025,Clemmons Middle,Forsyth,36.026612,-80.341962,34.0,22.0
2025-10-25,10,2025,Durham Armory,Durham,36.0329550008979,-78.904037,34.0,24.5
2025-10-25,10,2025,Frying Pan Mountain,Haywood,35.379167,-82.7925,39.0,
2025-10-25,10,2025,Garinger High School,Mecklenburg,35.2401000008895,-80.785683,30.0,49.0
2025-10-25,10,2025,Hattie Avenue,Forsyth,36.11094,-80.224501,36.0,36.0
2025-10-25,10,2025,Leggett,Edgecombe,35.988278,-77.5843,31.0,23.0
2025-10-25,10,2025,Linville Falls,Avery,35.972347,-81.933072,34.0,
2025-10-25,10,2025,Mendenhall School,Guilford,36.1090060008986,-79.802314,33.0,31.0
2025-10-25,10,2025,Millbrook School,Wake,35.856111,-78.574167,34.0,25.5
2025-10-25,10,2025,Old High School,Swain,35.498711,-83.310242,35.0,16.0
2025-10-25,10,2025,Pitt Agri. Center,Pitt,35.6412760008938,-77.360126,31.0,22.0
2025-10-25,10,2025,Rockwell,Rowan,35.551868,-80.395039,31.0,21.0
2025-10-25,10,2025,West Johnston Co.,Johnston,35.59095,-78.4622,31.0,22.0
2025-10-26,10,2025,Bryson City,Swain,35.434767,-83.442133,25.0,39.0
2025-10-26,10,2025,Castle Hayne,New Hanover,34.364167,-77.838611,25.0,28.0
2025-10-26,10,2025,Clemmons Middle,Forsyth,36.026612,-80.341962,33.0,34.0
2025-10-26,10,2025,Durham Armory,Durham,36.0329550008979,-78.904037,32.0,28.5
2025-10-26,10,2025,Frying Pan Mountain,Haywood,35.379167,-82.7925,36.0,
2025-10-26,10,2025,Garinger High School,Mecklenburg,35.2401000008895,-80.785683,33.0,
2025-10-26,10,2025,Hattie Avenue,Forsyth,36.11094,-80.224501,32.0,35.0
2025-10-26,10,2025,Leggett,Edgecombe,35.988278,-77.5843,29.0,19.0
2025-10-26,10,2025,Linville Falls,Avery,35.972347,-81.933072,35.0,
2025-10-26,10,2025,Mendenhall School,Guilford,36.1090060008986,-79.802314,30.0,31.0
2025-10-26,10,2025,Millbrook School,Wake,35.856111,-78.574167,31.0,24.0
2025-10-26,10,2025,Old High School,Swain,35.498711,-83.310242,28.0,23.0
2025-10-26,10,2025,Pitt Agri. Center,Pitt,35.6412760008938,-77.360126,29.0,17.0
2025-10-26,10,2025,Rockwell,Rowan,35.551868,-80.395039,34.0,37.0
2025-10-26,10,2025,West Johnston Co.,Johnston,35.59095,-78.4622,31.0,19.0
2025-10-27,10,2025,Bryson City,Swain,35.434767,-83.442133,25.0,12.0
2025-10-27,10,2025,Castle Hayne,New Hanover,34.364167,-77.838611,31.0,18.5
2025-10-27,10,2025,Clemmons Middle,Forsyth,36.026612,-80.341962,30.0,30.0
2025-10-27,10,2025,Durham Armory,Durham,36.0329550008979,-78.904037,31.0,24.0
2025-10-27,10,2025,Frying Pan Mountain,Haywood,35.379167,-82.7925,36.0,
2025-10-27,10,2025,Garinger High School,Mecklenburg,35.2401000008895,-80.785683,28.0,
2025-10-27,10,2025,Hattie Avenue,Forsyth,36.11094,-80.224501,31.0,30.0
2025-10-27,10,2025,Leggett,Edgecombe,35.988278,-77.5843,31.0,17.0
2025-10-27,10,2025,Linville Falls,Avery,35.972347,-81.933072,32.0,
2025-10-27,10,2025,Mendenhall School,Guilford,36.1090060008986,-79.802314,26.0,28.0
2025-10-27,10,2025,Millbrook School,Wake,35.856111,-78.574167,31.0,23.0
2025-10-27,10,2025,Old High School,Swain,35.498711,-83.310242,23.0,13.0
2025-10-27,10,2025,Pitt Agri. Center,Pitt,35.6412760008938,-77.360126,30.0,14.0
2025-10-27,10,2025,Rockwell,Rowan,35.551868,-80.395039,29.0,26.0
2025-10-27,10,2025,West Johnston Co.,Johnston,35.59095,-78.4622,35.0,18.0
2025-10-28,10,2025,Bryson City,Swain,35.434767,-83.442133,24.0,12.0
2025-10-28,10,2025,Castle Hayne,New Hanover,34.364167,-77.838611,24.0,11.0
2025-10-28,10,2025,Clemmons Middle,Forsyth,36.026612,-80.341962,28.0,18.0
2025-10-28,10,2025,Durham Armory,Durham,36.0329550008979,-78.904037,26.0,15.0
2025-10-28,10,2025,Frying Pan Mountain,Haywood,35.379167,-82.7925,38.0,
2025-10-28,10,2025,Garinger High School,Mecklenburg,35.2401000008895,-80.785683,27.0,17.0
2025-10-28,10,2025,Hattie Avenue,Forsyth,36.11094,-80.224501,27.0,19.0
2025-10-28,10,2025,Leggett,Edgecombe,35.988278,-77.5843,25.0,16.0
2025-10-28,10,2025,Linville Falls,Avery,35.972347,-81.933072,34.0,
2025-10-28,10,2025,Mendenhall School,Guilford,36.1090060008986,-79.802314,22.0,14.0
2025-10-28,10,2025,Millbrook School,Wake,35.856111,-78.574167,23.0,16.5
2025-10-28,10,2025,Old High School,Swain,35.498711,-83.310242,26.0,13.0
2025-10-28,10,2025,Pitt Agri. Center,Pitt,35.6412760008938,-77.360126,23.0,9.0
2025-10-28,10,2025,Rockwell,Rowan,35.551868,-80.395039,27.0,11.0
2025-10-28,10,2025,West Johnston Co.,Johnston,35.59095,-78.4622,29.0,11.0
2025-10-29,10,2025,Bryson City,Swain,35.434767,-83.442133,18.0,9.0
2025-10-29,10,2025,Castle Hayne,New Hanover,34.364167,-77.838611,18.0,13.5
2025-10-29,10,2025,Clemmons Middle,Forsyth,36.026612,-80.341962,13.0,19.0
2025-10-29,10,2025,Durham Armory,Durham,36.0329550008979,-78.904037,14.0,16.5
2025-10-29,10,2025,Frying Pan Mountain,Haywood,35.379167,-82.7925,24.0,
2025-10-29,10,2025,Garinger High School,Mecklenburg,35.2401000008895,-80.785683,12.0,17.0
2025-10-29,10,2025,Hattie Avenue,Forsyth,36.11094,-80.224501,15.0,18.0
2025-10-29,10,2025,Leggett,Edgecombe,35.988278,-77.5843,19.0,12.0
2025-10-29,10,2025,Linville Falls,Avery,35.972347,-81.933072,18.0,
2025-10-29,10,2025,Mendenhall School,Guilford,36.1090060008986,-79.802314,11.0,12.0
2025-10-29,10,2025,Millbrook School,Wake,35.856111,-78.574167,14.0,20.0
2025-10-29,10,2025,Old High School,Swain,35.498711,-83.310242,28.0,9.0
2025-10-29,10,2025,Pitt Agri. Center,Pitt,35.6412760008938,-77.360126,19.0,11.0
2025-10-29,10,2025,Rockwell,Rowan,35.551868,-80.395039,13.0,17.0
2025-10-29,10,2025,West Johnston Co.,Johnston,35.59095,-78.4622,16.0,15.0
2025-10-30,10,2025,Bryson City,Swain,35.434767,-83.442133,19.0,9.0
2025-10-30,10,2025,Castle Hayne,New Hanover,34.364167,-77.838611,27.0,22.5
2025-10-30,10,2025,Clemmons Middle,Forsyth,36.026612,-80.341962,26.0,10.0
2025-10-30,10,2025,Durham Armory,Durham,36.0329550008979,-78.904037,27.0,13.5
2025-10-30,10,2025,Frying Pan Mountain,Haywood,35.379167,-82.7925,30.0,
2025-10-30,10,2025,Garinger High School,Mecklenburg,35.2401000008895,-80.785683,22.0,7.0
2025-10-30,10,2025,Hattie Avenue,Forsyth,36.11094,-80.224501,25.0,10.0
2025-10-30,10,2025,Leggett,Edgecombe,35.988278,-77.5843,29.0,18.0
2025-10-30,10,2025,Linville Falls,Avery,35.972347,-81.933072,29.0,
2025-10-30,10,2025,Mendenhall School,Guilford,36.1090060008986,-79.802314,25.0,6.0
2025-10-30,10,2025,Millbrook School,Wake,35.856111,-78.574167,21.0,22.0
2025-10-30,10,2025,Old High School,Swain,35.498711,-83.310242,16.0,9.0
2025-10-30,10,2025,Pitt Agri. Center,Pitt,35.6412760008938,-77.360126,28.0,12.0
2025-10-30,10,2025,Rockwell,Rowan,35.551868,-80.395039,26.0,5.0
2025-10-30,10,2025,West Johnston Co.,Johnston,35.59095,-78.4622,24.0,19.0
2025-10-31,10,2025,Bryson City,Swain,35.434767,-83.442133,32.0,28.0
2025-10-31,10,2025,Castle Hayne,New Hanover,34.364167,-77.838611,31.0,27.5
2025-10-31,10,2025,Clemmons Middle,Forsyth,36.026612,-80.341962,33.0,19.0
2025-10-31,10,2025,Durham Armory,Durham,36.0329550008979,-78.904037,36.0,19.0
2025-10-31,10,2025,Frying Pan Mountain,Haywood,35.379167,-82.7925,34.0,
2025-10-31,10,2025,Garinger High School,Mecklenburg,35.2401000008895,-80.785683,31.0,27.0
2025-10-31,10,2025,Hattie Avenue,Forsyth,36.11094,-80.224501,32.0,22.0
2025-10-31,10,2025,Leggett,Edgecombe,35.988278,-77.5843,34.0,18.0
2025-10-31,10,2025,Linville Falls,Avery,35.972347,-81.933072,33.0,
2025-10-31,10,2025,Mendenhall School,Guilford,36.1090060008986,-79.802314,31.0,20.0
2025-10-31,10,2025,Millbrook School,Wake,35.856111,-78.574167,34.0,20.0
2025-10-31,10,2025,Old High School,Swain,35.498711,-83.310242,31.0,18.0
2025-10-31,10,2025,Pitt Agri. Center,Pitt,35.6412760008938,-77.360126,35.0,19.0
2025-10-31,10,2025,Rockwell,Rowan,35.551868,-80.395039,34.0,19.0
2025-10-31,10,2025,West Johnston Co.,Johnston,35.59095,-78.4622,34.0,19.0
2025-11-01,11,2025,Bryson City,Swain,35.434767,-83.442133,25.0,33.0
2025-11-01,11,2025,Castle Hayne,New Hanover,34.364167,-77.838611,32.0,39.0
2025-11-01,11,2025,Clemmons Middle,Forsyth,36.026612,-80.341962,35.0,32.0
2025-11-01,11,2025,Durham Armory,Durham,36.0329550008979,-78.904037,35.0,42.0
2025-11-01,11,2025,Frying Pan Mountain,Haywood,35.379167,-82.7925,36.0,
2025-11-01,11,2025,Garinger High School,Mecklenburg,35.2401000008895,-80.785683,36.0,66.0
2025-11-01,11,2025,Hattie Avenue,Forsyth,36.11094,-80.224501,35.0,46.0
2025-11-01,11,2025,Leggett,Edgecombe,35.988278,-77.5843,33.0,38.0
2025-11-01,11,2025,Linville Falls,Avery,35.972347,-81.933072,34.0,
2025-11-01,11,2025,Mendenhall School,Guilford,36.1090060008986,-79.802314,32.0,62.0
2025-11-01,11,2025,Millbrook School,Wake,35.856111,-78.574167,33.0,46.0
2025-11-01,11,2025,Old High School,Swain,35.498711,-83.310242,,17.0
2025-11-01,11,2025,Pitt Agri. Center,Pitt,35.6412760008938,-77.360126,33.0,37.0
2025-11-01,11,2025,Rockwell,Rowan,35.551868,-80.395039,34.0,51.0
2025-11-01,11,2025,West Johnston Co.,Johnston,35.59095,-78.4622,34.0,47.0
2025-11-02,11,2025,Bryson City,Swain,35.434767,-83.442133,31.0,31.0
2025-11-02,11,2025,Castle Hayne,New Hanover,34.364167,-77.838611,35.0,35.0
2025-11-02,11,2025,Clemmons Middle,Forsyth,36.026612,-80.341962,37.0,50.0
2025-11-02,11,2025,Durham Armory,Durham,36.0329550008979,-78.904037,37.0,51.0
2025-11-02,11,2025,Frying Pan Mountain,Haywood,35.379167,-82.7925,38.0,
2025-11-02,11,2025,Garinger High School,Mecklenburg,35.2401000008895,-80.785683,33.0,66.0
2025-11-02,11,2025,Hattie Avenue,Forsyth,36.11094,-80.224501,39.0,56.0
2025-11-02,11,2025,Leggett,Edgecombe,35.988278,-77.5843,37.0,33.0
2025-11-02,11,2025,Linville Falls,Avery,35.972347,-81.933072,37.0,
2025-11-02,11,2025,Mendenhall School,Guilford,36.1090060008986,-79.802314,34.0,55.0
2025-11-02,11,2025,Millbrook School,Wake,35.856111,-78.574167,34.0,57.0
2025-11-02,11,2025,Old High School,Swain,35.498711,-83.310242,32.0,19.0
2025-11-02,11,2025,Pitt Agri. Center,Pitt,35.6412760008938,-77.360126,35.0,43.0
2025-11-02,11,2025,Rockwell,Rowan,35.551868,-80.395039,33.0,55.0
2025-11-02,11,2025,West Johnston Co.,Johnston,35.59095,-78.4622,33.0,63.0
2025-11-03,11,2025,Bryson City,Swain,35.434767,-83.442133,,15.0
2025-11-03,11,2025,Castle Hayne,New Hanover,34.364167,-77.838611,,29.0
2025-11-03,11,2025,Clemmons Middle,Forsyth,36.026612,-80.341962,,39.0
2025-11-03,11,2025,Durham Armory,Durham,36.0329550008979,-78.904037,,32.0
2025-11-03,11,2025,Garinger High School,Mecklenburg,35.2401000008895,-80.785683,33.0,45.0
2025-11-03,11,2025,Hattie Avenue,Forsyth,36.11094,-80.224501,35.0,39.0
2025-11-03,11,2025,Leggett,Edgecombe,35.988278,-77.5843,,21.0
2025-11-03,11,2025,Mendenhall School,Guilford,36.1090060008986,-79.802314,,28.0
2025-11-03,11,2025,Millbrook School,Wake,35.856111,-78.574167,33.0,32.5
2025-11-03,11,2025,Old High School,Swain,35.498711,-83.310242,,25.5
2025-11-03,11,2025,Pitt Agri. Center,Pitt,35.6412760008938,-77.360126,,21.0
2025-11-03,11,2025,Rockwell,Rowan,35.551868,-80.395039,36.0,32.0
2025-11-03,11,2025,West Johnston Co.,Johnston,35.59095,-78.4622,,29.0
2025-11-04,11,2025,Bryson City,Swain,35.434767,-83.442133,,31.0
2025-11-04,11,2025,Castle Hayne,New Hanover,34.364167,-77.838611,,41.0
2025-11-04,11,2025,Clemmons Middle,Forsyth,36.026612,-80.341962,,36.0
2025-11-04,11,2025,Durham Armory,Durham,36.0329550008979,-78.904037,,25.0
2025-11-04,11,2025,Garinger High School,Mecklenburg,35.2401000008895,-80.785683,36.0,39.0
2025-11-04,11,2025,Hattie Avenue,Forsyth,36.11094,-80.224501,,27.0
2025-11-04,11,2025,Leggett,Edgecombe,35.988278,-77.5843,,23.0
2025-11-04,11,2025,Mendenhall School,Guilford,36.1090060008986,-79.802314,,28.0
2025-11-04,11,2025,Millbrook School,Wake,35.856111,-78.574167,33.0,33.0
2025-11-04,11,2025,Old High School,Swain,35.498711,-83.310242,,17.0
2025-11-04,11,2025,Pitt Agri. Center,Pitt,35.6412760008938,-77.360126,,26.0
2025-11-04,11,2025,Rockwell,Rowan,35.551868,-80.395039,36.0,27.0
2025-11-04,11,2025,West Johnston Co.,Johnston,35.59095,-78.4622,,32.0
2025-11-05,11,2025,Bryson City,Swain,35.434767,-83.442133,,31.0
2025-11-05,11,2025,Castle Hayne,New Hanover,34.364167,-77.838611,,39.5
2025-11-05,11,2025,Clemmons Middle,Forsyth,36.026612,-80.341962,,53.0
2025-11-05,11,2025,Durham Armory,Durham,36.0329550008979,-78.904037,,51.0
2025-11-05,11,2025,Garinger High School,Mecklenburg,35.2401000008895,-80.785683,40.0,54.0
2025-11-05,11,2025,Hattie Avenue,Forsyth,36.11094,-80.224501,,54.0
2025-11-05,11,2025,Leggett,Edgecombe,35.988278,-77.5843,,42.0
2025-11-05,11,2025,Mendenhall School,Guilford,36.1090060008986,-79.802314,,53.0
2025-11-05,11,2025,Millbrook School,Wake,35.856111,-78.574167,36.0,53.0
2025-11-05,11,2025,Old High School,Swain,35.498711,-83.310242,,23.0
2025-11-05,11,2025,Pitt Agri. Center,Pitt,35.6412760008938,-77.360126,,43.0
2025-11-05,11,2025,Rockwell,Rowan,35.551868,-80.395039,42.0,52.0
2025-11-05,11,2025,West Johnston Co.,Johnston,35.59095,-78.4622,,46.0
2025-11-06,11,2025,Bryson City,Swain,35.434767,-83.442133,,41.0
2025-11-06,11,2025,Castle Hayne,New Hanover,34.364167,-77.838611,,53.5
2025-11-06,11,2025,Clemmons Middle,Forsyth,36.026612,-80.341962,,39.0
2025-11-06,11,2025,Durham Armory,Durham,36.0329550008979,-78.904037,,52.0
2025-11-06,11,2025,Garinger High School,Mecklenburg,35.2401000008895,-80.785683,43.0,51.0
2025-11-06,11,2025,Hattie Avenue,Forsyth,36.11094,-80.224501,,39.0
2025-11-06,11,2025,Leggett,Edgecombe,35.988278,-77.5843,,40.0
2025-11-06,11,2025,Mendenhall School,Guilford,36.1090060008986,-79.802314,,41.0
2025-11-06,11,2025,Millbrook School,Wake,35.856111,-78.574167,39.0,54.0
2025-11-06,11,2025,Old High School,Swain,35.498711,-83.310242,,29.0
2025-11-06,11,2025,Pitt Agri. Center,Pitt,35.6412760008938,-77.360126,,34.0
2025-11-06,11,2025,Rockwell,Rowan,35.551868,-80.395039,42.0,38.0
2025-11-06,11,2025,West Johnston Co.,Johnston,35.59095,-78.4622,,47.0
2025-11-07,11,2025,Bryson City,Swain,35.434767,-83.442133,,55.0
2025-11-07,11,2025,Castle Hayne,New Hanover,34.364167,-77.838611,,33.0
2025-11-07,11,2025,Clemmons Middle,Forsyth,36.026612,-80.341962,,55.0
2025-11-07,11,2025,Durham Armory,Durham,36.0329550008979,-78.904037,,50.0
2025-11-07,11,2025,Garinger High School,Mecklenburg,35.2401000008895,-80.785683,37.0,56.0
2025-11-07,11,2025,Hattie Avenue,Forsyth,36.11094,-80.224501,,58.0
2025-11-07,11,2025,Leggett,Edgecombe,35.988278,-77.5843,,31.0
2025-11-07,11,2025,Mendenhall School,Guilford,36.1090060008986,-79.802314,,54.0
2025-11-07,11,2025,Millbrook School,Wake,35.856111,-78.574167,34.0,44.0
2025-11-07,11,2025,Old High School,Swain,35.498711,-83.310242,,47.0
2025-11-07,11,2025,Pitt Agri. Center,Pitt,35.6412760008938,-77.360126,,34.0
2025-11-07,11,2025,Rockwell,Rowan,35.551868,-80.395039,40.0,54.0
2025-11-07,11,2025,West Johnston Co.,Johnston,35.59095,-78.4622,,54.0
2025-11-08,11,2025,Bryson City,Swain,35.434767,-83.442133,,38.0
2025-11-08,11,2025,Castle Hayne,New Hanover,34.364167,-77.838611,,53.5
2025-11-08,11,2025,Clemmons Middle,Forsyth,36.026612,-80.341962,,62.0
2025-11-08,11,2025,Durham Armory,Durham,36.0329550008979,-78.904037,,61.0
2025-11-08,11,2025,Garinger High School,Mecklenburg,35.2401000008895,-80.785683,36.0,45.0
2025-11-08,11,2025,Hattie Avenue,Forsyth,36.11094,-80.224501,,63.0
2025-11-08,11,2025,Leggett,Edgecombe,35.988278,-77.5843,,56.0
2025-11-08,11,2025,Mendenhall School,Guilford,36.1090060008986,-79.802314,,56.0
2025-11-08,11,2025,Millbrook School,Wake,35.856111,-78.574167,37.0,65.0
2025-11-08,11,2025,Old High School,Swain,35.498711,-83.310242,,28.0
2025-11-08,11,2025,Pitt Agri. Center,Pitt,35.6412760008938,-77.360126,,54.0
2025-11-08,11,2025,Rockwell,Rowan,35.551868,-80.395039,35.0,58.0
2025-11-08,11,2025,West Johnston Co.,Johnston,35.59095,-78.4622,,56.0
2025-11-09,11,2025,Bryson City,Swain,35.434767,-83.442133,,32.0
2025-11-09,11,2025,Castle Hayne,New Hanover,34.364167,-77.838611,,45.0
2025-11-09,11,2025,Clemmons Middle,Forsyth,36.026612,-80.341962,,55.5
2025-11-09,11,2025,Durham Armory,Durham,36.0329550008979,-78.904037,,58.0
2025-11-09,11,2025,Garinger High School,Mecklenburg,35.2401000008895,-80.785683,37.0,50.0
2025-11-09,11,2025,Hattie Avenue,Forsyth,36.11094,-80.224501,,55.5
2025-11-09,11,2025,Leggett,Edgecombe,35.988278,-77.5843,,58.0
2025-11-09,11,2025,Mendenhall School,Guilford,36.1090060008986,-79.802314,,57.0
2025-11-09,11,2025,Millbrook School,Wake,35.856111,-78.574167,29.0,58.0
2025-11-09,11,2025,Old High School,Swain,35.498711,-83.310242,,28.0
2025-11-09,11,2025,Pitt Agri. Center,Pitt,35.6412760008938,-77.360126,,53.0
2025-11-09,11,2025,Rockwell,Rowan,35.551868,-80.395039,38.0,50.0
2025-11-09,11,2025,West Johnston Co.,Johnston,35.59095,-78.4622,,56.0
2025-11-10,11,2025,Bryson City,Swain,35.434767,-83.442133,,9.0
2025-11-10,11,2025,Castle Hayne,New Hanover,34.364167,-77.838611,,30.0
2025-11-10,11,2025,Clemmons Middle,Forsyth,36.026612,-80.341962,,10.0
2025-11-10,11,2025,Durham Armory,Durham,36.0329550008979,-78.904037,,5.0
2025-11-10,11,2025,Garinger High School,Mecklenburg,35.2401000008895,-80.785683,26.0,4.0
2025-11-10,11,2025,Hattie Avenue,Forsyth,36.11094,-80.224501,,11.0
2025-11-10,11,2025,Leggett,Edgecombe,35.988278,-77.5843,,8.0
2025-11-10,11,2025,Mendenhall School,Guilford,36.1090060008986,-79.802314,,7.0
2025-11-10,11,2025,Millbrook School,Wake,35.856111,-78.574167,26.0,9.0
2025-11-10,11,2025,Old High School,Swain,35.498711,-83.310242,,9.0
2025-11-10,11,2025,Pitt Agri. Center,Pitt,35.6412760008938,-77.360126,,8.0
2025-11-10,11,2025,Rockwell,Rowan,35.551868,-80.395039,27.0,0.0
2025-11-10,11,2025,West Johnston Co.,Johnston,35.59095,-78.4622,,1.0
2025-11-11,11,2025,Bryson City,Swain,35.434767,-83.442133,,25.0
2025-11-11,11,2025,Castle Hayne,New Hanover,34.364167,-77.838611,,26.5
2025-11-11,11,2025,Clemmons Middle,Forsyth,36.026612,-80.341962,,16.0
2025-11-11,11,2025,Durham Armory,Durham,36.0329550008979,-78.904037,,13.0
2025-11-11,11,2025,Garinger High School,Mecklenburg,35.2401000008895,-80.785683,30.0,16.0
2025-11-11,11,2025,Hattie Avenue,Forsyth,36.11094,-80.224501,,15.0
2025-11-11,11,2025,Leggett,Edgecombe,35.988278,-77.5843,,14.0
2025-11-11,11,2025,Mendenhall School,Guilford,36.1090060008986,-79.802314,,9.0
2025-11-11,11,2025,Millbrook School,Wake,35.856111,-78.574167,29.0,14.0
2025-11-11,11,2025,Old High School,Swain,35.498711,-83.310242,,10.0
2025-11-11,11,2025,Pitt Agri. Center,Pitt,35.6412760008938,-77.360126,,16.0
2025-11-11,11,2025,Rockwell,Rowan,35.551868,-80.395039,31.0,9.0
2025-11-11,11,2025,West Johnston Co.,Johnston,35.59095,-78.4622,,11.0
2025-11-12,11,2025,Bryson City,Swain,35.434767,-83.442133,,36.0
2025-11-12,11,2025,Castle Hayne,New Hanover,34.364167,-77.838611,,45.5
2025-11-12,11,2025,Clemmons Middle,Forsyth,36.026612,-80.341962,,28.0
2025-11-12,11,2025,Durham Armory,Durham,36.0329550008979,-78.904037,,42.5
2025-11-12,11,2025,Garinger High School,Mecklenburg,35.2401000008895,-80.785683,36.0,47.5
2025-11-12,11,2025,Hattie Avenue,Forsyth,36.11094,-80.224501,,28.5
2025-11-12,11,2025,Leggett,Edgecombe,35.988278,-77.5843,,51.0
2025-11-12,11,2025,Mendenhall School,Guilford,36.1090060008986,-79.802314,,41.0
2025-11-12,11,2025,Millbrook School,Wake,35.856111,-78.574167,33.0,36.5
2025-11-12,11,2025,Old High School,Swain,35.498711,-83.310242,,17.0
2025-11-12,11,2025,Pitt Agri. Center,Pitt,35.6412760008938,-77.360126,,42.0
2025-11-12,11,2025,Rockwell,Rowan,35.551868,-80.395039,37.0,47.0
2025-11-12,11,2025,West Johnston Co.,Johnston,35.59095,-78.4622,,49.0
2025-11-13,11,2025,Bryson City,Swain,35.434767,-83.442133,,34.0
2025-11-13,11,2025,Castle Hayne,New Hanover,34.364167,-77.838611,,52.0
2025-11-13,11,2025,Clemmons Middle,Forsyth,36.026612,-80.341962,,31.0
2025-11-13,11,2025,Durham Armory,Durham,36.0329550008979,-78.904037,,41.5
2025-11-13,11,2025,Garinger High School,Mecklenburg,35.2401000008895,-80.785683,37.0,55.0
2025-11-13,11,2025,Hattie Avenue,Forsyth,36.11094,-80.224501,,24.0
2025-11-13,11,2025,Leggett,Edgecombe,35.988278,-77.5843,,46.0
2025-11-13,11,2025,Mendenhall School,Guilford,36.1090060008986,-79.802314,,44.0
2025-11-13,11,2025,Millbrook School,Wake,35.856111,-78.574167,36.0,37.0
2025-11-13,11,2025,Old High School,Swain,35.498711,-83.310242,,22.0
2025-11-13,11,2025,Pitt Agri. Center,Pitt,35.6412760008938,-77.360126,,35.0
2025-11-13,11,2025,Rockwell,Rowan,35.551868,-80.395039,39.0,52.0
2025-11-13,11,2025,West Johnston Co.,Johnston,35.59095,-78.4622,,52.0
2025-11-14,11,2025,Bryson City,Swain,35.434767,-83.442133,,54.0
2025-11-14,11,2025,Castle Hayne,New Hanover,34.364167,-77.838611,,42.5
2025-11-14,11,2025,Clemmons Middle,Forsyth,36.026612,-80.341962,,29.0
2025-11-14,11,2025,Durham Armory,Durham,36.0329550008979,-78.904037,,27.5
2025-11-14,11,2025,Garinger High School,Mecklenburg,35.2401000008895,-80.785683,39.0,48.0
2025-11-14,11,2025,Hattie Avenue,Forsyth,36.11094,-80.224501,,25.0
2025-11-14,11,2025,Leggett,Edgecombe,35.988278,-77.5843,,36.0
2025-11-14,11,2025,Mendenhall School,Guilford,36.1090060008986,-79.802314,,26.0
2025-11-14,11,2025,Millbrook School,Wake,35.856111,-78.574167,34.0,29.0
2025-11-14,11,2025,Old High School,Swain,35.498711,-83.310242,,21.0
2025-11-14,11,2025,Pitt Agri. Center,Pitt,35.6412760008938,-77.360126,,40.0
2025-11-14,11,2025,Rockwell,Rowan,35.551868,-80.395039,40.0,47.0
2025-11-14,11,2025,West Johnston Co.,Johnston,35.59095,-78.4622,,49.0
2025-11-15,11,2025,Bryson City,Swain,35.434767,-83.442133,,57.0
2025-11-15,11,2025,Castle Hayne,New Hanover,34.364167,-77.838611,,55.0
2025-11-15,11,2025,Clemmons Middle,Forsyth,36.026612,-80.341962,,54.5
2025-11-15,11,2025,Durham Armory,Durham,36.0329550008979,-78.904037,,51.0
2025-11-15,11,2025,Garinger High School,Mecklenburg,35.2401000008895,-80.785683,42.0,54.5
2025-11-15,11,2025,Hattie Avenue,Forsyth,36.11094,-80.224501,,54.5
2025-11-15,11,2025,Leggett,Edgecombe,35.988278,-77.5843,,52.0
2025-11-15,11,2025,Mendenhall School,Guilford,36.1090060008986,-79.802314,,54.0
2025-11-15,11,2025,Millbrook School,Wake,35.856111,-78.574167,40.0,53.0
2025-11-15,11,2025,Old High School,Swain,35.498711,-83.310242,,32.5
2025-11-15,11,2025,Pitt Agri. Center,Pitt,35.6412760008938,-77.360126,,53.0
2025-11-15,11,2025,Rockwell,Rowan,35.551868,-80.395039,42.0,53.0
2025-11-15,11,2025,West Johnston Co.,Johnston,35.59095,-78.4622,,54.0
2025-11-16,11,2025,Bryson City,Swain,35.434767,-83.442133,,29.0
2025-11-16,11,2025,Castle Hayne,New Hanover,34.364167,-77.838611,,58.5
2025-11-16,11,2025,Clemmons Middle,Forsyth,36.026612,-80.341962,,36.0
2025-11-16,11,2025,Durham Armory,Durham,36.0329550008979,-78.904037,,40.5
2025-11-16,11,2025,Garinger High School,Mecklenburg,35.2401000008895,-80.785683,36.0,43.0
2025-11-16,11,2025,Hattie Avenue,Forsyth,36.11094,-80.224501,,37.0
2025-11-16,11,2025,Leggett,Edgecombe,35.988278,-77.5843,,39.0
2025-11-16,11,2025,Mendenhall School,Guilford,36.1090060008986,-79.802314,,30.0
2025-11-16,11,2025,Millbrook School,Wake,35.856111,-78.574167,38.0,50.0
2025-11-16,11,2025,Old High School,Swain,35.498711,-83.310242,,25.0
2025-11-16,11,2025,Pitt Agri. Center,Pitt,35.6412760008938,-77.360126,,44.0
2025-11-16,11,2025,Rockwell,Rowan,35.551868,-80.395039,37.0,38.0
2025-11-16,11,2025,West Johnston Co.,Johnston,35.59095,-78.4622,,46.0
2025-11-17,11,2025,Bryson City,Swain,35.434767,-83.442133,,13.0
2025-11-17,11,2025,Castle Hayne,New Hanover,34.364167,-77.838611,,28.0
2025-11-17,11,2025,Clemmons Middle,Forsyth,36.026612,-80.341962,,17.0
2025-11-17,11,2025,Durham Armory,Durham,36.0329550008979,-78.904037,,19.0
2025-11-17,11,2025,Garinger High School,Mecklenburg,35.2401000008895,-80.785683,35.0,29.0
2025-11-17,11,2025,Hattie Avenue,Forsyth,36.11094,-80.224501,,16.0
2025-11-17,11,2025,Leggett,Edgecombe,35.988278,-77.5843,,16.0
2025-11-17,11,2025,Mendenhall School,Guilford,36.1090060008986,-79.802314,,19.0
2025-11-17,11,2025,Millbrook School,Wake,35.856111,-78.574167,36.0,20.5
2025-11-17,11,2025,Old High School,Swain,35.498711,-83.310242,,11.0
2025-11-17,11,2025,Pitt Agri. Center,Pitt,35.6412760008938,-77.360126,,21.0
2025-11-17,11,2025,Rockwell,Rowan,35.551868,-80.395039,38.0,11.0
2025-11-17,11,2025,West Johnston Co.,Johnston,35.59095,-78.4622,,27.0
2025-11-18,11,2025,Bryson City,Swain,35.434767,-83.442133,,36.0
2025-11-18,11,2025,Castle Hayne,New Hanover,34.364167,-77.838611,,36.0
2025-11-18,11,2025,Clemmons Middle,Forsyth,36.026612,-80.341962,,33.0
2025-11-18,11,2025,Durham Armory,Durham,36.0329550008979,-78.904037,,33.0
2025-11-18,11,2025,Garinger High School,Mecklenburg,35.2401000008895,-80.785683,41.0,43.0
2025-11-18,11,2025,Hattie Avenue,Forsyth,36.11094,-80.224501,,31.5
2025-11-18,11,2025,Leggett,Edgecombe,35.988278,-77.5843,,34.0
2025-11-18,11,2025,Mendenhall School,Guilford,36.1090060008986,-79.802314,,32.0
2025-11-18,11,2025,Millbrook School,Wake,35.856111,-78.574167,34.0,42.0
2025-11-18,11,2025,Old High School,Swain,35.498711,-83.310242,,15.0
2025-11-18,11,2025,Pitt Agri. Center,Pitt,35.6412760008938,-77.360126,,52.0
2025-11-18,11,2025,Rockwell,Rowan,35.551868,-80.395039,40.0,38.0
2025-11-18,11,2025,West Johnston Co.,Johnston,35.59095,-78.4622,,46.0
2025-11-19,11,2025,Bryson City,Swain,35.434767,-83.442133,,47.0
2025-11-19,11,2025,Castle Hayne,New Hanover,34.364167,-77.838611,,46.5
2025-11-19,11,2025,Clemmons Middle,Forsyth,36.026612,-80.341962,,52.0
2025-11-19,11,2025,Durham Armory,Durham,36.0329550008979,-78.904037,,51.5
2025-11-19,11,2025,Garinger High School,Mecklenburg,35.2401000008895,-80.785683,39.0,55.0
2025-11-19,11,2025,Hattie Avenue,Forsyth,36.11094,-80.224501,,52.0
2025-11-19,11,2025,Leggett,Edgecombe,35.988278,-77.5843,,43.0
2025-11-19,11,2025,Mendenhall School,Guilford,36.1090060008986,-79.802314,,52.0
2025-11-19,11,2025,Millbrook School,Wake,35.856111,-78.574167,36.0,46.0
2025-11-19,11,2025,Old High School,Swain,35.498711,-83.310242,,28.0
2025-11-19,11,2025,Pitt Agri. Center,Pitt,35.6412760008938,-77.360126,,47.0
2025-11-19,11,2025,Rockwell,Rowan,35.551868,-80.395039,39.0,53.0
2025-11-19,11,2025,West Johnston Co.,Johnston,35.59095,-78.4622,,53.0
2025-11-20,11,2025,Bryson City,Swain,35.434767,-83.442133,,51.0
2025-11-20,11,2025,Castle Hayne,New Hanover,34.364167,-77.838611,,53.0
2025-11-20,11,2025,Clemmons Middle,Forsyth,36.026612,-80.341962,,55.0
2025-11-20,11,2025,Durham Armory,Durham,36.0329550008979,-78.904037,,48.5
2025-11-20,11,2025,Garinger High School,Mecklenburg,35.2401000008895,-80.785683,37.0,63.0
2025-11-20,11,2025,Hattie Avenue,Forsyth,36.11094,-80.224501,,53.0
2025-11-20,11,2025,Leggett,Edgecombe,35.988278,-77.5843,,43.0
2025-11-20,11,2025,Mendenhall School,Guilford,36.1090060008986,-79.802314,,47.0
2025-11-20,11,2025,Millbrook School,Wake,35.856111,-78.574167,25.0,54.0
2025-11-20,11,2025,Old High School,Swain,35.498711,-83.310242,,37.0
2025-11-20,11,2025,Pitt Agri. Center,Pitt,35.6412760008938,-77.360126,,53.0
2025-11-20,11,2025,Rockwell,Rowan,35.551868,-80.395039,34.0,58.0
2025-11-20,11,2025,West Johnston Co.,Johnston,35.59095,-78.4622,,52.0
2025-11-21,11,2025,Bryson City,Swain,35.434767,-83.442133,,54.0
2025-11-21,11,2025,Castle Hayne,New Hanover,34.364167,-77.838611,,57.0
2025-11-21,11,2025,Clemmons Middle,Forsyth,36.026612,-80.341962,,81.0
2025-11-21,11,2025,Durham Armory,Durham,36.0329550008979,-78.904037,,71.0
2025-11-21,11,2025,Garinger High School,Mecklenburg,35.2401000008895,-80.785683,25.0,81.0
2025-11-21,11,2025,Hattie Avenue,Forsyth,36.11094,-80.224501,,84.5
2025-11-21,11,2025,Leggett,Edgecombe,35.988278,-77.5843,,61.0
2025-11-21,11,2025,Mendenhall School,Guilford,36.1090060008986,-79.802314,,76.0
2025-11-21,11,2025,Millbrook School,Wake,35.856111,-78.574167,12.0,72.0
2025-11-21,11,2025,Old High School,Swain,35.498711,-83.310242,,46.5
2025-11-21,11,2025,Pitt Agri. Center,Pitt,35.6412760008938,-77.360126,,62.0
2025-11-21,11,2025,Rockwell,Rowan,35.551868,-80.395039,20.0,88.0
2025-11-21,11,2025,West Johnston Co.,Johnston,35.59095,-78.4622,,65.0
2025-11-22,11,2025,Bryson City,Swain,35.434767,-83.442133,,46.0
2025-11-22,11,2025,Castle Hayne,New Hanover,34.364167,-77.838611,,59.0
2025-11-22,11,2025,Clemmons Middle,Forsyth,36.026612,-80.341962,,58.0
2025-11-22,11,2025,Durham Armory,Durham,36.0329550008979,-78.904037,,62.0
2025-11-22,11,2025,Garinger High School,Mecklenburg,35.2401000008895,-80.785683,30.0,37.0
2025-11-22,11,2025,Hattie Avenue,Forsyth,36.11094,-80.224501,,63.0
2025-11-22,11,2025,Leggett,Edgecombe,35.988278,-77.5843,,58.0
2025-11-22,11,2025,Mendenhall School,Guilford,36.1090060008986,-79.802314,,59.0
2025-11-22,11,2025,Millbrook School,Wake,35.856111,-78.574167,27.0,65.0
2025-11-22,11,2025,Old High School,Swain,35.498711,-83.310242,,25.0
2025-11-22,11,2025,Pitt Agri. Center,Pitt,35.6412760008938,-77.360126,,55.0
2025-11-22,11,2025,Rockwell,Rowan,35.551868,-80.395039,31.0,44.0
2025-11-22,11,2025,West Johnston Co.,Johnston,35.59095,-78.4622,,56.0
2025-11-23,11,2025,Bryson City,Swain,35.434767,-83.442133,,34.0
2025-11-23,11,2025,Castle Hayne,New Hanover,34.364167,-77.838611,,53.5
2025-11-23,11,2025,Clemmons Middle,Forsyth,36.026612,-80.341962,,30.0
2025-11-23,11,2025,Durham Armory,Durham,36.0329550008979,-78.904037,,34.5
2025-11-23,11,2025,Garinger High School,Mecklenburg,35.2401000008895,-80.785683,33.0,46.0
2025-11-23,11,2025,Hattie Avenue,Forsyth,36.11094,-80.224501,,29.0
2025-11-23,11,2025,Leggett,Edgecombe,35.988278,-77.5843,,31.0
2025-11-23,11,2025,Mendenhall School,Guilford,36.1090060008986,-79.802314,,29.0
2025-11-23,11,2025,Millbrook School,Wake,35.856111,-78.574167,30.0,43.0
2025-11-23,11,2025,Old High School,Swain,35.498711,-83.310242,,12.0
2025-11-23,11,2025,Pitt Agri. Center,Pitt,35.6412760008938,-77.360126,,25.0
2025-11-23,11,2025,Rockwell,Rowan,35.551868,-80.395039,32.0,37.0
2025-11-23,11,2025,West Johnston Co.,Johnston,35.59095,-78.4622,,40.0
2025-11-24,11,2025,Bryson City,Swain,35.434767,-83.442133,,55.0
2025-11-24,11,2025,Castle Hayne,New Hanover,34.364167,-77.838611,,54.5
2025-11-24,11,2025,Clemmons Middle,Forsyth,36.026612,-80.341962,,31.0
2025-11-24,11,2025,Durham Armory,Durham,36.0329550008979,-78.904037,,37.0
2025-11-24,11,2025,Garinger High School,Mecklenburg,35.2401000008895,-80.785683,34.0,40.5
2025-11-24,11,2025,Hattie Avenue,Forsyth,36.11094,-80.224501,,32.0
2025-11-24,11,2025,Leggett,Edgecombe,35.988278,-77.5843,,36.0
2025-11-24,11,2025,Mendenhall School,Guilford,36.1090060008986,-79.802314,,21.0
2025-11-24,11,2025,Millbrook School,Wake,35.856111,-78.574167,34.0,46.0
2025-11-24,11,2025,Old High School,Swain,35.498711,-83.310242,,18.0
2025-11-24,11,2025,Pitt Agri. Center,Pitt,35.6412760008938,-77.360126,,41.0
2025-11-24,11,2025,Rockwell,Rowan,35.551868,-80.395039,34.0,45.0
2025-11-24,11,2025,West Johnston Co.,Johnston,35.59095,-78.4622,,41.0
2025-11-25,11,2025,Bryson City,Swain,35.434767,-83.442133,,54.0
2025-11-25,11,2025,Castle Hayne,New Hanover,34.364167,-77.838611,,24.0
2025-11-25,11,2025,Clemmons Middle,Forsyth,36.026612,-80.341962,,56.0
2025-11-25,11,2025,Durham Armory,Durham,36.0329550008979,-78.904037,,46.0
2025-11-25,11,2025,Garinger High School,Mecklenburg,35.2401000008895,-80.785683,31.0,33.0
2025-11-25,11,2025,Hattie Avenue,Forsyth,36.11094,-80.224501,,56.0
2025-11-25,11,2025,Leggett,Edgecombe,35.988278,-77.5843,,36.0
2025-11-25,11,2025,Mendenhall School,Guilford,36.1090060008986,-79.802314,,45.0
2025-11-25,11,2025,Millbrook School,Wake,35.856111,-78.574167,32.0,39.0
2025-11-25,11,2025,Old High School,Swain,35.498711,-83.310242,,28.0
2025-11-25,11,2025,Pitt Agri. Center,Pitt,35.6412760008938,-77.360126,,28.0
2025-11-25,11,2025,Rockwell,Rowan,35.551868,-80.395039,28.0,49.0
2025-11-25,11,2025,West Johnston Co.,Johnston,35.59095,-78.4622,,47.0
2025-11-26,11,2025,Bryson City,Swain,35.434767,-83.442133,,18.0
2025-11-26,11,2025,Castle Hayne,New Hanover,34.364167,-77.838611,,36.0
2025-11-26,11,2025,Clemmons Middle,Forsyth,36.026612,-80.341962,,54.0
2025-11-26,11,2025,Durham Armory,Durham,36.0329550008979,-78.904037,,38.5
2025-11-26,11,2025,Garinger High School,Mecklenburg,35.2401000008895,-80.785683,33.0,37.0
2025-11-26,11,2025,Hattie Avenue,Forsyth,36.11094,-80.224501,,54.0
2025-11-26,11,2025,Leggett,Edgecombe,35.988278,-77.5843,,34.0
2025-11-26,11,2025,Mendenhall School,Guilford,36.1090060008986,-79.802314,,39.0
2025-11-26,11,2025,Millbrook School,Wake,35.856111,-78.574167,32.0,36.0
2025-11-26,11,2025,Old High School,Swain,35.498711,-83.310242,,16.0
2025-11-26,11,2025,Pitt Agri. Center,Pitt,35.6412760008938,-77.360126,,24.0
2025-11-26,11,2025,Rockwell,Rowan,35.551868,-80.395039,34.0,33.0
2025-11-26,11,2025,West Johnston Co.,Johnston,35.59095,-78.4622,,33.0
2025-11-27,11,2025,Bryson City,Swain,35.434767,-83.442133,,11.0
2025-11-27,11,2025,Castle Hayne,New Hanover,34.364167,-77.838611,,29.5
2025-11-27,11,2025,Clemmons Middle,Forsyth,36.026612,-80.341962,,17.0
2025-11-27,11,2025,Durham Armory,Durham,36.0329550008979,-78.904037,,14.0
2025-11-27,11,2025,Garinger High School,Mecklenburg,35.2401000008895,-80.785683,33.0,13.5
2025-11-27,11,2025,Hattie Avenue,Forsyth,36.11094,-80.224501,,16.5
2025-11-27,11,2025,Leggett,Edgecombe,35.988278,-77.5843,,18.0
2025-11-27,11,2025,Mendenhall School,Guilford,36.1090060008986,-79.802314,,20.0
2025-11-27,11,2025,Millbrook School,Wake,35.856111,-78.574167,32.0,15.0
2025-11-27,11,2025,Old High School,Swain,35.498711,-83.310242,,10.0
2025-11-27,11,2025,Pitt Agri. Center,Pitt,35.6412760008938,-77.360126,,10.0
2025-11-27,11,2025,Rockwell,Rowan,35.551868,-80.395039,33.0,7.0
2025-11-27,11,2025,West Johnston Co.,Johnston,35.59095,-78.4622,,11.0
2025-11-28,11,2025,Bryson City,Swain,35.434767,-83.442133,,28.0
2025-11-28,11,2025,Castle Hayne,New Hanover,34.364167,-77.838611,,28.5
2025-11-28,11,2025,Clemmons Middle,Forsyth,36.026612,-80.341962,,29.0
2025-11-28,11,2025,Durham Armory,Durham,36.0329550008979,-78.904037,,19.0
2025-11-28,11,2025,Garinger High School,Mecklenburg,35.2401000008895,-80.785683,31.0,24.0
2025-11-28,11,2025,Hattie Avenue,Forsyth,36.11094,-80.224501,,22.0
2025-11-28,11,2025,Leggett,Edgecombe,35.988278,-77.5843,,19.0
2025-11-28,11,2025,Mendenhall School,Guilford,36.1090060008986,-79.802314,,19.0
2025-11-28,11,2025,Millbrook School,Wake,35.856111,-78.574167,31.0,19.0
2025-11-28,11,2025,Old High School,Swain,35.498711,-83.310242,,15.0
2025-11-28,11,2025,Pitt Agri. Center,Pitt,35.6412760008938,-77.360126,,19.0
2025-11-28,11,2025,Rockwell,Rowan,35.551868,-80.395039,31.0,17.0
2025-11-28,11,2025,West Johnston Co.,Johnston,35.59095,-78.4622,,23.0
2025-11-29,11,2025,Bryson City,Swain,35.434767,-83.442133,,41.0
2025-11-29,11,2025,Castle Hayne,New Hanover,34.364167,-77.838611,,32.0
2025-11-29,11,2025,Clemmons Middle,Forsyth,36.026612,-80.341962,,35.0
2025-11-29,11,2025,Durham Armory,Durham,36.0329550008979,-78.904037,,28.0
2025-11-29,11,2025,Garinger High School,Mecklenburg,35.2401000008895,-80.785683,31.0,38.0
2025-11-29,11,2025,Hattie Avenue,Forsyth,36.11094,-80.224501,,39.0
2025-11-29,11,2025,Leggett,Edgecombe,35.988278,-77.5843,,24.0
2025-11-29,11,2025,Mendenhall School,Guilford,36.1090060008986,-79.802314,,26.0
2025-11-29,11,2025,Millbrook School,Wake,35.856111,-78.574167,30.0,37.0
2025-11-29,11,2025,Old High School,Swain,35.498711,-83.310242,,17.0
2025-11-29,11,2025,Pitt Agri. Center,Pitt,35.6412760008938,-77.360126,,24.0
2025-11-29,11,2025,Rockwell,Rowan,35.551868,-80.395039,31.0,27.0
2025-11-29,11,2025,West Johnston Co.,Johnston,35.59095,-78.4622,,36.0
2025-11-30,11,2025,Bryson City,Swain,35.434767,-83.442133,,33.0
2025-11-30,11,2025,Castle Hayne,New Hanover,34.364167,-77.838611,,19.5
2025-11-30,11,2025,Clemmons Middle,Forsyth,36.026612,-80.341962,,55.0
2025-11-30,11,2025,Durham Armory,Durham,36.0329550008979,-78.904037,,45.0
2025-11-30,11,2025,Garinger High School,Mecklenburg,35.2401000008895,-80.785683,20.0,47.0
2025-11-30,11,2025,Hattie Avenue,Forsyth,36.11094,-80.224501,,53.0
2025-11-30,11,2025,Leggett,Edgecombe,35.988278,-77.5843,,34.0
2025-11-30,11,2025,Mendenhall School,Guilford,36.1090060008986,-79.802314,,47.0
2025-11-30,11,2025,Millbrook School,Wake,35.856111,-78.574167,26.0,39.0
2025-11-30,11,2025,Old High School,Swain,35.498711,-83.310242,,22.0
2025-11-30,11,2025,Pitt Agri. Center,Pitt,35.6412760008938,-77.360126,,36.0
2025-11-30,11,2025,Rockwell,Rowan,35.551868,-80.395039,25.0,51.0
2025-11-30,11,2025,West Johnston Co.,Johnston,35.59095,-78.4622,,41.0
2025-12-01,12,2025,Bryson City,Swain,35.434767,-83.442133,,28.0
2025-12-01,12,2025,Castle Hayne,New Hanover,34.364167,-77.838611,,38.5
2025-12-01,12,2025,Clemmons Middle,Forsyth,36.026612,-80.341962,,38.0
2025-12-01,12,2025,Durham Armory,Durham,36.0329550008979,-78.904037,,29.0
2025-12-01,12,2025,Garinger High School,Mecklenburg,35.2401000008895,-80.785683,25.0,36.0
2025-12-01,12,2025,Hattie Avenue,Forsyth,36.11094,-80.224501,,42.0
2025-12-01,12,2025,Leggett,Edgecombe,35.988278,-77.5843,,28.0
2025-12-01,12,2025,Mendenhall School,Guilford,36.1090060008986,-79.802314,,28.0
2025-12-01,12,2025,Millbrook School,Wake,35.856111,-78.574167,27.0,37.0
2025-12-01,12,2025,Old High School,Swain,35.498711,-83.310242,,19.0
2025-12-01,12,2025,Pitt Agri. Center,Pitt,35.6412760008938,-77.360126,,27.0
2025-12-01,12,2025,Rockwell,Rowan,35.551868,-80.395039,26.0,31.0
2025-12-01,12,2025,West Johnston Co.,Johnston,35.59095,-78.4622,,22.0
2025-12-02,12,2025,Bryson City,Swain,35.434767,-83.442133,,19.0
2025-12-02,12,2025,Castle Hayne,New Hanover,34.364167,-77.838611,,28.5
2025-12-02,12,2025,Clemmons Middle,Forsyth,36.026612,-80.341962,,41.0
2025-12-02,12,2025,Durham Armory,Durham,36.0329550008979,-78.904037,,27.0
2025-12-02,12,2025,Garinger High School,Mecklenburg,35.2401000008895,-80.785683,13.0,37.0
2025-12-02,12,2025,Hattie Avenue,Forsyth,36.11094,-80.224501,,37.0
2025-12-02,12,2025,Leggett,Edgecombe,35.988278,-77.5843,,22.0
2025-12-02,12,2025,Mendenhall School,Guilford,36.1090060008986,-79.802314,,33.0
2025-12-02,12,2025,Millbrook School,Wake,35.856111,-78.574167,,29.0
2025-12-02,12,2025,Old High School,Swain,35.498711,-83.310242,,7.0
2025-12-02,12,2025,Pitt Agri. Center,Pitt,35.6412760008938,-77.360126,,23.0
2025-12-02,12,2025,Rockwell,Rowan,35.551868,-80.395039,24.0,29.0
2025-12-02,12,2025,West Johnston Co.,Johnston,35.59095,-78.4622,,31.0
2025-12-03,12,2025,Bryson City,Swain,35.434767,-83.442133,,25.0
2025-12-03,12,2025,Castle Hayne,New Hanover,34.364167,-77.838611,,47.5
2025-12-03,12,2025,Clemmons Middle,Forsyth,36.026612,-80.341962,,37.0
2025-12-03,12,2025,Durham Armory,Durham,36.0329550008979,-78.904037,,34.0
2025-12-03,12,2025,Garinger High School,Mecklenburg,35.2401000008895,-80.785683,26.0,37.5
2025-12-03,12,2025,Hattie Avenue,Forsyth,36.11094,-80.224501,,35.5
2025-12-03,12,2025,Leggett,Edgecombe,35.988278,-77.5843,,31.0
2025-12-03,12,2025,Mendenhall School,Guilford,36.1090060008986,-79.802314,,42.0
2025-12-03,12,2025,Millbrook School,Wake,35.856111,-78.574167,,41.0
2025-12-03,12,2025,Old High School,Swain,35.498711,-83.310242,,13.0
2025-12-03,12,2025,Pitt Agri. Center,Pitt,35.6412760008938,-77.360126,,34.0
2025-12-03,12,2025,Rockwell,Rowan,35.551868,-80.395039,,31.0
2025-12-03,12,2025,West Johnston Co.,Johnston,35.59095,-78.4622,,32.0
2025-12-04,12,2025,Bryson City,Swain,35.434767,-83.442133,,53.0
2025-12-04,12,2025,Castle Hayne,New Hanover,34.364167,-77.838611,,56.5
2025-12-04,12,2025,Clemmons Middle,Forsyth,36.026612,-80.341962,,55.0
2025-12-04,12,2025,Durham Armory,Durham,36.0329550008979,-78.904037,,47.0
2025-12-04,12,2025,Garinger High School,Mecklenburg,35.2401000008895,-80.785683,12.0,60.0
2025-12-04,12,2025,Hattie Avenue,Forsyth,36.11094,-80.224501,,54.0
2025-12-04,12,2025,Leggett,Edgecombe,35.988278,-77.5843,,52.0
2025-12-04,12,2025,Mendenhall School,Guilford,36.1090060008986,-79.802314,,50.0
2025-12-04,12,2025,Millbrook School,Wake,35.856111,-78.574167,19.0,54.0
2025-12-04,12,2025,Old High School,Swain,35.498711,-83.310242,,23.0
2025-12-04,12,2025,Pitt Agri. Center,Pitt,35.6412760008938,-77.360126,,56.0
2025-12-04,12,2025,Rockwell,Rowan,35.551868,-80.395039,,60.0
2025-12-04,12,2025,West Johnston Co.,Johnston,35.59095,-78.4622,,58.0
2025-12-05,12,2025,Bryson City,Swain,35.434767,-83.442133,,21.0
2025-12-05,12,2025,Castle Hayne,New Hanover,34.364167,-77.838611,,42.0
2025-12-05,12,2025,Clemmons Middle,Forsyth,36.026612,-80.341962,,44.0
2025-12-05,12,2025,Durham Armory,Durham,36.0329550008979,-78.904037,,34.0
2025-12-05,12,2025,Garinger High School,Mecklenburg,35.2401000008895,-80.785683,12.0,43.0
2025-12-05,12,2025,Hattie Avenue,Forsyth,36.11094,-80.224501,,37.0
2025-12-05,12,2025,Leggett,Edgecombe,35.988278,-77.5843,,26.0
2025-12-05,12,2025,Mendenhall School,Guilford,36.1090060008986,-79.802314,,33.0
2025-12-05,12,2025,Millbrook School,Wake,35.856111,-78.574167,17.0,35.0
2025-12-05,12,2025,Old High School,Swain,35.498711,-83.310242,,11.0
2025-12-05,12,2025,Pitt Agri. Center,Pitt,35.6412760008938,-77.360126,,26.0
2025-12-05,12,2025,Rockwell,Rowan,35.551868,-80.395039,15.0,47.0
2025-12-05,12,2025,West Johnston Co.,Johnston,35.59095,-78.4622,,33.0
2025-12-06,12,2025,Bryson City,Swain,35.434767,-83.442133,,56.0
2025-12-06,12,2025,Castle Hayne,New Hanover,34.364167,-77.838611,,36.5
2025-12-06,12,2025,Clemmons Middle,Forsyth,36.026612,-80.341962,,59.0
2025-12-06,12,2025,Durham Armory,Durham,36.0329550008979,-78.904037,,48.5
2025-12-06,12,2025,Garinger High School,Mecklenburg,35.2401000008895,-80.785683,6.0,58.5
2025-12-06,12,2025,Hattie Avenue,Forsyth,36.11094,-80.224501,,53.5
2025-12-06,12,2025,Leggett,Edgecombe,35.988278,-77.5843,,37.0
2025-12-06,12,2025,Mendenhall School,Guilford,36.1090060008986,-79.802314,,52.0
2025-12-06,12,2025,Millbrook School,Wake,35.856111,-78.574167,9.0,53.0
2025-12-06,12,2025,Old High School,Swain,35.498711,-83.310242,,15.0
2025-12-06,12,2025,Pitt Agri. Center,Pitt,35.6412760008938,-77.360126,,33.0
2025-12-06,12,2025,Rockwell,Rowan,35.551868,-80.395039,8.0,51.0
2025-12-06,12,2025,West Johnston Co.,Johnston,35.59095,-78.4622,,44.0
2025-12-07,12,2025,Bryson City,Swain,35.434767,-83.442133,,42.0
2025-12-07,12,2025,Castle Hayne,New Hanover,34.364167,-77.838611,,63.0
2025-12-07,12,2025,Clemmons Middle,Forsyth,36.026612,-80.341962,,56.0
2025-12-07,12,2025,Durham Armory,Durham,36.0329550008979,-78.904037,,58.0
2025-12-07,12,2025,Garinger High School,Mecklenburg,35.2401000008895,-80.785683,7.0,51.0
2025-12-07,12,2025,Hattie Avenue,Forsyth,36.11094,-80.224501,,56.0
2025-12-07,12,2025,Leggett,Edgecombe,35.988278,-77.5843,,53.0
2025-12-07,12,2025,Mendenhall School,Guilford,36.1090060008986,-79.802314,,52.0
2025-12-07,12,2025,Millbrook School,Wake,35.856111,-78.574167,10.0,61.0
2025-12-07,12,2025,Old High School,Swain,35.498711,-83.310242,,14.0
2025-12-07,12,2025,Pitt Agri. Center,Pitt,35.6412760008938,-77.360126,,53.0
2025-12-07,12,2025,Rockwell,Rowan,35.551868,-80.395039,6.0,56.0
2025-12-07,12,2025,West Johnston Co.,Johnston,35.59095,-78.4622,,59.0
2025-12-08,12,2025,Bryson City,Swain,35.434767,-83.442133,,52.0
2025-12-08,12,2025,Castle Hayne,New Hanover,34.364167,-77.838611,,52.5
2025-12-08,12,2025,Clemmons Middle,Forsyth,36.026612,-80.341962,,56.0
2025-12-08,12,2025,Durham Armory,Durham,36.0329550008979,-78.904037,,51.0
2025-12-08,12,2025,Garinger High School,Mecklenburg,35.2401000008895,-80.785683,19.0,46.0
2025-12-08,12,2025,Hattie Avenue,Forsyth,36.11094,-80.224501,,55.0
2025-12-08,12,2025,Leggett,Edgecombe,35.988278,-77.5843,,33.0
2025-12-08,12,2025,Mendenhall School,Guilford,36.1090060008986,-79.802314,,53.0
2025-12-08,12,2025,Millbrook School,Wake,35.856111,-78.574167,26.0,54.0
2025-12-08,12,2025,Old High School,Swain,35.498711,-83.310242,,17.0
2025-12-08,12,2025,Pitt Agri. Center,Pitt,35.6412760008938,-77.360126,,37.0
2025-12-08,12,2025,Rockwell,Rowan,35.551868,-80.395039,23.0,47.0
2025-12-08,12,2025,West Johnston Co.,Johnston,35.59095,-78.4622,,44.0
2025-12-09,12,2025,Bryson City,Swain,35.434767,-83.442133,,32.0
2025-12-09,12,2025,Castle Hayne,New Hanover,34.364167,-77.838611,,30.0
2025-12-09,12,2025,Clemmons Middle,Forsyth,36.026612,-80.341962,,40.0
2025-12-09,12,2025,Durham Armory,Durham,36.0329550008979,-78.904037,,33.0
2025-12-09,12,2025,Garinger High School,Mecklenburg,35.2401000008895,-80.785683,20.0,41.0
2025-12-09,12,2025,Hattie Avenue,Forsyth,36.11094,-80.224501,,38.0
2025-12-09,12,2025,Leggett,Edgecombe,35.988278,-77.5843,,23.0
2025-12-09,12,2025,Mendenhall School,Guilford,36.1090060008986,-79.802314,,39.0
2025-12-09,12,2025,Millbrook School,Wake,35.856111,-78.574167,26.0,36.0
2025-12-09,12,2025,Old High School,Swain,35.498711,-83.310242,,16.0
2025-12-09,12,2025,Pitt Agri. Center,Pitt,35.6412760008938,-77.360126,,24.0
2025-12-09,12,2025,Rockwell,Rowan,35.551868,-80.395039,25.0,37.0
2025-12-09,12,2025,West Johnston Co.,Johnston,35.59095,-78.4622,,28.0
2025-12-10,12,2025,Bryson City,Swain,35.434767,-83.442133,,37.0
2025-12-10,12,2025,Castle Hayne,New Hanover,34.364167,-77.838611,,42.5
2025-12-10,12,2025,Clemmons Middle,Forsyth,36.026612,-80.341962,,53.0
2025-12-10,12,2025,Durham Armory,Durham,36.0329550008979,-78.904037,,48.5
2025-12-10,12,2025,Garinger High School,Mecklenburg,35.2401000008895,-80.785683,30.0,39.0
2025-12-10,12,2025,Hattie Avenue,Forsyth,36.11094,-80.224501,,53.0
2025-12-10,12,2025,Leggett,Edgecombe,35.988278,-77.5843,,42.0
2025-12-10,12,2025,Mendenhall School,Guilford,36.1090060008986,-79.802314,,45.0
2025-12-10,12,2025,Millbrook School,Wake,35.856111,-78.574167,27.0,52.0
2025-12-10,12,2025,Old High School,Swain,35.498711,-83.310242,,22.0
2025-12-10,12,2025,Pitt Agri. Center,Pitt,35.6412760008938,-77.360126,,46.0
2025-12-10,12,2025,Rockwell,Rowan,35.551868,-80.395039,31.0,41.0
2025-12-10,12,2025,West Johnston Co.,Johnston,35.59095,-78.4622,,43.0
2025-12-11,12,2025,Bryson City,Swain,35.434767,-83.442133,,18.0
2025-12-11,12,2025,Castle Hayne,New Hanover,34.364167,-77.838611,,31.0
2025-12-11,12,2025,Clemmons Middle,Forsyth,36.026612,-80.341962,,18.0
2025-12-11,12,2025,Durham Armory,Durham,36.0329550008979,-78.904037,,13.5
2025-12-11,12,2025,Garinger High School,Mecklenburg,35.2401000008895,-80.785683,27.0,15.0
2025-12-11,12,2025,Hattie Avenue,Forsyth,36.11094,-80.224501,,18.0
2025-12-11,12,2025,Leggett,Edgecombe,35.988278,-77.5843,,13.0
2025-12-11,12,2025,Mendenhall School,Guilford,36.1090060008986,-79.802314,,18.0
2025-12-11,12,2025,Millbrook School,Wake,35.856111,-78.574167,26.0,16.5
2025-12-11,12,2025,Old High School,Swain,35.498711,-83.310242,,13.0
2025-12-11,12,2025,Pitt Agri. Center,Pitt,35.6412760008938,-77.360126,,20.0
2025-12-11,12,2025,Rockwell,Rowan,35.551868,-80.395039,28.0,12.0
2025-12-11,12,2025,West Johnston Co.,Johnston,35.59095,-78.4622,,17.0
2025-12-12,12,2025,Bryson City,Swain,35.434767,-83.442133,,51.0
2025-12-12,12,2025,Castle Hayne,New Hanover,34.364167,-77.838611,,31.5
2025-12-12,12,2025,Clemmons Middle,Forsyth,36.026612,-80.341962,,50.0
2025-12-12,12,2025,Durham Armory,Durham,36.0329550008979,-78.904037,,39.0
2025-12-12,12,2025,Garinger High School,Mecklenburg,35.2401000008895,-80.785683,27.0,33.0
2025-12-12,12,2025,Hattie Avenue,Forsyth,36.11094,-80.224501,,39.0
2025-12-12,12,2025,Leggett,Edgecombe,35.988278,-77.5843,,23.0
2025-12-12,12,2025,Mendenhall School,Guilford,36.1090060008986,-79.802314,,36.0
2025-12-12,12,2025,Millbrook School,Wake,35.856111,-78.574167,22.0,40.0
2025-12-12,12,2025,Old High School,Swain,35.498711,-83.310242,,22.0
2025-12-12,12,2025,Pitt Agri. Center,Pitt,35.6412760008938,-77.360126,,26.0
2025-12-12,12,2025,Rockwell,Rowan,35.551868,-80.395039,24.0,63.0
2025-12-12,12,2025,West Johnston Co.,Johnston,35.59095,-78.4622,,34.0
2025-12-13,12,2025,Bryson City,Swain,35.434767,-83.442133,,66.0
2025-12-13,12,2025,Castle Hayne,New Hanover,34.364167,-77.838611,,44.0
2025-12-13,12,2025,Clemmons Middle,Forsyth,36.026612,-80.341962,,68.0
2025-12-13,12,2025,Durham Armory,Durham,36.0329550008979,-78.904037,,59.5
2025-12-13,12,2025,Garinger High School,Mecklenburg,35.2401000008895,-80.785683,31.0,59.0
2025-12-13,12,2025,Hattie Avenue,Forsyth,36.11094,-80.224501,,64.0
2025-12-13,12,2025,Leggett,Edgecombe,35.988278,-77.5843,,52.0
2025-12-13,12,2025,Mendenhall School,Guilford,36.1090060008986,-79.802314,,59.0
2025-12-13,12,2025,Millbrook School,Wake,35.856111,-78.574167,25.0,64.5
2025-12-13,12,2025,Old High School,Swain,35.498711,-83.310242,,27.0
2025-12-13,12,2025,Pitt Agri. Center,Pitt,35.6412760008938,-77.360126,,56.0
2025-12-13,12,2025,Rockwell,Rowan,35.551868,-80.395039,28.0,62.0
2025-12-13,12,2025,West Johnston Co.,Johnston,35.59095,-78.4622,,58.0
2025-12-14,12,2025,Bryson City,Swain,35.434767,-83.442133,,29.0
2025-12-14,12,2025,Castle Hayne,New Hanover,34.364167,-77.838611,,34.0
2025-12-14,12,2025,Clemmons Middle,Forsyth,36.026612,-80.341962,,48.0
2025-12-14,12,2025,Durham Armory,Durham,36.0329550008979,-78.904037,,40.5
2025-12-14,12,2025,Garinger High School,Mecklenburg,35.2401000008895,-80.785683,33.0,32.0
2025-12-14,12,2025,Hattie Avenue,Forsyth,36.11094,-80.224501,,39.0
2025-12-14,12,2025,Leggett,Edgecombe,35.988278,-77.5843,,41.0
2025-12-14,12,2025,Mendenhall School,Guilford,36.1090060008986,-79.802314,,40.0
2025-12-14,12,2025,Millbrook School,Wake,35.856111,-78.574167,33.0,51.0
2025-12-14,12,2025,Old High School,Swain,35.498711,-83.310242,,11.0
2025-12-14,12,2025,Pitt Agri. Center,Pitt,35.6412760008938,-77.360126,,33.0
2025-12-14,12,2025,Rockwell,Rowan,35.551868,-80.395039,35.0,44.0
2025-12-14,12,2025,West Johnston Co.,Johnston,35.59095,-78.4622,,31.0
2025-12-15,12,2025,Bryson City,Swain,35.434767,-83.442133,,45.0
2025-12-15,12,2025,Castle Hayne,New Hanover,34.364167,-77.838611,,28.5
2025-12-15,12,2025,Clemmons Middle,Forsyth,36.026612,-80.341962,,27.5
2025-12-15,12,2025,Durham Armory,Durham,36.0329550008979,-78.904037,,20.0
2025-12-15,12,2025,Garinger High School,Mecklenburg,35.2401000008895,-80.785683,27.0,29.5
2025-12-15,12,2025,Hattie Avenue,Forsyth,36.11094,-80.224501,,22.5
2025-12-15,12,2025,Leggett,Edgecombe,35.988278,-77.5843,,11.0
2025-12-15,12,2025,Mendenhall School,Guilford,36.1090060008986,-79.802314,,20.0
2025-12-15,12,2025,Millbrook School,Wake,35.856111,-78.574167,27.0,32.0
2025-12-15,12,2025,Old High School,Swain,35.498711,-83.310242,,10.5
2025-12-15,12,2025,Pitt Agri. Center,Pitt,35.6412760008938,-77.360126,,19.0
2025-12-15,12,2025,Rockwell,Rowan,35.551868,-80.395039,29.0,16.0
2025-12-15,12,2025,West Johnston Co.,Johnston,35.59095,-78.4622,,24.0
2025-12-16,12,2025,Bryson City,Swain,35.434767,-83.442133,,55.0
2025-12-16,12,2025,Castle Hayne,New Hanover,34.364167,-77.838611,,44.5
2025-12-16,12,2025,Clemmons Middle,Forsyth,36.026612,-80.341962,,55.0
2025-12-16,12,2025,Durham Armory,Durham,36.0329550008979,-78.904037,,44.5
2025-12-16,12,2025,Garinger High School,Mecklenburg,35.2401000008895,-80.785683,26.0,54.0
2025-12-16,12,2025,Hattie Avenue,Forsyth,36.11094,-80.224501,,52.0
2025-12-16,12,2025,Leggett,Edgecombe,35.988278,-77.5843,,42.0
2025-12-16,12,2025,Mendenhall School,Guilford,36.1090060008986,-79.802314,,46.0
2025-12-16,12,2025,Millbrook School,Wake,35.856111,-78.574167,26.0,50.5
2025-12-16,12,2025,Pitt Agri. Center,Pitt,35.6412760008938,-77.360126,,48.0
2025-12-16,12,2025,Rockwell,Rowan,35.551868,-80.395039,26.0,56.0
2025-12-16,12,2025,West Johnston Co.,Johnston,35.59095,-78.4622,,34.0
2025-12-17,12,2025,Bryson City,Swain,35.434767,-83.442133,,65.0
2025-12-17,12,2025,Castle Hayne,New Hanover,34.364167,-77.838611,,54.5
2025-12-17,12,2025,Clemmons Middle,Forsyth,36.026612,-80.341962,,69.0
2025-12-17,12,2025,Durham Armory,Durham,36.0329550008979,-78.904037,,59.0
2025-12-17,12,2025,Garinger High School,Mecklenburg,35.2401000008895,-80.785683,30.0,59.0
2025-12-17,12,2025,Hattie Avenue,Forsyth,36.11094,-80.224501,,78.0
2025-12-17,12,2025,Leggett,Edgecombe,35.988278,-77.5843,,51.0
2025-12-17,12,2025,Mendenhall School,Guilford,36.1090060008986,-79.802314,,61.0
2025-12-17,12,2025,Millbrook School,Wake,35.856111,-78.574167,27.0,67.0
2025-12-17,12,2025,Pitt Agri. Center,Pitt,35.6412760008938,-77.360126,,53.0
2025-12-17,12,2025,Rockwell,Rowan,35.551868,-80.395039,30.0,61.0
2025-12-17,12,2025,West Johnston Co.,Johnston,35.59095,-78.4622,,56.0
2025-12-18,12,2025,Bryson City,Swain,35.434767,-83.442133,,57.0
2025-12-18,12,2025,Castle Hayne,New Hanover,34.364167,-77.838611,,34.0
2025-12-18,12,2025,Clemmons Middle,Forsyth,36.026612,-80.341962,,76.0
2025-12-18,12,2025,Durham Armory,Durham,36.0329550008979,-78.904037,,60.5
2025-12-18,12,2025,Garinger High School,Mecklenburg,35.2401000008895,-80.785683,26.0,52.0
2025-12-18,12,2025,Hattie Avenue,Forsyth,36.11094,-80.224501,,69.5
2025-12-18,12,2025,Leggett,Edgecombe,35.988278,-77.5843,,54.0
2025-12-18,12,2025,Mendenhall School,Guilford,36.1090060008986,-79.802314,,63.0
2025-12-18,12,2025,Millbrook School,Wake,35.856111,-78.574167,26.0,61.0
2025-12-18,12,2025,Pitt Agri. Center,Pitt,35.6412760008938,-77.360126,,53.0
2025-12-18,12,2025,Rockwell,Rowan,35.551868,-80.395039,29.0,59.0
2025-12-18,12,2025,West Johnston Co.,Johnston,35.59095,-78.4622,,55.0
2025-12-19,12,2025,Bryson City,Swain,35.434767,-83.442133,,10.0
2025-12-19,12,2025,Castle Hayne,New Hanover,34.364167,-77.838611,,20.0
2025-12-19,12,2025,Clemmons Middle,Forsyth,36.026612,-80.341962,,14.0
2025-12-19,12,2025,Durham Armory,Durham,36.0329550008979,-78.904037,,11.0
2025-12-19,12,2025,Garinger High School,Mecklenburg,35.2401000008895,-80.785683,32.0,14.0
2025-12-19,12,2025,Hattie Avenue,Forsyth,36.11094,-80.224501,,14.0
2025-12-19,12,2025,Leggett,Edgecombe,35.988278,-77.5843,,7.0
2025-12-19,12,2025,Mendenhall School,Guilford,36.1090060008986,-79.802314,,7.0
2025-12-19,12,2025,Millbrook School,Wake,35.856111,-78.574167,35.0,14.0
2025-12-19,12,2025,Pitt Agri. Center,Pitt,35.6412760008938,-77.360126,,11.0
2025-12-19,12,2025,Rockwell,Rowan,35.551868,-80.395039,35.0,8.0
2025-12-19,12,2025,West Johnston Co.,Johnston,35.59095,-78.4622,,7.0
2025-12-20,12,2025,Bryson City,Swain,35.434767,-83.442133,,60.0
2025-12-20,12,2025,Castle Hayne,New Hanover,34.364167,-77.838611,,29.0
2025-12-20,12,2025,Clemmons Middle,Forsyth,36.026612,-80.341962,,27.0
2025-12-20,12,2025,Durham Armory,Durham,36.0329550008979,-78.904037,,31.0
2025-12-20,12,2025,Garinger High School,Mecklenburg,35.2401000008895,-80.785683,33.0,27.0
2025-12-20,12,2025,Hattie Avenue,Forsyth,36.11094,-80.224501,,23.0
2025-12-20,12,2025,Leggett,Edgecombe,35.988278,-77.5843,,23.0
2025-12-20,12,2025,Mendenhall School,Guilford,36.1090060008986,-79.802314,,26.0
2025-12-20,12,2025,Millbrook School,Wake,35.856111,-78.574167,30.0,30.0
2025-12-20,12,2025,Pitt Agri. Center,Pitt,35.6412760008938,-77.360126,,21.0
2025-12-20,12,2025,Rockwell,Rowan,35.551868,-80.395039,33.0,32.0
2025-12-20,12,2025,West Johnston Co.,Johnston,35.59095,-78.4622,,26.0
2025-12-21,12,2025,Bryson City,Swain,35.434767,-83.442133,,64.0
2025-12-21,12,2025,Castle Hayne,New Hanover,34.364167,-77.838611,,36.5
2025-12-21,12,2025,Clemmons Middle,Forsyth,36.026612,-80.341962,,42.0
2025-12-21,12,2025,Durham Armory,Durham,36.0329550008979,-78.904037,,29.0
2025-12-21,12,2025,Garinger High School,Mecklenburg,35.2401000008895,-80.785683,31.0,36.5
2025-12-21,12,2025,Hattie Avenue,Forsyth,36.11094,-80.224501,,31.0
2025-12-21,12,2025,Leggett,Edgecombe,35.988278,-77.5843,,23.0
2025-12-21,12,2025,Mendenhall School,Guilford,36.1090060008986,-79.802314,,34.0
2025-12-21,12,2025,Millbrook School,Wake,35.856111,-78.574167,33.0,31.0
2025-12-21,12,2025,Old High School,Swain,35.498711,-83.310242,,16.0
2025-12-21,12,2025,Pitt Agri. Center,Pitt,35.6412760008938,-77.360126,,26.0
2025-12-21,12,2025,Rockwell,Rowan,35.551868,-80.395039,32.0,47.0
2025-12-21,12,2025,West Johnston Co.,Johnston,35.59095,-78.4622,,30.0
2025-12-22,12,2025,Bryson City,Swain,35.434767,-83.442133,,76.0
2025-12-22,12,2025,Castle Hayne,New Hanover,34.364167,-77.838611,,23.0
2025-12-22,12,2025,Clemmons Middle,Forsyth,36.026612,-80.341962,,27.0
2025-12-22,12,2025,Durham Armory,Durham,36.0329550008979,-78.904037,,22.5
2025-12-22,12,2025,Garinger High School,Mecklenburg,35.2401000008895,-80.785683,34.0,23.0
2025-12-22,12,2025,Hattie Avenue,Forsyth,36.11094,-80.224501,,20.0
2025-12-22,12,2025,Leggett,Edgecombe,35.988278,-77.5843,,19.0
2025-12-22,12,2025,Mendenhall School,Guilford,36.1090060008986,-79.802314,,18.0
2025-12-22,12,2025,Millbrook School,Wake,35.856111,-78.574167,32.0,21.0
2025-12-22,12,2025,Pitt Agri. Center,Pitt,35.6412760008938,-77.360126,,18.0
2025-12-22,12,2025,Rockwell,Rowan,35.551868,-80.395039,33.0,28.0
2025-12-22,12,2025,West Johnston Co.,Johnston,35.59095,-78.4622,,21.0
2025-12-23,12,2025,Bryson City,Swain,35.434767,-83.442133,,71.0
2025-12-23,12,2025,Castle Hayne,New Hanover,34.364167,-77.838611,,36.0
2025-12-23,12,2025,Clemmons Middle,Forsyth,36.026612,-80.341962,,39.0
2025-12-23,12,2025,Durham Armory,Durham,36.0329550008979,-78.904037,,45.0
2025-12-23,12,2025,Garinger High School,Mecklenburg,35.2401000008895,-80.785683,37.0,33.0
2025-12-23,12,2025,Hattie Avenue,Forsyth,36.11094,-80.224501,,37.0
2025-12-23,12,2025,Leggett,Edgecombe,35.988278,-77.5843,,33.0
2025-12-23,12,2025,Mendenhall School,Guilford,36.1090060008986,-79.802314,,37.0
2025-12-23,12,2025,Millbrook School,Wake,35.856111,-78.574167,31.0,36.0
2025-12-23,12,2025,Pitt Agri. Center,Pitt,35.6412760008938,-77.360126,,31.0
2025-12-23,12,2025,Rockwell,Rowan,35.551868,-80.395039,38.0,49.0
2025-12-23,12,2025,West Johnston Co.,Johnston,35.59095,-78.4622,,50.0
2025-12-24,12,2025,Bryson City,Swain,35.434767,-83.442133,,68.0
2025-12-24,12,2025,Castle Hayne,New Hanover,34.364167,-77.838611,,53.0
2025-12-24,12,2025,Clemmons Middle,Forsyth,36.026612,-80.341962,,55.0
2025-12-24,12,2025,Durham Armory,Durham,36.0329550008979,-78.904037,,56.0
2025-12-24,12,2025,Garinger High School,Mecklenburg,35.2401000008895,-80.785683,30.0,59.0
2025-12-24,12,2025,Hattie Avenue,Forsyth,36.11094,-80.224501,,52.5
2025-12-24,12,2025,Leggett,Edgecombe,35.988278,-77.5843,,39.0
2025-12-24,12,2025,Mendenhall School,Guilford,36.1090060008986,-79.802314,,56.0
2025-12-24,12,2025,Millbrook School,Wake,35.856111,-78.574167,33.0,46.5
2025-12-24,12,2025,Old High School,Swain,35.498711,-83.310242,,48.0
2025-12-24,12,2025,Pitt Agri. Center,Pitt,35.6412760008938,-77.360126,,36.0
2025-12-24,12,2025,Rockwell,Rowan,35.551868,-80.395039,31.0,53.0
2025-12-24,12,2025,West Johnston Co.,Johnston,35.59095,-78.4622,,41.0
2025-12-25,12,2025,Bryson City,Swain,35.434767,-83.442133,,52.0
2025-12-25,12,2025,Castle Hayne,New Hanover,34.364167,-77.838611,,40.5
2025-12-25,12,2025,Clemmons Middle,Forsyth,36.026612,-80.341962,,55.0
2025-12-25,12,2025,Durham Armory,Durham,36.0329550008979,-78.904037,,61.5
2025-12-25,12,2025,Garinger High School,Mecklenburg,35.2401000008895,-80.785683,30.0,54.0
2025-12-25,12,2025,Hattie Avenue,Forsyth,36.11094,-80.224501,,54.0
2025-12-25,12,2025,Leggett,Edgecombe,35.988278,-77.5843,,38.0
2025-12-25,12,2025,Mendenhall School,Guilford,36.1090060008986,-79.802314,,63.0
2025-12-25,12,2025,Millbrook School,Wake,35.856111,-78.574167,26.0,58.0
2025-12-25,12,2025,Pitt Agri. Center,Pitt,35.6412760008938,-77.360126,,52.0
2025-12-25,12,2025,Rockwell,Rowan,35.551868,-80.395039,31.0,52.0
2025-12-25,12,2025,West Johnston Co.,Johnston,35.59095,-78.4622,,55.0
2025-12-26,12,2025,Bryson City,Swain,35.434767,-83.442133,,41.0
2025-12-26,12,2025,Castle Hayne,New Hanover,34.364167,-77.838611,,41.5
2025-12-26,12,2025,Clemmons Middle,Forsyth,36.026612,-80.341962,,45.0
2025-12-26,12,2025,Durham Armory,Durham,36.0329550008979,-78.904037,,31.5
2025-12-26,12,2025,Garinger High School,Mecklenburg,35.2401000008895,-80.785683,24.0,54.0
2025-12-26,12,2025,Hattie Avenue,Forsyth,36.11094,-80.224501,,43.0
2025-12-26,12,2025,Leggett,Edgecombe,35.988278,-77.5843,,22.0
2025-12-26,12,2025,Mendenhall School,Guilford,36.1090060008986,-79.802314,,35.0
2025-12-26,12,2025,Millbrook School,Wake,35.856111,-78.574167,30.0,38.0
2025-12-26,12,2025,Pitt Agri. Center,Pitt,35.6412760008938,-77.360126,,25.0
2025-12-26,12,2025,Rockwell,Rowan,35.551868,-80.395039,27.0,41.0
2025-12-26,12,2025,West Johnston Co.,Johnston,35.59095,-78.4622,,34.0
2025-12-27,12,2025,Bryson City,Swain,35.434767,-83.442133,,39.0
2025-12-27,12,2025,Castle Hayne,New Hanover,34.364167,-77.838611,,52.5
2025-12-27,12,2025,Clemmons Middle,Forsyth,36.026612,-80.341962,,51.0
2025-12-27,12,2025,Durham Armory,Durham,36.0329550008979,-78.904037,,45.5
2025-12-27,12,2025,Garinger High School,Mecklenburg,35.2401000008895,-80.785683,27.0,57.5
2025-12-27,12,2025,Hattie Avenue,Forsyth,36.11094,-80.224501,,50.0
2025-12-27,12,2025,Leggett,Edgecombe,35.988278,-77.5843,,28.0
2025-12-27,12,2025,Mendenhall School,Guilford,36.1090060008986,-79.802314,,51.0
2025-12-27,12,2025,Millbrook School,Wake,35.856111,-78.574167,24.0,51.5
2025-12-27,12,2025,Old High School,Swain,35.498711,-83.310242,,34.0
2025-12-27,12,2025,Pitt Agri. Center,Pitt,35.6412760008938,-77.360126,,30.0
2025-12-27,12,2025,Rockwell,Rowan,35.551868,-80.395039,31.0,51.0
2025-12-27,12,2025,West Johnston Co.,Johnston,35.59095,-78.4622,,41.0
2025-12-28,12,2025,Bryson City,Swain,35.434767,-83.442133,,56.0
2025-12-28,12,2025,Castle Hayne,New Hanover,34.364167,-77.838611,,27.5
2025-12-28,12,2025,Clemmons Middle,Forsyth,36.026612,-80.341962,,37.0
2025-12-28,12,2025,Durham Armory,Durham,36.0329550008979,-78.904037,,27.0
2025-12-28,12,2025,Garinger High School,Mecklenburg,35.2401000008895,-80.785683,17.0,45.0
2025-12-28,12,2025,Hattie Avenue,Forsyth,36.11094,-80.224501,,39.0
2025-12-28,12,2025,Leggett,Edgecombe,35.988278,-77.5843,,35.0
2025-12-28,12,2025,Mendenhall School,Guilford,36.1090060008986,-79.802314,,27.0
2025-12-28,12,2025,Millbrook School,Wake,35.856111,-78.574167,22.0,34.0
2025-12-28,12,2025,Pitt Agri. Center,Pitt,35.6412760008938,-77.360126,,31.0
2025-12-28,12,2025,Rockwell,Rowan,35.551868,-80.395039,19.0,39.0
2025-12-28,12,2025,West Johnston Co.,Johnston,35.59095,-78.4622,,34.0
2025-12-29,12,2025,Bryson City,Swain,35.434767,-83.442133,,12.0
2025-12-29,12,2025,Castle Hayne,New Hanover,34.364167,-77.838611,,32.0
2025-12-29,12,2025,Clemmons Middle,Forsyth,36.026612,-80.341962,,27.0
2025-12-29,12,2025,Durham Armory,Durham,36.0329550008979,-78.904037,,27.5
2025-12-29,12,2025,Garinger High School,Mecklenburg,35.2401000008895,-80.785683,30.0,24.0
2025-12-29,12,2025,Hattie Avenue,Forsyth,36.11094,-80.224501,,26.0
2025-12-29,12,2025,Leggett,Edgecombe,35.988278,-77.5843,,27.0
2025-12-29,12,2025,Mendenhall School,Guilford,36.1090060008986,-79.802314,,20.0
2025-12-29,12,2025,Millbrook School,Wake,35.856111,-78.574167,30.0,32.0
2025-12-29,12,2025,Pitt Agri. Center,Pitt,35.6412760008938,-77.360126,,69.0
2025-12-29,12,2025,Rockwell,Rowan,35.551868,-80.395039,31.0,22.0
2025-12-29,12,2025,West Johnston Co.,Johnston,35.59095,-78.4622,,21.0
2025-12-30,12,2025,Bryson City,Swain,35.434767,-83.442133,,12.0
2025-12-30,12,2025,Castle Hayne,New Hanover,34.364167,-77.838611,,30.0
2025-12-30,12,2025,Clemmons Middle,Forsyth,36.026612,-80.341962,,20.0
2025-12-30,12,2025,Durham Armory,Durham,36.0329550008979,-78.904037,,15.5
2025-12-30,12,2025,Garinger High School,Mecklenburg,35.2401000008895,-80.785683,27.0,17.5
2025-12-30,12,2025,Hattie Avenue,Forsyth,36.11094,-80.224501,,18.5
2025-12-30,12,2025,Leggett,Edgecombe,35.988278,-77.5843,,16.0
2025-12-30,12,2025,Mendenhall School,Guilford,36.1090060008986,-79.802314,,18.0
2025-12-30,12,2025,Millbrook School,Wake,35.856111,-78.574167,27.0,17.5
2025-12-30,12,2025,Pitt Agri. Center,Pitt,35.6412760008938,-77.360126,,11.0
2025-12-30,12,2025,Rockwell,Rowan,35.551868,-80.395039,30.0,9.0
2025-12-30,12,2025,West Johnston Co.,Johnston,35.59095,-78.4622,,21.0
2025-12-31,12,2025,Bryson City,Swain,35.434767,-83.442133,,22.0
2025-12-31,12,2025,Castle Hayne,New Hanover,34.364167,-77.838611,,35.0
2025-12-31,12,2025,Clemmons Middle,Forsyth,36.026612,-80.341962,,17.0
2025-12-31,12,2025,Durham Armory,Durham,36.0329550008979,-78.904037,,30.5
2025-12-31,12,2025,Garinger High School,Mecklenburg,35.2401000008895,-80.785683,34.0,31.0
2025-12-31,12,2025,Hattie Avenue,Forsyth,36.11094,-80.224501,,18.0
2025-12-31,12,2025,Leggett,Edgecombe,35.988278,-77.5843,,22.0
2025-12-31,12,2025,Mendenhall School,Guilford,36.1090060008986,-79.802314,,18.0
2025-12-31,12,2025,Millbrook School,Wake,35.856111,-78.574167,32.0,24.0
2025-12-31,12,2025,Pitt Agri. Center,Pitt,35.6412760008938,-77.360126,,23.0
2025-12-31,12,2025,Rockwell,Rowan,35.551868,-80.395039,35.0,21.0
2025-12-31,12,2025,West Johnston Co.,Johnston,35.59095,-78.4622,,25.0
